trace_id,span_id,timestamp,cmdb_id,duration_ms,baseline_n,baseline_median_ms,baseline_mad_ms,baseline_max_ms,excess_ms,mad_score,iforest_raw_score,iforest_score,source_record
328e653dddef2f29d419a46895d85d12,d520fc2d7fae1ee0,1647788971331,frontend-2,428.249,102,93.9525,6.612499999999997,6746.74,334.29650000000004,34.09950688090739,0.19000193831123763,0.19000193831123763,4524855
33ac121d12f9d81f70a93424c7312544,a717fe0b394499f4,1647788445308,frontend-0,0.929,207,0.181,0.015999999999999986,0.938,0.748,31.53287500000003,0.19029525895287686,0.19029525895287686,7572694
b431a0f605a0146ef932be1869a6abb3,f08d910325548265,1647789603075,frontend-0,100.889,1234,58.5025,1.5610000000000035,53318.439,42.3865,18.314986707238905,0.165089629210936,0.165089629210936,3005464
52c25a4319f7ba1b221480daa98e5c46,438d9115bb9584a8,1647788690897,frontend-0,0.575,207,0.181,0.015999999999999986,0.938,0.39399999999999996,16.609562500000013,0.165089629210936,0.165089629210936,7575139
ab70a13a3cbfd3200bf024b708485c0b,01c9f593f15df315,1647788402670,frontend-2,86.589,1234,58.5025,1.5610000000000035,53318.439,28.0865,12.13603090967326,0.1479568489672502,0.1479568489672502,9097084
e316271feb50bc5f50b1012a3b2ade85,c3250362eeede9c0,1647789621943,frontend-2,0.451,207,0.181,0.015999999999999986,0.938,0.27,11.38218750000001,0.13949988120803808,0.13949988120803808,9109887
b19ba0a3ee4ebdd66b62420507fabe34,1ec536b515095de2,1647788860814,frontend-0,83.087,1234,58.5025,1.5610000000000035,53318.439,24.584500000000006,10.622834881486206,0.13949988120803808,0.13949988120803808,6048518
cc322a181c9ad9b6d6393dd4d1a7b77f,d385142cd321fe69,1647789438885,frontend-2,97.075,362,67.275,2.0080000000000027,27147.171,29.799999999999997,10.010009960159348,0.13783180455391347,0.13783180455391347,4529992
35ed7f1e058ead5ddb3348cdf21e59df,93679dc2b559a0bd,1647789294963,frontend-2,81.644,1234,58.5025,1.5610000000000035,53318.439,23.141500000000008,9.9993220691864,0.13783180455391347,0.13783180455391347,4528422
35f4187d2e3da2232f09635d884a1f95,34f0223e6012bd42,1647789596340,frontend-2,0.414,207,0.181,0.015999999999999986,0.938,0.23299999999999998,9.822406250000007,0.13783180455391347,0.13783180455391347,3005369
9429da0e352d70610c247525703618b5,be697d83d22a9f72,1647788406495,frontend-2,79.862,1234,58.5025,1.5610000000000035,53318.439,21.359499999999997,9.229329115951291,0.13821687319079384,0.13821687319079384,4518994
ef00c52d317dd7bf697150bd1d96fe5b,03989a4694181900,1647789233450,frontend-2,170.401,102,93.9525,6.612499999999997,6746.74,76.44850000000001,7.7980360302457505,0.13328788968395017,0.13328788968395017,3001496
99831fe2b09b5fd2d9f47dc61d00eccc,64d6e951aef6cf7c,1647788604810,frontend-2,16.526,204,11.328,0.4504999999999999,16.977,5.198,7.782577136514986,0.13328788968395017,0.13328788968395017,7574330
b800f6dae4f0af1c49a905d45924dd83,7199c9005b42897f,1647788401443,frontend-0,74.822,1234,58.5025,1.5610000000000035,53318.439,16.319500000000005,7.051571268417668,0.12356692713797962,0.12356692713797962,2992749
65ce08750dd961659120994090e5075f,2ade8b899a3f2b3b,1647789781785,frontend-2,73.532,1234,58.5025,1.5610000000000035,53318.439,15.029499999999999,6.4941689622037,0.11492534283517736,0.11492534283517736,4533647
c67e0c33c7d5eeed3b2057a71264738a,331e709670d43a08,1647789823413,frontend-2,153.217,102,93.9525,6.612499999999997,6746.74,59.26450000000001,6.045203062381856,0.10792392172570348,0.10792392172570348,7587141
3fa1a7e8acfcc947efe42c36d6b36e24,6526c514ef1eaf19,1647788452004,frontend-0,15.295,204,11.328,0.4504999999999999,16.977,3.9670000000000005,5.939492785793565,0.10719500876696003,0.10719500876696003,4519531
6682c4cbcac33c45c96a9533c715c42e,53e7758a2755c085,1647789465526,frontend-0,148.886,102,93.9525,6.612499999999997,6746.74,54.933499999999995,5.6034246880907395,0.10223732888758347,0.10223732888758347,7583379
7166f34aba9bf5d8e968292c7d77d7dc,3727ba2d3d26aa5c,1647789838621,frontend-2,71.322,1234,58.5025,1.5610000000000035,53318.439,12.819500000000005,5.539239429852648,0.10223732888758347,0.10223732888758347,4534241
4d140f114156ee7a647d78d92c812346,f8225129bdc4e032,1647789001480,frontend-2,71.098,1234,58.5025,1.5610000000000035,53318.439,12.595500000000001,5.442450192184486,0.10187659528469745,0.10187659528469745,9103156
9623fb27ecd62f714f74904c65335237,ba82fbbbfcde778a,1647789358824,frontend-2,146.401,102,93.9525,6.612499999999997,6746.74,52.44850000000001,5.349945293005675,0.09658374139797016,0.09658374139797016,6053875
2f0502bee14fb4515ea616f2e260f301,d85545abea865671,1647790145217,frontend-0,146.055,102,93.9525,6.612499999999997,6746.74,52.102500000000006,5.31465198487713,0.09658374139797016,0.09658374139797016,7590517
98ead7c58f1cdd4fab6fffb7480c64a6,c77cd11e4a4dbfc9,1647789400679,frontend-0,0.306,207,0.181,0.015999999999999986,0.938,0.125,5.269531250000004,0.0958701632831816,0.0958701632831816,4529540
ec57c3296a611d9c0f69ce150c4d1008,8c77f9b06a7235d5,1647789579833,frontend-0,143.995,102,93.9525,6.612499999999997,6746.74,50.042500000000004,5.104524196597356,0.09487540547788514,0.09487540547788514,3005157
6a2b610cadd29db5aac45f6655c88f78,1b4e963b442bac9d,1647788644278,frontend-0,70.151,1234,58.5025,1.5610000000000035,53318.439,11.648499999999999,5.033256406149892,0.08817060628168533,0.08817060628168533,9099548
942bd85145894413f46e8bb78aced031,a232e3855ac5b04a,1647788783805,frontend-0,14.657,204,11.328,0.4504999999999999,16.977,3.3290000000000006,4.984263041065485,0.08530947588817411,0.08530947588817411,6047676
da822d9c607f935347ddeb472d7d0a76,fd68a83df0bd2146,1647789262498,frontend-0,0.298,207,0.181,0.015999999999999986,0.938,0.11699999999999999,4.932281250000004,0.08496019156532114,0.08496019156532114,4528093
8eaa603ca95a99d4042c3f15cebc84fc,63a7de0231f9dc4f,1647789025428,frontend-0,142.268,102,93.9525,6.612499999999997,6746.74,48.3155,4.9283636672967885,0.08496019156532114,0.08496019156532114,6050325
ac98a1c87efe8f319411137835697870,8b66fd887ba1043d,1647788814224,frontend-0,141.547,102,93.9525,6.612499999999997,6746.74,47.5945,4.854818941398867,0.08461114348353321,0.08461114348353321,9101207
5bb5f592937ca14b5416a74ad4e5a950,b0ef630b384cf8ca,1647789961377,frontend-2,69.721,1234,58.5025,1.5610000000000035,53318.439,11.218500000000006,4.847455637411907,0.08461114348353321,0.08461114348353321,9113368
209a50f659e901be5ac31b15b0c9057c,ed657a2393d0d4a2,1647789677735,frontend-2,140.626,102,93.9525,6.612499999999997,6746.74,46.673500000000004,4.76087345935728,0.08187872923315592,0.08187872923315592,3006182
afa359fd04d0190480342982b3ffa37d,0ad157713be313a9,1647789352823,frontend-2,140.187,102,93.9525,6.612499999999997,6746.74,46.23450000000001,4.716093799621931,0.07971711543622978,0.07971711543622978,9106917
5038571cf48d20fb1a0fa67e54690e11,b39ae7605f4a830a,1647789044317,frontend-2,140.154,102,93.9525,6.612499999999997,6746.74,46.201499999999996,4.7127276748582245,0.07971711543622978,0.07971711543622978,6050580
313583ca2862c54a29ced7cc9d605537,cb0eab3e5f26cb0d,1647789936241,frontend-2,139.055,102,93.9525,6.612499999999997,6746.74,45.102500000000006,4.600625519848774,0.07438470600908126,0.07438470600908126,9113085
52792f29944c62861d014aa23f839aed,c81a8a55a5fac827,1647788605191,frontend-2,80.921,362,67.275,2.0080000000000027,27147.171,13.646,4.583778386454177,0.0709598731591588,0.0709598731591588,2994958
b6534bbb909336854cb2f43cfa0af4e0,82d14905f7a9fe92,1647789953985,frontend-0,0.289,207,0.181,0.015999999999999986,0.938,0.10799999999999998,4.552875000000004,0.0709598731591588,0.0709598731591588,9113271
803370494ca1c22587099252b6c80852,e7301917dfbfe723,1647788439003,frontend-2,68.585,1234,58.5025,1.5610000000000035,53318.439,10.082499999999996,4.356595932094799,0.0688442688330691,0.0688442688330691,9097488
61110e4e5dffefea28604f183fe57a4b,e240b47c940704eb,1647788676730,frontend-0,135.891,102,93.9525,6.612499999999997,6746.74,41.93849999999999,4.277885557655956,0.06662820492691857,0.06662820492691857,4521814
a5511e46aa466001e0aa894fcf4cad10,560d1bf82eb94029,1647788409633,frontend-2,68.356,1234,58.5025,1.5610000000000035,53318.439,9.853499999999997,4.257646220371546,0.06561894054195311,0.06561894054195311,6043814
72b2e9f7c1a3551da97ed6dc32ebbc0d,6ad2293fc62f1a5c,1647790086265,frontend-2,68.243,1234,58.5025,1.5610000000000035,53318.439,9.740499999999997,4.208819506726447,0.06561894054195311,0.06561894054195311,4536907
bb2fb8c07382e7c7755b9d31ba26ab50,3f2c344caa35f485,1647788446344,frontend-0,0.279,207,0.181,0.015999999999999986,0.938,0.09800000000000003,4.131312500000004,0.06561894054195311,0.06561894054195311,4519457
270910cb80ffd02a61b046204a7c80c8,587ba07adc262e37,1647788762755,frontend-2,67.905,1234,58.5025,1.5610000000000035,53318.439,9.402500000000003,4.06277146060217,0.060920090164750196,0.060920090164750196,6047455
b098e92245b3461b11bf6db1d930f259,3f1081b493bf1105,1647789818332,frontend-2,79.299,362,67.275,2.0080000000000027,27147.171,12.024000000000001,4.038938247011947,0.060920090164750196,0.060920090164750196,3007658
91c36cd032c3cc774c0d4382b6cc1913,83e4d3e9353d9e55,1647788464268,frontend-2,67.723,1234,58.5025,1.5610000000000035,53318.439,9.220500000000001,3.9841302049967884,0.059590286542031856,0.059590286542031856,9097712
67fcf9ff19379b077274ebfa8ecbb3a0,ca23180f527031ea,1647789642327,frontend-2,13.926,204,11.328,0.4504999999999999,16.977,2.5980000000000008,3.889791342952277,0.05759448649719118,0.05759448649719118,7585259
e7cef45881ccb9d8d132251a860d9c96,c70b1a27430ab683,1647788807744,frontend-2,131.959,102,93.9525,6.612499999999997,6746.74,38.0065,3.8768066918714577,0.05627367093830826,0.05627367093830826,9101139
e583de36df5f86cebf820210b447a5c8,6dc462329accaf14,1647788748506,frontend-2,67.473,1234,58.5025,1.5610000000000035,53318.439,8.970500000000001,3.8761065022421444,0.05627367093830826,0.05627367093830826,2996303
f602420a35abb3c7dcef0420188259e3,b1ea990dd0cf312e,1647790097396,frontend-2,67.26,1234,58.5025,1.5610000000000035,53318.439,8.757500000000007,3.78407030749519,0.05627367093830826,0.05627367093830826,6061654
8f5b994a0c557647b6be9c060ce000b1,c8dde0041208662d,1647788915546,frontend-0,129.752,102,93.9525,6.612499999999997,6746.74,35.79950000000001,3.651684347826089,0.05226788070517718,0.05226788070517718,6049097
f40a7f497bd878c3db31e85e98ecca67,4efccb90ac4d4f9b,1647789841731,frontend-0,0.267,207,0.181,0.015999999999999986,0.938,0.08600000000000002,3.625437500000004,0.05226788070517718,0.05226788070517718,4534253
33e37556af7611689aab9933860944d8,a975f2b47062fd49,1647788540413,frontend-0,13.734,204,11.328,0.4504999999999999,16.977,2.4060000000000006,3.602324084350723,0.050087469300993004,0.050087469300993004,2994241
da98543d74efdbeda58a5c99b6d1ad6b,e2d280f4ee282361,1647789026842,frontend-2,128.764,102,93.9525,6.612499999999997,6746.74,34.81150000000001,3.550904612476373,0.050087469300993004,0.050087469300993004,4525468
cb57dbd276d6645a1aa338b0b3334817,220fb335f686d9cb,1647788904938,frontend-0,13.676,204,11.328,0.4504999999999999,16.977,2.3480000000000008,3.5154850166481704,0.047702776597437824,0.047702776597437824,2998005
718045e4f64b5c6f16280882048dfb91,d74a73bea7b4a9db,1647788449074,frontend-2,66.457,1234,58.5025,1.5610000000000035,53318.439,7.954499999999996,3.4370981742472675,0.04878180642057417,0.04878180642057417,6044259
1f4b94331dbbc71ab3b0e608ae79a1e5,35107315b06c94d7,1647789942740,frontend-2,127.093,102,93.9525,6.612499999999997,6746.74,33.1405,3.380456294896032,0.04271370248202999,0.04271370248202999,7588335
3618355db425d3e326134ded2b9b0689,83fcb4fe61dbf18e,1647788750107,frontend-2,13.565,204,11.328,0.4504999999999999,16.977,2.237,3.349293007769146,0.043081984873613866,0.043081984873613866,7575713
c01d50dbd6e66fd80d5e47b2daa867b1,39e0b7ec9c014f31,1647789020938,frontend-2,126.722,102,93.9525,6.612499999999997,6746.74,32.769499999999994,3.342612892249528,0.04153888236396519,0.04153888236396519,7578587
c73774f4003c8f28a795bda8e2318f60,0f1a4ef30af64d5b,1647788459070,frontend-2,66.207,1234,58.5025,1.5610000000000035,53318.439,7.704499999999996,3.3290744714926235,0.04153888236396519,0.04153888236396519,4519608
6dc11cfdb7296ea12ae968a1c007c75e,ea7407020eb78260,1647788821622,frontend-2,13.469,204,11.328,0.4504999999999999,16.977,2.141,3.205559378468369,0.032828055881159224,0.032828055881159224,7576452
448ea28daa1da86659680392afaeeca5,b4dfd8aa1bf2245d,1647789077739,frontend-2,76.816,362,67.275,2.0080000000000027,27147.171,9.540999999999997,3.2048827191235008,0.032828055881159224,0.032828055881159224,9104044
690527d08370f870cf0ec0832bb2dc58,78c06047878bec7b,1647789563548,frontend-0,13.468,204,11.328,0.4504999999999999,16.977,2.1400000000000006,3.2040621531631537,0.030241873332303215,0.030241873332303215,4531318
4ebd279647b46c7a6d4ae92725c24886,0c88bb9bb6754c45,1647789813733,frontend-2,125.159,102,93.9525,6.612499999999997,6746.74,31.206500000000005,3.1831809829867694,0.030554123462854965,0.030554123462854965,7587023
855ce467eac082d3714badbbadf2da6b,ad5914639c101a1e,1647790119327,frontend-2,13.449,204,11.328,0.4504999999999999,16.977,2.1210000000000004,3.1756148723640414,0.030554123462854965,0.030554123462854965,3010788
8cd300005ac470d863c9d49101136712,96b62439aabf6401,1647789397777,frontend-0,0.253,207,0.181,0.015999999999999986,0.938,0.07200000000000001,3.0352500000000027,0.01919346379591802,0.01919346379591802,4529507
41fffa2a04bf437bffd8a924cce4b218,9f976b046bb2bfbf,1647789850266,frontend-2,65.502,1234,58.5025,1.5610000000000035,53318.439,6.999499999999998,3.024447629724528,0.01919346379591802,0.01919346379591802,6059045
990d345ee97ecbb2391bd194ccb707c1,9ea6b66571fb80ba,1647789292977,frontend-2,65.464,1234,58.5025,1.5610000000000035,53318.439,6.961500000000001,3.0080280269058233,0.01919346379591802,0.01919346379591802,4528387
475bba21a2a7dd2af47abd4b42d4687c,0e6cc08e80cffb54,1647788439012,frontend-2,65.451,1234,58.5025,1.5610000000000035,53318.439,6.948499999999996,3.002410794362579,0.01888889753253431,0.01888889753253431,2993222
3a27c74788c60aaffd445f001a5b2e56,995a9a85888c38e8,1647789159641,frontend-2,123.154,102,93.9525,6.612499999999997,6746.74,29.201499999999996,2.9786634026465033,0.01919346379591802,0.01919346379591802,9104946
b44aca293fccca49baa63fc6ed25d415,7109f5cae69b6216,1647789901221,frontend-2,75.978,362,67.275,2.0080000000000027,27147.171,8.702999999999989,2.9233931772908286,0.012843994569622319,0.012843994569622319,4534829
caf8f14cfb8523b2e9b164bae481e10e,87ebcdb01244639a,1647789744639,frontend-2,13.269,204,11.328,0.4504999999999999,16.977,1.9410000000000007,2.906114317425085,0.008697497257269926,0.008697497257269926,4533315
cf2591ef2a4332ef5cbd64efe363fd4e,562cea65a9c3cdd3,1647790021632,frontend-0,65.126,1234,58.5025,1.5610000000000035,53318.439,6.623500000000007,2.861979980781547,0.009293035860388932,0.009293035860388932,6060807
bac3ac7a540bc1d763b59e4e5644f90b,0780a6be3bd4ea57,1647788541071,frontend-2,65.107,1234,58.5025,1.5610000000000035,53318.439,6.604500000000002,2.8537701793721912,0.008995165825516016,0.008995165825516016,4520435
6a9db23e7baab6a9fdd8043d69c4af2d,3700a2bb5e3319f0,1647790141491,frontend-2,13.221,204,11.328,0.4504999999999999,16.977,1.8930000000000007,2.834247502774696,0.007005951247674391,0.007005951247674391,3011065
c54216b2002359e09d2899d0b77cf284,10fac39e566d2343,1647789548083,frontend-2,64.97,1234,58.5025,1.5610000000000035,53318.439,6.467500000000001,2.7945731902626463,0.001710021703072162,0.001710021703072162,3004769
776f5d54b486262ea5adc0626f86ec72,5a8db69f413946df,1647789043581,frontend-0,75.398,362,67.275,2.0080000000000027,27147.171,8.12299999999999,2.7285674800796746,0.0010640908393512172,0.0010640908393512172,7578896
a5ca5c32cb8cae0710affb2562a4b55c,db9213ec5c7128b7,1647788941080,frontend-2,64.797,1234,58.5025,1.5610000000000035,53318.439,6.294499999999999,2.7198207879564316,0.0007717865130136281,0.0007717865130136281,4524563
1520b1a1ab5f8c5b7d846a31ece0c7f9,2910a134f476613f,1647788521832,frontend-2,64.758,1234,58.5025,1.5610000000000035,53318.439,6.255499999999998,2.702969090326707,-0.0019420654077497157,-0.0019420654077497157,4520248
0e6363a03a1755bd17e57b6ae0fb7b6d,a84781a2b7a1b0d5,1647788641652,frontend-2,35.723,310,30.455,1.3254999999999981,43849.491,5.268000000000001,2.680698604300268,-0.002617228948068817,-0.002617228948068817,6046277
3523f931e2d753f335fe134292137a04,5379aad3592e50c8,1647788575619,frontend-2,75.109,362,67.275,2.0080000000000027,27147.171,7.833999999999989,2.6314905378485984,-0.008086547052100213,-0.008086547052100213,4520824
ac2d2f51594565dccd72d01fda6ce651,ca9c6acb67731ead,1647789542314,frontend-2,75.043,362,67.275,2.0080000000000027,27147.171,7.768000000000001,2.6093207171314705,-0.008086547052100213,-0.008086547052100213,7584207
d384a04c32a47ecd4c024fc4ea5530e4,004bef99879535ca,1647788482510,frontend-2,35.568,310,30.455,1.3254999999999981,43849.491,5.1129999999999995,2.6018245944926477,-0.008086547052100213,-0.008086547052100213,9097921
5453e8ced6dcf7cc1b4ed57d2b786c1a,83e2a4fd4f640929,1647788707941,frontend-0,118.744,102,93.9525,6.612499999999997,6746.74,24.7915,2.52882672967864,-0.013063659787927118,-0.013063659787927118,7575296
90d8f989b4d2e33c826c76c99ad9fcd4,0ad892da23d22018,1647790142654,frontend-0,64.341,1234,58.5025,1.5610000000000035,53318.439,5.838499999999996,2.5227855541319593,-0.013063659787927118,-0.013063659787927118,6062186
c0ea52cd6ef89c377b5e86346521ad77,ced86469b933d1d4,1647788530491,frontend-2,64.29,1234,58.5025,1.5610000000000035,53318.439,5.7875000000000085,2.5007487187700175,-0.013063659787927118,-0.013063659787927118,9098412
8e2e4694be586be55218bb64b475a0d9,6a336f241cc40835,1647789173834,frontend-2,35.3,310,30.455,1.3254999999999981,43849.491,4.844999999999999,2.465448887212376,-0.013438831768190995,-0.013438831768190995,9105098
167b735fcb81d17c2e19e17637cdbfc7,b91ef64b63d49253,1647789546390,frontend-2,74.582,362,67.275,2.0080000000000027,27147.171,7.306999999999988,2.454467878486048,-0.013438831768190995,-0.013438831768190995,6055865
d0058aa292c444d1cb7a46282727a71d,20feb2acaf8202d6,1647788401770,frontend-0,65.239,147,58.031,1.9810000000000016,60000.328,7.2080000000000055,2.454213023725391,-0.013438831768190995,-0.013438831768190995,6043730
f4ded1b042129a0a64fd7c11131ab4ac,0fba889ad4fae71c,1647790180576,frontend-0,64.158,1234,58.5025,1.5610000000000035,53318.439,5.6555000000000035,2.443712203715563,-0.013438831768190995,-0.013438831768190995,6062585
8f26c4824b1bb114c6714071b6570540,956c5b3982e577e2,1647789730306,frontend-2,64.152,1234,58.5025,1.5610000000000035,53318.439,5.649500000000003,2.4411196348494513,-0.013438831768190995,-0.013438831768190995,3006799
4b1278b35b204dd0921ddefb9c976a87,9f5598e8bf59c478,1647788458202,frontend-2,64.137,1234,58.5025,1.5610000000000035,53318.439,5.634500000000003,2.4346382126841726,-0.013445519098547076,-0.013445519098547076,2993424
e2920bb32f5c93952771713615620a2f,490d8dd55d1ed376,1647788500700,frontend-2,64.061,1234,58.5025,1.5610000000000035,53318.439,5.558500000000009,2.4017990070467636,-0.017660450968491115,-0.017660450968491115,4520024
81336dfd73ef519c72f89a8a46512121,aa4383c2d86ddccc,1647788558271,frontend-2,65.064,147,58.031,1.9810000000000016,60000.328,7.032999999999994,2.3946282180716767,-0.01794009081087694,-0.01794009081087694,7573839
9e35ce19e46e687e8142871c20750eb6,79313b073fde30bf,1647788420762,frontend-2,64.043,1234,58.5025,1.5610000000000035,53318.439,5.540500000000009,2.3940213004484288,-0.01794009081087694,-0.01794009081087694,6043942
702836844896238257438ace5847f0b9,2d7e9fe995a12c85,1647789211246,frontend-2,117.411,102,93.9525,6.612499999999997,6746.74,23.4585,2.3928556899810975,-0.01794009081087694,-0.01794009081087694,9105469
b6c8ed0dc573c901f4301b5c0834092e,89e5b276956dd1b3,1647788626859,frontend-2,64.04,1234,58.5025,1.5610000000000035,53318.439,5.5375000000000085,2.392725016015373,-0.01794009081087694,-0.01794009081087694,4521302
f27c2cd3b1ad4e4bfed69704d0ed9b1e,5b463321d94b1519,1647788540618,frontend-2,64.027,1234,58.5025,1.5610000000000035,53318.439,5.524500000000003,2.3871077834721293,-0.01794009081087694,-0.01794009081087694,4520421
f653a8d002873dceff5af0658cf120b9,a62350d0faf89139,1647790160793,frontend-2,63.991,1234,58.5025,1.5610000000000035,53318.439,5.488500000000002,2.37155237027546,-0.01794009081087694,-0.01794009081087694,6062374
7d3bdba71bfe7865f5f9d6fbb5b0ed0c,b2a36621dab3ecb8,1647789281967,frontend-2,63.924,1234,58.5025,1.5610000000000035,53318.439,5.421500000000002,2.342602017937215,-0.01799806229256945,-0.01799806229256945,3002036
dd87640f7037a7277f54ee9a226e729e,3bae5c057ab5e456,1647790036948,frontend-0,116.903,102,93.9525,6.612499999999997,6746.74,22.950500000000005,2.341037769376183,-0.01799806229256945,-0.01799806229256945,3009922
6e8916710b1625b42f24b8e79e8bedec,8c7f0cd8e845a0fc,1647788446432,frontend-2,63.916,1234,58.5025,1.5610000000000035,53318.439,5.413499999999999,2.3391452594490656,-0.01799806229256945,-0.01799806229256945,2993286
3d3a7b2ee613e5440bad3e1dee6ef0c0,121072626559ff68,1647789422603,frontend-2,63.914,1234,58.5025,1.5610000000000035,53318.439,5.411500000000004,2.33828106982703,-0.01799806229256945,-0.01799806229256945,4529789
5c4769f26bc1fb1216dcc95ae470a082,680776b4b9c01871,1647789387180,frontend-2,74.168,362,67.275,2.0080000000000027,27147.171,6.893000000000001,2.3154026394422282,-0.017940090810876996,-0.017940090810876996,4529436
84203804f960139ae962ce8fd407ab62,cd56201ef796f779,1647789275950,frontend-2,116.453,102,93.9525,6.612499999999997,6746.74,22.500500000000002,2.295136068052931,-0.018447783876165302,-0.018447783876165302,6053012
044c02f17b186d8907135885a664e52c,c4350e01e0607ed8,1647789131818,frontend-0,12.86,204,11.328,0.4504999999999999,16.977,1.532,2.2937491675915656,-0.018447783876165302,-0.018447783876165302,3000378
1440c713a03eb57b0703148299f582a2,368837ab1caf274f,1647789896265,frontend-0,63.697,1234,58.5025,1.5610000000000035,53318.439,5.194500000000005,2.2445164958359993,-0.027691990813449974,-0.027691990813449974,4534778
0bbe07cb00053cc582a8a2a16ff339f5,0b487b818add6ada,1647788559807,frontend-2,63.689,1234,58.5025,1.5610000000000035,53318.439,5.186500000000002,2.24105973734785,-0.027691990813449974,-0.027691990813449974,7573875
2c85a2ff9b745f0c24ceafec300dfbd3,b9dfea64450db70d,1647789525902,frontend-2,63.675,1234,58.5025,1.5610000000000035,53318.439,5.172499999999999,2.235010409993589,-0.027691990813449974,-0.027691990813449974,7584039
ec618e1f72bdf0f6c5f800e6e8ada02e,2dbd55ecf7344f3c,1647788979683,frontend-0,0.234,207,0.181,0.015999999999999986,0.938,0.05300000000000002,2.2342812500000027,-0.027691990813449974,-0.027691990813449974,9102900
60dc5a6a0c931d0ccaa8950d68c919a2,ce4fec8ab513b8d0,1647789222077,frontend-0,12.817,204,11.328,0.4504999999999999,16.977,1.4890000000000008,2.22936847946726,-0.029169600129325512,-0.029169600129325512,3001384
ddfb5026a79230e4fca6dad160d8520b,74226eb89b91f79e,1647789437807,frontend-2,63.628,1234,58.5025,1.5610000000000035,53318.439,5.125500000000002,2.214701953875717,-0.030946282950131354,-0.030946282950131354,7583036
b15d7dfcc6a8bdbeaa67ddfb1efd36f5,3cacc87f86b20d0a,1647788565453,frontend-0,115.656,102,93.9525,6.612499999999997,6746.74,21.703500000000005,2.2138390548204177,-0.030946282950131354,-0.030946282950131354,4520709
dda926252b81cbbc4ebd133a7e26d11b,171713b95100ddc4,1647788401756,frontend-0,12.804,204,11.328,0.4504999999999999,16.977,1.4760000000000009,2.209904550499447,-0.030946282950131354,-0.030946282950131354,2992750
0480b1723c5d526a9bd8806071ea7e48,b2e1161ede25bc1d,1647789541681,frontend-2,63.595,1234,58.5025,1.5610000000000035,53318.439,5.092500000000001,2.200442825112103,-0.030946282950131354,-0.030946282950131354,4531078
b42e481373f266ab2a8f39cd443cc08d,e8db5e60a622fdd5,1647789262722,frontend-2,63.58,1234,58.5025,1.5610000000000035,53318.439,5.077500000000001,2.193961402946824,-0.030946282950131354,-0.030946282950131354,6052886
0cea92504b64c473cb6f99303d5c70d2,e2ecc922d78acde4,1647788865513,frontend-0,63.566,1234,58.5025,1.5610000000000035,53318.439,5.063500000000005,2.187912075592566,-0.03148740763239749,-0.03148740763239749,2997623
c4d4ea6bb2125e65f9f3c0667d911a9b,6dde543152d972fd,1647788822766,frontend-2,63.553,1234,58.5025,1.5610000000000035,53318.439,5.0504999999999995,2.182294843049322,-0.03148740763239749,-0.03148740763239749,9101298
dc21240bdfb1fa4d5f6db0907c851f33,cc697a388557e7a3,1647789807317,frontend-0,12.775,204,11.328,0.4504999999999999,16.977,1.447000000000001,2.1664850166481706,-0.03335982368121293,-0.03335982368121293,6058626
647d3d798ea1071ca05af395c4caeaca,f9bcc5d49c487917,1647788533970,frontend-0,63.511,1234,58.5025,1.5610000000000035,53318.439,5.008500000000005,2.1641468609865444,-0.03335982368121293,-0.03335982368121293,4520358
5ce275e60179e9c42b66b59194dbd273,15392a836a61f677,1647789001771,frontend-2,63.491,1234,58.5025,1.5610000000000035,53318.439,4.988500000000002,2.1555049647661715,-0.032821234416137934,-0.032821234416137934,7578397
8a3f56e9ce3940423bb329a176b5db75,3c1d07d33ccc94b4,1647788462228,frontend-2,73.653,362,67.275,2.0080000000000027,27147.171,6.378,2.1424108565737026,-0.032821234416137934,-0.032821234416137934,4519639
f82a23f76e6daf2a8803719997d4a10b,8e71abac91938827,1647789236457,frontend-2,63.38,1234,58.5025,1.5610000000000035,53318.439,4.877500000000005,2.1075424407431105,-0.0352489514737383,-0.0352489514737383,4527790
a99c6e23a47e7a4f1e92ac40ef0818ed,ec053aa5de73eb18,1647789842021,frontend-2,63.354,1234,58.5025,1.5610000000000035,53318.439,4.8515000000000015,2.096307975656626,-0.03619475782440196,-0.03619475782440196,6058951
1dd5bfdf09aaae2d823eda78f65e4687,0171c3f45a489fc1,1647790048964,frontend-2,63.339,1234,58.5025,1.5610000000000035,53318.439,4.836500000000001,2.0898265534913474,-0.03619475782440196,-0.03619475782440196,7589468
2517638a4bd9e1aaf8c8fd31aba1ab29,3bf2b82eb936b8d4,1647789117098,frontend-2,63.338,1234,58.5025,1.5610000000000035,53318.439,4.835500000000003,2.08939445868033,-0.03619475782440196,-0.03619475782440196,4526446
6b3d47a58c9894b10ae80a08b1f68412,aaefb32a8975d97c,1647788525426,frontend-2,63.271,1234,58.5025,1.5610000000000035,53318.439,4.768500000000003,2.060444106342085,-0.037074516400748714,-0.037074516400748714,7573541
1d1ff7a69eedbb32edde642c8f5c0cb6,52234ee3ee8c0b22,1647789220303,frontend-2,73.359,362,67.275,2.0080000000000027,27147.171,6.083999999999989,2.043654382470113,-0.03910175987939429,-0.03910175987939429,3001362
346907d2bc5372236803fff8454176ed,04c3093036614f30,1647788582632,frontend-0,0.229,207,0.181,0.015999999999999986,0.938,0.048000000000000015,2.023500000000002,-0.03821834856494688,-0.03821834856494688,6045651
2adf8a7ed6ff15e45c7bc5ba9df57cac,4176d12a26f5d235,1647789511958,frontend-0,0.229,207,0.181,0.015999999999999986,0.938,0.048000000000000015,2.023500000000002,-0.03821834856494688,-0.03821834856494688,7583894
01a45b7281c1d80c466714ef310fde7d,d897ff00dcda8331,1647790073257,frontend-0,0.229,207,0.181,0.015999999999999986,0.938,0.048000000000000015,2.023500000000002,-0.03821834856494688,-0.03821834856494688,7589731
4c27e0aa7ec716596d175df9934e9868,86c93a1697bc2cb3,1647788410837,frontend-0,63.182,1234,58.5025,1.5610000000000035,53318.439,4.679500000000004,2.021987668161432,-0.03821834856494688,-0.03821834856494688,2992872
911838fa6eb3ae4695e4bb327f710aa2,7df99c308b1d7139,1647789203014,frontend-2,12.678,204,11.328,0.4504999999999999,16.977,1.3500000000000014,2.021254162042178,-0.03821834856494688,-0.03821834856494688,3001185
f02306005c2cac709dc1a22cb24e83ac,83cf5cff56043f7b,1647789092723,frontend-2,63.165,1234,58.5025,1.5610000000000035,53318.439,4.662500000000001,2.0146420563741154,-0.03821834856494688,-0.03821834856494688,2999992
78221d1e000ff1238645c167590c49b9,ddcaab2a7f220be6,1647789336465,frontend-2,63.123,1234,58.5025,1.5610000000000035,53318.439,4.6205,1.9964940743113344,-0.0376311295209365,-0.0376311295209365,9106748
82612192e9a7e69a96772840c9b73549,0434a81195469915,1647788865217,frontend-2,0.228,207,0.181,0.015999999999999986,0.938,0.047000000000000014,1.9813437500000022,-0.0376311295209365,-0.0376311295209365,9101744
1ca8b220bcea17d755c34d27eaeca2db,72d8925b7d56d7e9,1647789385161,frontend-2,63.071,1234,58.5025,1.5610000000000035,53318.439,4.5685,1.9740251441383685,-0.03740433416483441,-0.03740433416483441,3003059
9e272a2f4615aea98d857cd6c94a19cb,15076ab83ea9cc16,1647789002140,frontend-0,12.644,204,11.328,0.4504999999999999,16.977,1.3160000000000007,1.9703485016648183,-0.038847355664478445,-0.038847355664478445,4525189
1c30e3646ca4d8a008d4cbc807761d29,0cc6ab26ec5b955a,1647789704193,frontend-0,73.127,362,67.275,2.0080000000000027,27147.171,5.85199999999999,1.9657241035856512,-0.03946446012849991,-0.03946446012849991,7585940
2ffb8621ae449bccc4b1dfa903de1a3c,0eea40df7dd6a6ec,1647789002153,frontend-0,73.101,362,67.275,2.0080000000000027,27147.171,5.825999999999993,1.9569905378486008,-0.03914439197986086,-0.03914439197986086,4525196
da217d660f81686c82f56cabb6bc1c14,39a15cf063ef82e2,1647788427800,frontend-2,73.093,362,67.275,2.0080000000000027,27147.171,5.817999999999998,1.9543032868525863,-0.03986153271164694,-0.03986153271164694,4519254
6513e3e175ff5a462b43dc6d57302f43,c760fe49a70df813,1647788550305,frontend-2,34.295,310,30.455,1.3254999999999981,43849.491,3.8400000000000034,1.9540399849113586,-0.03986153271164694,-0.03986153271164694,2994351
ee3ca73a6bfb23cbd4564f2e95ae29a7,71541344d7f945d9,1647788405419,frontend-2,12.629,204,11.328,0.4504999999999999,16.977,1.3010000000000002,1.947890122086571,-0.03986153271164694,-0.03986153271164694,7572293
55ab66893366c9d682d5265bd5ef5e65,eb9510174fc6b14b,1647788715782,frontend-2,63.008,1234,58.5025,1.5610000000000035,53318.439,4.505500000000005,1.9468031710442002,-0.03986153271164694,-0.03986153271164694,2996013
9d0892742bd50d1eba932727f28fdd37,4b4e752031e9f023,1647788404558,frontend-2,62.998,1234,58.5025,1.5610000000000035,53318.439,4.4955,1.942482222934012,-0.03986153271164694,-0.03986153271164694,9097095
7bdfcc93fa470689aa3f72dcff026eac,dfecc53b9bb62bbc,1647790022265,frontend-2,12.624,204,11.328,0.4504999999999999,16.977,1.2960000000000012,1.9404039955604904,-0.03986153271164694,-0.03986153271164694,3009712
2e2adc3160411934a0b9fa2761337606,3c3494aa949fbaee,1647788670355,frontend-2,62.951,1234,58.5025,1.5610000000000035,53318.439,4.448500000000003,1.9221737668161403,-0.04012615668628361,-0.04012615668628361,7574958
ee7fe28d2c91bdef63fce437de6036b5,a063984983981441,1647789168348,frontend-0,62.935,1234,58.5025,1.5610000000000035,53318.439,4.4325000000000045,1.915260249839844,-0.04012615668628361,-0.04012615668628361,7580264
81afbc6c72d8ac5c0aacd2394918654f,94c3dfa5c7e11b02,1647788672926,frontend-2,62.904,1234,58.5025,1.5610000000000035,53318.439,4.401500000000006,1.9018653106982686,-0.04128920795571006,-0.04128920795571006,7574970
07e78c5793aabee4ed270f55469adc2f,ef3f6e807ea204db,1647788482614,frontend-0,62.878,1234,58.5025,1.5610000000000035,53318.439,4.375500000000002,1.890630845611784,-0.04092516655487205,-0.04092516655487205,4519840
dd4f207c1458b0e0f9ddb795c0b00f6c,142250fd3ec7aad3,1647788480883,frontend-0,62.877,1234,58.5025,1.5610000000000035,53318.439,4.374500000000005,1.8901987508007665,-0.04092516655487205,-0.04092516655487205,9097892
468c6f375bb2e94490a80894eb0521fe,e2a7a7db587c3a2b,1647789255590,frontend-2,62.874,1234,58.5025,1.5610000000000035,53318.439,4.371500000000005,1.8889024663677108,-0.04092516655487205,-0.04092516655487205,7581177
74b040150f3ae6a88836bd46e9a54ebb,9911e253dc93b790,1647789006552,frontend-2,12.574,204,11.328,0.4504999999999999,16.977,1.2460000000000004,1.865542730299668,-0.042328215404831726,-0.042328215404831726,7578447
d409a601c253a2867c7d46099373157b,9dbc1342a478e98f,1647790022442,frontend-2,62.816,1234,58.5025,1.5610000000000035,53318.439,4.313500000000005,1.8638409673286334,-0.042328215404831726,-0.042328215404831726,9114016
5fb09c38dad8a22b038e26d6cc2c730e,989645e1676f4ffc,1647788718415,frontend-2,62.783,1234,58.5025,1.5610000000000035,53318.439,4.2805000000000035,1.8495818385650198,-0.04383735444733944,-0.04383735444733944,7575396
66158453882f0bae0c15a7e0ebcb43d3,52895d671d0ee22d,1647789302168,frontend-2,62.771,1234,58.5025,1.5610000000000035,53318.439,4.268500000000003,1.8443967008327968,-0.043575242267947734,-0.043575242267947734,4528487
ef41bda7263c5521dcac45af21b1a5bc,96207023710ec108,1647789246474,frontend-2,72.743,362,67.275,2.0080000000000027,27147.171,5.467999999999989,1.8367360557768864,-0.043575242267947734,-0.043575242267947734,9105874
b5db7c08f14768b52892e10dd29668ce,8b08bbf9ee6970f8,1647789011893,frontend-2,12.549,204,11.328,0.4504999999999999,16.977,1.221,1.8281120976692569,-0.045062122607439636,-0.045062122607439636,2999122
d3b554101f2e6a9fad25a61e3bd4c10d,67f79807dc9ab7eb,1647789756547,frontend-2,12.542,204,11.328,0.4504999999999999,16.977,1.2140000000000004,1.8176315205327422,-0.04606684561085145,-0.04606684561085145,6058063
0d0f310c007afda7d26f426aa15fb9c6,791c8fa8f9eddef8,1647789751576,frontend-0,62.706,1234,58.5025,1.5610000000000035,53318.439,4.203500000000005,1.8163105381165903,-0.04606684561085145,-0.04606684561085145,3007002
bf9bdfb436a2fcbcfd4a43115eb11717,5a0f7829af069a56,1647788487444,frontend-2,62.703,1234,58.5025,1.5610000000000035,53318.439,4.200500000000005,1.8150142536835343,-0.045627919311089504,-0.045627919311089504,6044661
c4f04e55350f06c52813e3c7e70c83bf,c1ab45a13d4a1011,1647788546683,frontend-2,62.681,1234,58.5025,1.5610000000000035,53318.439,4.1785,1.8055081678411231,-0.045627919311089504,-0.045627919311089504,6045270
ef168112a38a9b98c880c23f23ee9a88,a9056a01a8211c9e,1647788425183,frontend-2,62.664,1234,58.5025,1.5610000000000035,53318.439,4.161500000000004,1.7981625560538093,-0.04483850396365452,-0.04483850396365452,4519219
fa43d34f3440e818a8bef68cb54f3528,5ff873c8b8666ad5,1647789421675,frontend-2,62.66,1234,58.5025,1.5610000000000035,53318.439,4.157499999999999,1.7964341768097327,-0.04483850396365452,-0.04483850396365452,7582852
195ce2f289ac3ae9220697d80b716fd5,13a23d7055f248d2,1647789426039,frontend-0,62.653,1234,58.5025,1.5610000000000035,53318.439,4.150500000000001,1.7934095131326038,-0.04509976172654645,-0.04509976172654645,4529825
6f74bbfe39d6afcc7a1994146edd9f99,9a86761f732c9484,1647788611274,frontend-2,72.612,362,67.275,2.0080000000000027,27147.171,5.336999999999989,1.7927323207171253,-0.04509976172654645,-0.04509976172654645,7574391
f943c2635bec0c0f13d932485970b19e,e4c2d9453e4ed6f4,1647788937910,frontend-2,12.525,204,11.328,0.4504999999999999,16.977,1.197000000000001,1.792178690344064,-0.04509976172654645,-0.04509976172654645,2998389
909afc003245d707d227eaf851ac283d,d36306f4f77578ea,1647789817396,frontend-0,72.598,362,67.275,2.0080000000000027,27147.171,5.322999999999993,1.788029631474099,-0.04483850396365452,-0.04483850396365452,9111893
88588aa6f689274dfcf5e1a64852b180,c86e82de3ac172b4,1647789195101,frontend-2,72.565,362,67.275,2.0080000000000027,27147.171,5.289999999999992,1.776944721115533,-0.04483850396365452,-0.04483850396365452,3001122
77a98e8f460dcdfd508fe12f39821b41,ba9c6bb22d21b878,1647788725846,frontend-2,62.612,1234,58.5025,1.5610000000000035,53318.439,4.109500000000004,1.7756936258808433,-0.04483850396365452,-0.04483850396365452,6047092
d76974c384f8311e237c865b58d6e178,104015fae5c44ec0,1647790169156,frontend-2,62.605,1234,58.5025,1.5610000000000035,53318.439,4.102499999999999,1.772668962203711,-0.043651338319753985,-0.043651338319753985,4537834
b4d1213dc04f73fd86afae55cf5e9582,72584aaff4b1e1a6,1647790099175,frontend-0,0.223,207,0.181,0.015999999999999986,0.938,0.04200000000000001,1.770562500000002,-0.043651338319753985,-0.043651338319753985,6061659
afeb1ec6276e81b6a66d46ddd5b23380,bc16a24a49657dbc,1647788838984,frontend-2,72.543,362,67.275,2.0080000000000027,27147.171,5.268000000000001,1.7695547808764918,-0.043651338319753985,-0.043651338319753985,9101501
709078778e18e3168cb99f0e1c82b968,8441dcb83165d11e,1647788444272,frontend-0,33.928,310,30.455,1.3254999999999981,43849.491,3.472999999999999,1.7672866842700887,-0.046570007164904226,-0.046570007164904226,4519439
128840064310bd1fc82c51f562a54cdd,f971e68d9fd93397,1647788440368,frontend-2,62.59,1234,58.5025,1.5610000000000035,53318.439,4.087500000000006,1.7661875400384355,-0.046570007164904226,-0.046570007164904226,4519412
ed4060d791b1bab8a8c7f6810440350c,00bb806d584b9ce9,1647789798828,frontend-0,62.552,1234,58.5025,1.5610000000000035,53318.439,4.049500000000002,1.7497679372197277,-0.046494387682259386,-0.046494387682259386,9111707
ebad84c7fa41cedceec2c7e92a1fe18b,ee6bcb5d2cb8dc6b,1647789022249,frontend-0,62.524,1234,58.5025,1.5610000000000035,53318.439,4.021500000000003,1.7376692825112083,-0.04622791147859778,-0.04622791147859778,2999245
293eee74ff5f6a47c2bc02d8423974e5,0a063e0b62aa2d7d,1647789782001,frontend-0,62.522,1234,58.5025,1.5610000000000035,53318.439,4.019500000000001,1.73680509288917,-0.04622791147859778,-0.04622791147859778,6058361
5da07c03e2b9a4dcb2c3ac0bba3a72e0,d44f870a93aff01a,1647790151716,frontend-2,72.435,362,67.275,2.0080000000000027,27147.171,5.159999999999997,1.7332768924302755,-0.04845117030064777,-0.04845117030064777,4537671
3128eda99d9095ce28ef309eb501a92a,a03f2ebac04a3d6e,1647788862062,frontend-2,62.49,1234,58.5025,1.5610000000000035,53318.439,3.9875000000000043,1.722978058936577,-0.04845117030064777,-0.04845117030064777,2997571
93ce73a44a5348ae6bdda97017f82c21,f50f4fcf196a78d4,1647789856815,frontend-2,62.49,1234,58.5025,1.5610000000000035,53318.439,3.9875000000000043,1.722978058936577,-0.04845117030064777,-0.04845117030064777,9112294
ad9d16003e99bba5d537356ed2f68e2c,91f2ad3f26543ada,1647788885197,frontend-0,62.487,1234,58.5025,1.5610000000000035,53318.439,3.984500000000004,1.7216817745035211,-0.04845117030064777,-0.04845117030064777,4523911
38323c0f47acb5bffd69c2a0e17b90c4,e932eb6207c0617d,1647790081400,frontend-0,62.467,1234,58.5025,1.5610000000000035,53318.439,3.964500000000001,1.7130398782831484,-0.04845117030064777,-0.04845117030064777,4536858
557d47ef08da66797f490e8fac7e8fb6,f21dae2a8a539668,1647789058414,frontend-2,62.465,1234,58.5025,1.5610000000000035,53318.439,3.9625000000000057,1.7121756886611132,-0.04845117030064777,-0.04845117030064777,7579023
553c6acbdc74ffa98b2a43af4762487d,c5578f2f984d8edf,1647789781240,frontend-0,72.367,362,67.275,2.0080000000000027,27147.171,5.091999999999999,1.7104352589641407,-0.04845117030064777,-0.04845117030064777,6058334
449478fa0c8ec7a71f664fe383dc045f,d18869548d5d18b6,1647789261804,frontend-2,72.31,362,67.275,2.0080000000000027,27147.171,5.034999999999997,1.6912885956175265,-0.04893026731470734,-0.04893026731470734,4528098
75ffbb2d60fd1b2b3e3464d3695ab5f8,273aba36ac487da5,1647789018768,frontend-2,72.285,362,67.275,2.0080000000000027,27147.171,5.009999999999991,1.6828909362549749,-0.04862709179900354,-0.04862709179900354,6050218
56aa731afda6e00e6b6fd85112e9deb6,f4252c98b6659575,1647789884852,frontend-0,62.391,1234,58.5025,1.5610000000000035,53318.439,3.8885000000000005,1.6802006726457364,-0.04862709179900354,-0.04862709179900354,4534676
a9f70aaff03d57bc4277daafecc0d924,253d7b20e5505489,1647789121693,frontend-0,62.964,147,58.031,1.9810000000000016,60000.328,4.933,1.6796105502271566,-0.04862709179900354,-0.04862709179900354,3000283
b930ac1a0861b6b7a476d97f6b4d28a7,3751c329142714b2,1647789953012,frontend-0,62.382,1234,58.5025,1.5610000000000035,53318.439,3.8795,1.676311819346569,-0.04862709179900354,-0.04862709179900354,4535410
e254eb35d0e3125dcb6a2337796ef6dd,45847e62af46fb3a,1647789622608,frontend-2,62.378,1234,58.5025,1.5610000000000035,53318.439,3.8755000000000024,1.6745834401024957,-0.049105968555720636,-0.049105968555720636,4531955
18a7a5c82024edff426eeec5cfb85bda,11516d3bf58922c8,1647789933612,frontend-2,62.378,1234,58.5025,1.5610000000000035,53318.439,3.8755000000000024,1.6745834401024957,-0.049105968555720636,-0.049105968555720636,4535205
50b30dd05256984e67512d3313e3c938,802109175eb637cc,1647789121680,frontend-0,12.442,204,11.328,0.4504999999999999,16.977,1.1140000000000008,1.6679089900111004,-0.0509310945176667,-0.0509310945176667,7579697
381b86e5e6bd0d06394f1b5657dd1c9c,c62accc48727f415,1647788445309,frontend-0,33.717,310,30.455,1.3254999999999981,43849.491,3.2620000000000005,1.6599162580158455,-0.05115095346682452,-0.05115095346682452,2993269
d90af1399305ee6d99e50024dce46465,de83969106876efa,1647788791250,frontend-2,110.19,102,93.9525,6.612499999999997,6746.74,16.237499999999997,1.656286389413989,-0.05115095346682452,-0.05115095346682452,7576129
53120a9ede449663229cc6bd79102902,88e2aaf2bc8677bf,1647789594304,frontend-2,33.697,310,30.455,1.3254999999999981,43849.491,3.2420000000000044,1.6497389664277675,-0.05045450572085075,-0.05045450572085075,9109576
1552e81bb6644f0088865b76ecd6d461,a82ac3b0a629cd97,1647788887262,frontend-2,12.428,204,11.328,0.4504999999999999,16.977,1.1000000000000014,1.6469478357380714,-0.05045450572085075,-0.05045450572085075,6048778
3ca02df0909f2bd9c59ca363d52a3628,38cb9ef6478130ec,1647788540197,frontend-2,62.307,1234,58.5025,1.5610000000000035,53318.439,3.8045000000000044,1.6439047085201777,-0.05045450572085075,-0.05045450572085075,4520416
adf0cc706844e9e86a560fa89b8f0e73,e0585d2a200206d8,1647789983221,frontend-0,62.278,1234,58.5025,1.5610000000000035,53318.439,3.775500000000001,1.6313739590006373,-0.04924326522167316,-0.04924326522167316,9113582
ba09164f9bf8a8ff10c4775bab77e47d,d6e9161b715547bd,1647789394304,frontend-2,62.256,1234,58.5025,1.5610000000000035,53318.439,3.7535000000000025,1.6218678731582292,-0.04876456057870199,-0.04876456057870199,9107380
ce8112042479677034f7530eff85f6cf,8fa15be8b8b81e9a,1647788473197,frontend-2,62.253,1234,58.5025,1.5610000000000035,53318.439,3.7505000000000024,1.6205715887251735,-0.04876456057870199,-0.04876456057870199,9097810
ca967505a06b62c9605e780ae6e58ed2,012e9d0c197f4b34,1647789428668,frontend-2,62.246,1234,58.5025,1.5610000000000035,53318.439,3.7435000000000045,1.6175469250480443,-0.04876456057870199,-0.04876456057870199,9107728
01ad9e252a738a2fe8de40aa1c84b8d0,f73b56df25033a6b,1647789902706,frontend-2,62.238,1234,58.5025,1.5610000000000035,53318.439,3.735500000000002,1.6140901665598948,-0.04709394773280001,-0.04709394773280001,7587902
c0601f28e98bf3bb5b61e397cf55b73d,5cf4a9caea9e9de3,1647789591903,frontend-2,62.234,1234,58.5025,1.5610000000000035,53318.439,3.731500000000004,1.6123617873158211,-0.04709394773280001,-0.04709394773280001,4531638
d6321d90c3b6e42d838107b35fa6a148,9deb5dff19255a38,1647789612295,frontend-0,62.225,1234,58.5025,1.5610000000000035,53318.439,3.7225000000000037,1.608472934016654,-0.04709394773280001,-0.04709394773280001,6056592
add018eb9b482d380afee731a9ed6c26,fec3dbcfa3c8d2b3,1647789660498,frontend-2,62.219,1234,58.5025,1.5610000000000035,53318.439,3.7165000000000035,1.6058803651505424,-0.04709394773280001,-0.04709394773280001,3006025
10ee670d28c22f26c37ce8da7c2b60a3,b69a6cd1b9b910b1,1647789621945,frontend-2,33.605,310,30.455,1.3254999999999981,43849.491,3.1499999999999986,1.6029234251225968,-0.04709394773280001,-0.04709394773280001,7585073
67bc11187dc194c8c5dc058f48802ec8,e2e0f519500fd13e,1647789590011,frontend-0,0.219,207,0.181,0.015999999999999986,0.938,0.038000000000000006,1.6019375000000016,-0.04709394773280001,-0.04709394773280001,7584736
d826faf3753c3ce1e2d8757470aef4b3,8cff989052c62d73,1647789197641,frontend-0,62.209,1234,58.5025,1.5610000000000035,53318.439,3.7065000000000055,1.6015594170403575,-0.04709394773280001,-0.04709394773280001,6052222
961fc69734c0ea0087a1d7132f30af03,523e8f00cc1969cf,1647789851667,frontend-2,62.209,1234,58.5025,1.5610000000000035,53318.439,3.7065000000000055,1.6015594170403575,-0.04709394773280001,-0.04709394773280001,7587405
b137a68ebd4581583d26e46467c42b6e,8b542be066ffb7a0,1647788965977,frontend-2,62.202,1234,58.5025,1.5610000000000035,53318.439,3.6995000000000005,1.5985347533632253,-0.04709394773280001,-0.04709394773280001,9102770
2cbb5a6ae6fbbeadf4af90eb8fc9d9c8,57acd32e821b34a0,1647789155634,frontend-2,62.196,1234,58.5025,1.5610000000000035,53318.439,3.6935000000000002,1.5959421844971138,-0.04683403966541089,-0.04683403966541089,9104904
8c0842880168c2935ee76db14d3018bd,d54c683f947bf359,1647788542160,frontend-2,109.547,102,93.9525,6.612499999999997,6746.74,15.594499999999996,1.5906979584120986,-0.04683403966541089,-0.04683403966541089,6045222
0777b2b17302e29e50ab93fd1fe3a9b5,51701a826e7cee09,1647790147782,frontend-2,62.183,1234,58.5025,1.5610000000000035,53318.439,3.680500000000002,1.5903249519538731,-0.04683403966541089,-0.04683403966541089,9115467
8fee9d276f838938c418a29c7edc12c2,18239d66285caf30,1647788732700,frontend-2,72.008,362,67.275,2.0080000000000027,27147.171,4.73299999999999,1.589844870517923,-0.04683403966541089,-0.04683403966541089,6047148
6d6fc2e547245ee2598c8b3028d19d6d,fd1c2dcc38e3722d,1647788827078,frontend-0,72.007,362,67.275,2.0080000000000027,27147.171,4.731999999999999,1.589508964143424,-0.04683403966541089,-0.04683403966541089,6048165
9bbcd238ac94f52bc2641476cbd7ca45,65784ff8c03670aa,1647789044227,frontend-2,62.18,1234,58.5025,1.5610000000000035,53318.439,3.677500000000002,1.5890286675208172,-0.04683403966541089,-0.04683403966541089,9103646
e17ef6f822203410eb783ca1f32b5356,8530d8c0ad4bfd63,1647789040164,frontend-2,62.175,1234,58.5025,1.5610000000000035,53318.439,3.6724999999999994,1.5868681934657234,-0.04683403966541089,-0.04683403966541089,6050511
43aa9b0e7bb9a053024e8a489008c8cc,ffe953f34ec38b48,1647789622210,frontend-2,62.174,1234,58.5025,1.5610000000000035,53318.439,3.6715000000000018,1.5864360986547057,-0.04683403966541089,-0.04683403966541089,4531947
d49052d020343bd76f319bf7c7ce9c51,901e6db35ca790e8,1647790124238,frontend-2,62.172,1234,58.5025,1.5610000000000035,53318.439,3.6694999999999993,1.5855719090326676,-0.04683403966541089,-0.04683403966541089,3010852
33ca31cc83b06857aedae288961ff351,101d5f63c584a443,1647788448002,frontend-2,33.57,310,30.455,1.3254999999999981,43849.491,3.115000000000002,1.5851131648434587,-0.04683403966541089,-0.04683403966541089,9097572
916a95a875bd3d3d2f39cd221fb90866,748e3ff109bd3f8e,1647789343257,frontend-0,109.434,102,93.9525,6.612499999999997,6746.74,15.481499999999997,1.5791715311909267,-0.04779654395617727,-0.04779654395617727,6053685
1c5f7c40956db97e2caf938fb5b0e077,1beb81a7a9c5bc63,1647788534096,frontend-2,62.634,147,58.031,1.9810000000000016,60000.328,4.6030000000000015,1.5672506309944463,-0.04747617660293019,-0.04747617660293019,7573644
a8bf1e15798b51648627c2e8dd0ece59,5f6b5434da07d3c2,1647789242466,frontend-2,62.122,1234,58.5025,1.5610000000000035,53318.439,3.619500000000002,1.5639671684817398,-0.04747617660293019,-0.04747617660293019,6052656
df489f5605467202e4400d304f689082,ee522d72c568a9b9,1647789023098,frontend-2,62.109,1234,58.5025,1.5610000000000035,53318.439,3.606500000000004,1.5583499359384994,-0.04747617660293019,-0.04747617660293019,2999253
825347f1a5cf40816b3031847cba7190,1374ab44fae74c3a,1647788778341,frontend-2,62.598,147,58.031,1.9810000000000016,60000.328,4.567,1.5549931852599685,-0.050047952560060616,-0.050047952560060616,9100795
0c4116923df7997a2d0c59d9bf1860bf,bc2dac66c6114622,1647790121421,frontend-2,62.091,1234,58.5025,1.5610000000000035,53318.439,3.5885000000000034,1.5505722293401645,-0.04982831407174726,-0.04982831407174726,3010826
09915c3af3c984852456683e2472f252,88312795495d9216,1647789727453,frontend-2,62.084,1234,58.5025,1.5610000000000035,53318.439,3.5815000000000055,1.5475475656630353,-0.05119306096794368,-0.05119306096794368,7586139
9e29224fe9adb858659f646ce23481e0,c50f0e4a12533276,1647789915984,frontend-2,71.862,362,67.275,2.0080000000000027,27147.171,4.586999999999989,1.5408025398406318,-0.05224982133115208,-0.05224982133115208,9112905
f858d708261b77103e168c8d61ab9f07,522f2b499d901ac0,1647789380098,frontend-2,62.068,1234,58.5025,1.5610000000000035,53318.439,3.5655,1.5406340486867358,-0.05224982133115208,-0.05224982133115208,9107211
8378749754d16d2198257955ec10f862,847d30134da07d6c,1647788425763,frontend-0,62.066,1234,58.5025,1.5610000000000035,53318.439,3.5635000000000048,1.5397698590647007,-0.05224982133115208,-0.05224982133115208,4519221
9ab83e536391fe775e57b18e20ff6cf3,0f673c7b662ae6ff,1647788544260,frontend-2,62.057,1234,58.5025,1.5610000000000035,53318.439,3.5545000000000044,1.5358810057655334,-0.05224982133115208,-0.05224982133115208,9098529
b0bf88ed34e60eacc09d85c99d67b0ca,42416c4d2effd032,1647789308836,frontend-0,12.353,204,11.328,0.4504999999999999,16.977,1.0250000000000004,1.5346559378468376,-0.05224982133115208,-0.05224982133115208,6053309
426c9dd7d6dc6c2fc9fff49f58e834b6,886e19084ee900b1,1647788982244,frontend-0,62.045,1234,58.5025,1.5610000000000035,53318.439,3.542500000000004,1.5306958680333103,-0.05261411406141425,-0.05261411406141425,6049806
5aabce811b688cbf43e46da1bbcc86ec,cde52562c6992056,1647788946231,frontend-2,62.04,1234,58.5025,1.5610000000000035,53318.439,3.5375000000000014,1.5285353939782165,-0.05261411406141425,-0.05261411406141425,2998463
34f44776a769644dc4d505c56f71e5cb,6ba2205bb91ed263,1647789318313,frontend-2,71.816,362,67.275,2.0080000000000027,27147.171,4.540999999999997,1.5253508466135428,-0.05261411406141425,-0.05261411406141425,4528656
5bd58df20f6fbc2b2bfd2a4cee826d80,5091a307ab8cd1fc,1647788830129,frontend-0,0.217,207,0.181,0.015999999999999986,0.938,0.036000000000000004,1.5176250000000013,-0.05219280805958332,-0.05219280805958332,2997211
b81d8e0e6775bd841906217b2d015043,7ccc4e577edda6de,1647788674396,frontend-2,71.79,362,67.275,2.0080000000000027,27147.171,4.515000000000001,1.5166172808764922,-0.05219280805958332,-0.05219280805958332,6046621
7dddf213fa401ac43885d6d921a9c8cb,5c0c7bc7fa724ba5,1647788419820,frontend-2,62.008,1234,58.5025,1.5610000000000035,53318.439,3.505500000000005,1.5147083600256233,-0.05180825030794717,-0.05180825030794717,9097261
3b57572bff0cf43afc24f9efb3e06113,77e88b7bfa35cb22,1647788821637,frontend-2,62.478,147,58.031,1.9810000000000016,60000.328,4.447000000000003,1.514135032811711,-0.05180825030794717,-0.05180825030794717,9101284
dd627f6175d28c4aa656ff79bf6f3ed0,638219b233dcd7bc,1647788460619,frontend-2,61.983,1234,58.5025,1.5610000000000035,53318.439,3.4804999999999993,1.5039059897501563,-0.05439179542070616,-0.05439179542070616,6044388
400ffed6be2ec2f8c8df5246063d6ab6,be30c355a0ff159b,1647789351146,frontend-0,12.329,204,11.328,0.4504999999999999,16.977,1.0010000000000012,1.4987225305216447,-0.05439179542070616,-0.05439179542070616,3002663
f026289e10df4c32a896aea66c07006f,379d75664ddd10f1,1647789327402,frontend-2,61.953,1234,58.5025,1.5610000000000035,53318.439,3.4505000000000052,1.4909431454196016,-0.05439179542070616,-0.05439179542070616,9106670
9d0a631c446a8debd0e4b161a6f14533,3f889da9747bf336,1647789582776,frontend-2,61.946,1234,58.5025,1.5610000000000035,53318.439,3.4435000000000002,1.4879184817424695,-0.055647698667076695,-0.055647698667076695,6056258
34e0be0f08bf7490e3d4a5d1f923d47c,477a41f484b0a9fc,1647788506912,frontend-2,33.367,310,30.455,1.3254999999999981,43849.491,2.911999999999999,1.4818136552244452,-0.05526664723353181,-0.05526664723353181,6044882
39161bf548100fcf19c7eaad58b66761,2561c3354c2283cc,1647789320386,frontend-2,71.681,362,67.275,2.0080000000000027,27147.171,4.405999999999992,1.480003486055772,-0.05526664723353181,-0.05526664723353181,7581811
9434f53f25156537db276d895d522067,0e6df0e45337fdb7,1647789926654,frontend-0,71.668,362,67.275,2.0080000000000027,27147.171,4.393000000000001,1.4756367031872493,-0.05526664723353181,-0.05526664723353181,9113011
fc631984cc71b3f445f79290cee2d672,d728b750b0e45eaa,1647789272529,frontend-0,0.216,207,0.181,0.015999999999999986,0.938,0.035,1.4754687500000014,-0.05526664723353181,-0.05526664723353181,3001917
59cfa4100713b06911588bcf23fcb2f3,f9033037eb0803d5,1647790156034,frontend-2,61.906,1234,58.5025,1.5610000000000035,53318.439,3.403500000000001,1.4706346893017268,-0.05526664723353181,-0.05526664723353181,7590637
476f3ed2641391c05abc3662f47b4319,1043bec0c2edd5ab,1647788620348,frontend-2,71.641,362,67.275,2.0080000000000027,27147.171,4.366,1.4665672310756952,-0.05599109747072878,-0.05599109747072878,2995084
4fb491fae83e3789159a09c484d165af,d0d8b2c72e64c664,1647789760542,frontend-2,61.869,1234,58.5025,1.5610000000000035,53318.439,3.366500000000002,1.45464718129404,-0.05726597611531181,-0.05726597611531181,3007077
1939e10fa6a544d0f8465182b469bd91,cc68e5e00291c63e,1647789651375,frontend-2,61.867,1234,58.5025,1.5610000000000035,53318.439,3.3644999999999996,1.4537829916720018,-0.05726597611531181,-0.05726597611531181,7585368
9d01f7c8785467d4dcb17e02e5f5e271,ed1af86482feba1e,1647789682758,frontend-2,61.862,1234,58.5025,1.5610000000000035,53318.439,3.359500000000004,1.4516225176169106,-0.05726597611531181,-0.05726597611531181,7585695
375aa4b856d05d02cc1f94c0da1cb532,b73e18c497208fab,1647789317339,frontend-2,61.853,1234,58.5025,1.5610000000000035,53318.439,3.350500000000004,1.4477336643177434,-0.05726597611531181,-0.05726597611531181,9106555
e6fefb3b8cb1afda6515e32586cfe479,7dbc4b1d644b5437,1647789759128,frontend-2,61.851,1234,58.5025,1.5610000000000035,53318.439,3.3485000000000014,1.4468694746957051,-0.05648847272531127,-0.05648847272531127,3007055
70dd042ffb02804eb5f055b11f7b4a9e,d06f236b8cbe1152,1647789212058,frontend-2,61.837,1234,58.5025,1.5610000000000035,53318.439,3.3345000000000056,1.440820147341447,-0.05682393854349127,-0.05682393854349127,4527546
e3029301e91b046a91c8d5b08a14304c,bc86e6542b997b80,1647789081817,frontend-2,71.543,362,67.275,2.0080000000000027,27147.171,4.268000000000001,1.4336484063745003,-0.05682393854349127,-0.05682393854349127,9104098
bafb7c29ec92574124b9bc1583be241d,59a838275216cb45,1647788472468,frontend-2,61.82,1234,58.5025,1.5610000000000035,53318.439,3.3175000000000026,1.4334745355541298,-0.05682393854349127,-0.05682393854349127,6044505
6187dec3d42c6e6934350d95b5e369e7,1cb5cc305ba61fa3,1647789662624,frontend-2,71.536,362,67.275,2.0080000000000027,27147.171,4.260999999999996,1.4312970617529845,-0.05648773709609023,-0.05648773709609023,6057111
fc882ce947c086450f44b8a9b8af3e7b,d765371557f0078e,1647789267716,frontend-2,61.813,1234,58.5025,1.5610000000000035,53318.439,3.3105000000000047,1.430449871877001,-0.05648773709609023,-0.05648773709609023,7581316
ab9cf4c24d88099193608cb4a29615ab,1d9fbc7441364d5a,1647789513433,frontend-2,61.797,1234,58.5025,1.5610000000000035,53318.439,3.2944999999999993,1.4235363549007012,-0.057593596809111636,-0.057593596809111636,7583938
50356384434f828c1f59cc95d0e6c442,33713ae2dc6a2b3e,1647788975041,frontend-2,61.787,1234,58.5025,1.5610000000000035,53318.439,3.2845000000000013,1.4192154067905163,-0.057593596809111636,-0.057593596809111636,6049711
56b289e56cec8f3a5b97be92792d3038,d9842d1658b75a3d,1647790061509,frontend-2,33.211,310,30.455,1.3254999999999981,43849.491,2.7560000000000002,1.402430780837422,-0.058321215008729055,-0.058321215008729055,3010196
91c3d457791d855b4034d8565a72fcbe,31aa5af6148e20b3,1647789175596,frontend-2,61.739,1234,58.5025,1.5610000000000035,53318.439,3.2364999999999995,1.3984748558616238,-0.05955939652044406,-0.05955939652044406,3000902
1a4a8efb93c564ce7d468979261272a2,278b4b3ba98a6ba3,1647788596615,frontend-2,61.704,1234,58.5025,1.5610000000000035,53318.439,3.201500000000003,1.383351537475975,-0.05825526546253079,-0.05825526546253079,9099043
feebaa5c1c8fc099cfd13d8820c2dab7,e80e843d6e389dd7,1647789333467,frontend-2,61.682,1234,58.5025,1.5610000000000035,53318.439,3.1795000000000044,1.3738454516335672,-0.05968609098444699,-0.05968609098444699,9106724
fe25905ea7e0b34af58ff00e89bd5e07,aac559b7e625e5e4,1647790046836,frontend-2,71.34,362,67.275,2.0080000000000027,27147.171,4.064999999999998,1.365459412350595,-0.0605997833398611,-0.0605997833398611,3010060
b313eae6873c02fe64c9bf3e0716b47e,1675b35da325c8cd,1647789166089,frontend-0,61.654,1234,58.5025,1.5610000000000035,53318.439,3.1515000000000057,1.3617467969250474,-0.06038622676618738,-0.06038622676618738,3000810
a81c787f2e0ce0ffb73c052c41c1f41c,e72eea0e0ddaef13,1647789497795,frontend-2,61.649,1234,58.5025,1.5610000000000035,53318.439,3.146500000000003,1.3595863228699536,-0.06038622676618738,-0.06038622676618738,6055410
05d66d50ac3d1655757806040cbea3b0,737c4362bed65d84,1647789366914,frontend-2,61.646,1234,58.5025,1.5610000000000035,53318.439,3.143500000000003,1.3582900384368977,-0.06038622676618738,-0.06038622676618738,4529168
058237c4d0403b8e90c0530c670911cd,0ab662764f14ab91,1647788482887,frontend-2,71.315,362,67.275,2.0080000000000027,27147.171,4.039999999999992,1.3570617529880433,-0.06038622676618738,-0.06038622676618738,4519847
d706d0e5de7f6ce2526da86ff3be59ce,6697625612fd7383,1647788983795,frontend-2,33.117,310,30.455,1.3254999999999981,43849.491,2.661999999999999,1.3545975103734456,-0.06038622676618738,-0.06038622676618738,7578182
e7a53eb0aff7be5d616f4003235a168f,9b830d80718e8d79,1647789823161,frontend-2,61.634,1234,58.5025,1.5610000000000035,53318.439,3.1315000000000026,1.3531049007046745,-0.06013531511597159,-0.06013531511597159,6058777
333c3b2422200f4ee6549d331d54ac90,ea5f257d1d753c72,1647788793934,frontend-0,12.23,204,11.328,0.4504999999999999,16.977,0.902000000000001,1.3504972253052183,-0.061672099217068455,-0.061672099217068455,7576160
a272e46c1de102bad4e1e911083eb79b,efe0342d025dc67e,1647789573657,frontend-2,61.597,1234,58.5025,1.5610000000000035,53318.439,3.0945000000000036,1.3371173926969877,-0.061672099217068455,-0.061672099217068455,3005069
d5c9c3f6e9fa802c74f0fda3eb89b9a9,184db8c404358c35,1647788561412,frontend-2,71.237,362,67.275,2.0080000000000027,27147.171,3.961999999999989,1.330861055776887,-0.06217309265264531,-0.06217309265264531,6045427
5c7fa86774a0a12696cc23fa08d4f675,3f083308c60839df,1647788511769,frontend-2,61.93,147,58.031,1.9810000000000016,60000.328,3.899000000000001,1.3275494699646635,-0.06192339038051331,-0.06192339038051331,6044927
79bdf04635f3ca6e91115dc52aa18415,0f25cd8456f12948,1647789408487,frontend-2,61.571,1234,58.5025,1.5610000000000035,53318.439,3.0685000000000002,1.3258829276105033,-0.06304066083108267,-0.06304066083108267,3003307
6fee1dc246d99a25e9bafdbb3bf2a2f8,a89a6bca2bd0bf9b,1647789978567,frontend-2,61.571,1234,58.5025,1.5610000000000035,53318.439,3.0685000000000002,1.3258829276105033,-0.06304066083108267,-0.06304066083108267,9113549
e0fcb80ca748c8bd3915161a8351f9ad,9c98dc6aa6024a31,1647788781036,frontend-2,71.202,362,67.275,2.0080000000000027,27147.171,3.9269999999999925,1.3191043326693186,-0.06304066083108267,-0.06304066083108267,7576012
0663cc227417d37338d112565590d9e4,1d96d144b99dc693,1647788512910,frontend-0,61.546,1234,58.5025,1.5610000000000035,53318.439,3.0435000000000016,1.3150805573350393,-0.06304066083108267,-0.06304066083108267,6044954
a106062b3908ff07d3d90dc5a825fb94,5ac0aa52333e2f55,1647789420537,frontend-2,61.542,1234,58.5025,1.5610000000000035,53318.439,3.039500000000004,1.313352178090966,-0.06328960742898576,-0.06328960742898576,6054485
f32eea15582fdc2f20b131570078525b,4a4407a0ff4202b9,1647788822398,frontend-0,0.212,207,0.181,0.015999999999999986,0.938,0.031,1.3068437500000012,-0.06375012641387573,-0.06375012641387573,7576457
601c3a01491d23eb28172da81730e5b8,9eb70fd667e4879c,1647788544095,frontend-0,61.526,1234,58.5025,1.5610000000000035,53318.439,3.0235000000000056,1.3064386611146694,-0.06375012641387573,-0.06375012641387573,2994283
52e316322b5a95cd1f0a55e0634a59c8,b0af0942b3a06806,1647788922784,frontend-2,61.526,1234,58.5025,1.5610000000000035,53318.439,3.0235000000000056,1.3064386611146694,-0.06375012641387573,-0.06375012641387573,4524352
7877f774ef9c5732f597bd5ed58cd2f3,9a9edbb3936dbdee,1647789112811,frontend-2,61.517,1234,58.5025,1.5610000000000035,53318.439,3.0145000000000053,1.302549807815502,-0.06375012641387573,-0.06375012641387573,3000188
00d4d5639d19ba3c9a79e11691149784,367472912324492f,1647789304107,frontend-2,61.508,1234,58.5025,1.5610000000000035,53318.439,3.005500000000005,1.298660954516335,-0.06307677236887155,-0.06307677236887155,7581642
904cc83b960a8e171a61df05b0534514,5f45f98b136afb73,1647788455376,frontend-0,61.501,1234,58.5025,1.5610000000000035,53318.439,2.9985,1.2956362908392027,-0.06427352665096031,-0.06427352665096031,2993407
8d6ba48737accbe392e8d81278610b58,a4c6f2e789286a27,1647790022711,frontend-2,33.001,310,30.455,1.3254999999999981,43849.491,2.5459999999999994,1.2955692191625816,-0.06427352665096031,-0.06427352665096031,4536161
8a872be26a41adcde01ac3a268283ee3,5f3f4a4576364d8e,1647789878012,frontend-2,61.489,1234,58.5025,1.5610000000000035,53318.439,2.9864999999999995,1.2904511531069796,-0.066613593289991,-0.066613593289991,9112496
4535403eea8eb7c905e1bb265ee4be6f,69d110eb0119f092,1647790060216,frontend-0,61.483,1234,58.5025,1.5610000000000035,53318.439,2.9804999999999993,1.2878585842408679,-0.066613593289991,-0.066613593289991,7589599
c1a8ad0c7ab1ae5912b68f41b4aacde1,587e4902373d3419,1647788734982,frontend-2,61.813,147,58.031,1.9810000000000016,60000.328,3.7820000000000036,1.2877127713276124,-0.066613593289991,-0.066613593289991,2996181
339d922ab95af89a787c449dc9a1c627,46c7d8b4772caae4,1647789463448,frontend-0,12.188,204,11.328,0.4504999999999999,16.977,0.8600000000000012,1.2876137624861286,-0.066613593289991,-0.066613593289991,4530237
4629bfdabcc7a374e571fb0adef1f11e,7742b9804b7a25aa,1647789440798,frontend-2,61.481,1234,58.5025,1.5610000000000035,53318.439,2.978500000000004,1.286994394618833,-0.066613593289991,-0.066613593289991,4530005
367215a1f3c496b9d603d1f5bfadf6c0,326360a95677b182,1647788415578,frontend-0,61.476,1234,58.5025,1.5610000000000035,53318.439,2.9735000000000014,1.284833920563739,-0.066613593289991,-0.066613593289991,9097195
14415fd0ca98df9e10e6bba1b0b17c55,8d131f99f358e2ae,1647788422727,frontend-2,71.085,362,67.275,2.0080000000000027,27147.171,3.809999999999988,1.279803286852584,-0.06747562794701367,-0.06747562794701367,4519180
c9ffeb0b27491cef287b89f33ce09a4b,0706f13c2fb9e7a9,1647788489027,frontend-2,71.083,362,67.275,2.0080000000000027,27147.171,3.8079999999999927,1.2791314741035815,-0.06747562794701367,-0.06747562794701367,4519891
91b3d971696ac888f6f16d38dd2ffb49,0f0ef48474b73e85,1647789093616,frontend-2,61.462,1234,58.5025,1.5610000000000035,53318.439,2.9595000000000056,1.2787845932094806,-0.06747562794701367,-0.06747562794701367,4526222
3d999c890152c57743e483279351ca18,7f3d5777d4fe08ad,1647789634346,frontend-2,61.461,1234,58.5025,1.5610000000000035,53318.439,2.958500000000001,1.27835249839846,-0.06747562794701367,-0.06747562794701367,7585194
78ee6d3e666e59d769ffe5147e44ab6b,7aa0f1b5aecb0661,1647788661526,frontend-0,12.181,204,11.328,0.4504999999999999,16.977,0.8529999999999998,1.2771331853496115,-0.06747562794701367,-0.06747562794701367,7574852
51f7187bea140ef70c1de7e90e8c3c58,516537b4410f20a1,1647789543357,frontend-0,61.447,1234,58.5025,1.5610000000000035,53318.439,2.944500000000005,1.2723031710442017,-0.06932159535379578,-0.06932159535379578,4531117
3178753e12de90d343ed18563f1fcfc2,8f13a3d7da6dfaf7,1647789602026,frontend-2,61.439,1234,58.5025,1.5610000000000035,53318.439,2.9365000000000023,1.268846412556052,-0.06932159535379578,-0.06932159535379578,6056480
39c98e474a7c57ad2e63039f17e9a42c,05070c86b78e665d,1647790031779,frontend-2,61.434,1234,58.5025,1.5610000000000035,53318.439,2.9314999999999998,1.266685938500958,-0.07011259380196133,-0.07011259380196133,9114148
7eb14cd2c00cc56af695e93f7e46aea1,44529096616ad7f6,1647788791810,frontend-0,61.749,147,58.031,1.9810000000000016,60000.328,3.7180000000000035,1.2659217566885412,-0.07011259380196133,-0.07011259380196133,9100956
f78dfc2cb80692cfd451ded58fd2c145,568e5ab9af0b9c49,1647789695309,frontend-0,0.211,207,0.181,0.015999999999999986,0.938,0.03,1.264687500000001,-0.07011259380196133,-0.07011259380196133,3006411
53e5a1f889c3b5d45112c4274533866e,4d3728f8b3409b53,1647790015930,frontend-2,12.171,204,11.328,0.4504999999999999,16.977,0.843,1.2621609322974474,-0.07011259380196133,-0.07011259380196133,7589062
95d9a6a130eeaff7e042509720848e88,5e24d146bca03ffb,1647790090932,frontend-2,61.414,1234,58.5025,1.5610000000000035,53318.439,2.9115000000000038,1.258044042280588,-0.07011259380196133,-0.07011259380196133,7589916
3b14e4e84dd9e1fd9b7fd5cb0be2227b,6175798e0732b217,1647788690829,frontend-0,71.015,362,67.275,2.0080000000000027,27147.171,3.739999999999995,1.2562898406374468,-0.07011259380196133,-0.07011259380196133,7575140
00b997a31e8b2e55e318669c7c36f322,974d804387a77e24,1647789611908,frontend-2,32.919,310,30.455,1.3254999999999981,43849.491,2.4639999999999986,1.2538423236514533,-0.07087155038692677,-0.07087155038692677,7584984
5b7c7197f083289164185a6c51420b1b,cbf6ae8d614c16d6,1647790012010,frontend-2,61.389,1234,58.5025,1.5610000000000035,53318.439,2.886500000000005,1.2472416720051243,-0.07050876837555242,-0.07050876837555242,3009612
91e1f36c67b45b231ce860fbab9460db,917ce2a03d096bbd,1647789327901,frontend-0,61.388,1234,58.5025,1.5610000000000035,53318.439,2.8855000000000004,1.2468095771941037,-0.07050876837555242,-0.07050876837555242,6053499
335c5f1c70027af34d5a83608a7c7817,e1ade9d5253e819d,1647789825499,frontend-2,61.379,1234,58.5025,1.5610000000000035,53318.439,2.8765,1.2429207238949365,-0.07128268126365744,-0.07128268126365744,9111983
dafe2ab3b9d447bc99a9be36cea1485c,3b7a21c14b600f1f,1647788761568,frontend-0,61.363,1234,58.5025,1.5610000000000035,53318.439,2.860500000000002,1.2360072069186399,-0.07308404418114262,-0.07308404418114262,4522639
2e75133ef51611c10261134e80ffcf01,d3108994e4f3d85b,1647789206705,frontend-0,61.362,1234,58.5025,1.5610000000000035,53318.439,2.859500000000004,1.2355751121076222,-0.07308404418114262,-0.07308404418114262,4527488
bbc7888c954d2772baa9efdb76279cd8,e83aae531bfa6de1,1647788521013,frontend-2,61.359,1234,58.5025,1.5610000000000035,53318.439,2.856500000000004,1.2342788276745666,-0.07308404418114262,-0.07308404418114262,7573521
edf799caa54d02ca1d1a31dd21d4d65b,322e215504c213ac,1647789276850,frontend-2,61.354,1234,58.5025,1.5610000000000035,53318.439,2.8515000000000015,1.2321183536194726,-0.07308404418114262,-0.07308404418114262,3001988
24c6245ceeb6d21b9b3aaeed330641fa,52e473d341c0751d,1647789218121,frontend-2,12.15,204,11.328,0.4504999999999999,16.977,0.822000000000001,1.2307192008879042,-0.07308404418114262,-0.07308404418114262,4527567
9a0d74c2f6318a07549a1a0354573f09,69e00b3adc1b2799,1647789341612,frontend-2,70.932,362,67.275,2.0080000000000027,27147.171,3.6569999999999965,1.2284096115537821,-0.07308404418114262,-0.07308404418114262,3002587
16157fce0180356960ce70ae85903494,38eda957a10b0076,1647789123753,frontend-0,12.147,204,11.328,0.4504999999999999,16.977,0.8190000000000008,1.2262275249722545,-0.07308404418114262,-0.07308404418114262,6051359
70fe8a8656841bf9de3442dae18ed31b,6682c17f31da7644,1647789276454,frontend-0,0.21,207,0.181,0.015999999999999986,0.938,0.028999999999999998,1.222531250000001,-0.07308404418114262,-0.07308404418114262,7581386
702808dc8517f1eaddb405627de33c7d,ff0a9bd05a7f0a0d,1647789956934,frontend-2,32.846,310,30.455,1.3254999999999981,43849.491,2.3909999999999982,1.2166952093549612,-0.07308404418114262,-0.07308404418114262,9113322
4532a1a2c0860559dc7d19f2af798dd3,c7f98836f9083158,1647789704450,frontend-2,105.87,102,93.9525,6.612499999999997,6746.74,11.917500000000004,1.2156300567107758,-0.07308404418114262,-0.07308404418114262,7585949
0c99c7499bc6123eb1dfb9f4b8913107,8758a801ac322032,1647789344084,frontend-0,61.312,1234,58.5025,1.5610000000000035,53318.439,2.8095,1.2139703715566916,-0.07156902283178906,-0.07156902283178906,6053702
af1978c792f7cb86a3ccf914b38967da,fcf429a8db5b28b7,1647788525911,frontend-2,61.582,147,58.031,1.9810000000000016,60000.328,3.551000000000002,1.2090608278647146,-0.07231843338867944,-0.07231843338867944,9098366
2d70240eee5901fa6abbddde7ed6d6d3,6121244bdd96de4c,1647790195529,frontend-0,61.278,1234,58.5025,1.5610000000000035,53318.439,2.775500000000001,1.1992791479820604,-0.07407561368146498,-0.07407561368146498,9115940
6a8cfeac5770e746aeb6b4f483395351,1c2ada1e6aee4755,1647788512298,frontend-2,32.801,310,30.455,1.3254999999999981,43849.491,2.3460000000000036,1.193796303281784,-0.07504626727596769,-0.07504626727596769,4520154
93e0100b874e57dffc7358c91ea97e40,f9d7142a0eeb326f,1647789697804,frontend-0,61.259,1234,58.5025,1.5610000000000035,53318.439,2.7565000000000026,1.1910693465727082,-0.07413466058685247,-0.07413466058685247,3006434
f8abd57770a68230ffc8e4399f59c090,2c88f46040798cdb,1647788634197,frontend-0,61.25,1234,58.5025,1.5610000000000035,53318.439,2.7475000000000023,1.1871804932735408,-0.07487785783065676,-0.07487785783065676,9099424
69be05993939315d5ef38a949dd4930c,49b2c6b8cdb5a0fa,1647788534174,frontend-0,70.808,362,67.275,2.0080000000000027,27147.171,3.5330000000000013,1.1867572211155366,-0.07487785783065676,-0.07487785783065676,4520360
d26b689807ad6b4478b9e192b3dfbb17,26be0f98972258f6,1647789579664,frontend-2,61.247,1234,58.5025,1.5610000000000035,53318.439,2.744500000000002,1.185884208840485,-0.07487785783065676,-0.07487785783065676,4531508
798266477a2abdbea95861a94e454d59,02054c061ddf8e1c,1647788912802,frontend-2,32.782,310,30.455,1.3254999999999981,43849.491,2.326999999999998,1.1841278762731051,-0.07439548766154269,-0.07439548766154269,2998102
ffc85973f59df3d8e50c44433229c4e4,d959df45c3ff1964,1647789371841,frontend-2,61.495,147,58.031,1.9810000000000016,60000.328,3.4639999999999986,1.179438667339726,-0.07573055036267651,-0.07573055036267651,6054015
487ef7d7c4f71dfba3eff1c3937594d4,593efda3202ef93b,1647789382108,frontend-2,70.782,362,67.275,2.0080000000000027,27147.171,3.506999999999991,1.1780236553784813,-0.07573055036267651,-0.07573055036267651,3003020
0c4c2d072bbe2b1c6dd12912c62c3f5d,52cef231501c55a2,1647789047291,frontend-2,61.208,1234,58.5025,1.5610000000000035,53318.439,2.7055000000000007,1.16903251121076,-0.0758240077905416,-0.0758240077905416,2999563
5a15ac4b6a539e905ddc7da5b78e53d9,e33c02c5432c8af6,1647790069279,frontend-0,61.207,1234,58.5025,1.5610000000000035,53318.439,2.704500000000003,1.1686004163997423,-0.0758240077905416,-0.0758240077905416,7589697
ba317febe3e97168df7e21cc27dff192,9991f62fdd253efb,1647788662257,frontend-2,70.748,362,67.275,2.0080000000000027,27147.171,3.472999999999999,1.1666028386454166,-0.0758240077905416,-0.0758240077905416,6046506
38c7e36fc5b34a8f2cb37d066361676a,d6c1a9d63c84aa70,1647788838820,frontend-2,61.202,1234,58.5025,1.5610000000000035,53318.439,2.6995000000000005,1.1664399423446483,-0.0758240077905416,-0.0758240077905416,6048272
04e17359ea2271c60cdd30e87e3508dc,50d7d2a2d620b3ec,1647789060193,frontend-2,61.195,1234,58.5025,1.5610000000000035,53318.439,2.6925000000000026,1.1634152786675194,-0.0758240077905416,-0.0758240077905416,4525833
603f8e9114fa10460bb4d6c749a08fd5,1fdf2d76861e205a,1647788499631,frontend-2,61.193,1234,58.5025,1.5610000000000035,53318.439,2.6905,1.162551089045481,-0.0758240077905416,-0.0758240077905416,9098094
7d769dcf419d86bd748413d2e1d56a82,b2f76d1f7593b101,1647789685822,frontend-2,12.104,204,11.328,0.4504999999999999,16.977,0.7759999999999998,1.1618468368479467,-0.0758240077905416,-0.0758240077905416,7585723
a8e6bd5104dda9a895182fe4acf8a4df,2931ba030c13d614,1647789975651,frontend-2,61.173,1234,58.5025,1.5610000000000035,53318.439,2.670500000000004,1.1539091928251113,-0.07497311187063166,-0.07497311187063166,3009244
27b76517b8ec58e0ed771800f6218623,77541d9bdda7fcb7,1647789128093,frontend-2,70.709,362,67.275,2.0080000000000027,27147.171,3.4339999999999975,1.1535024900398383,-0.07497311187063166,-0.07497311187063166,9104564
191ad4956d106fd798ef25f16a9c6f0b,ff7fdaa915c86066,1647788606678,frontend-2,61.172,1234,58.5025,1.5610000000000035,53318.439,2.6694999999999993,1.1534770980140907,-0.07497311187063166,-0.07497311187063166,9099169
34b6ce22a83421fa41e2fd39f58bdaed,246b7a373e435d48,1647789164765,frontend-2,32.718,310,30.455,1.3254999999999981,43849.491,2.2630000000000052,1.1515605431912528,-0.07497311187063166,-0.07497311187063166,9104996
288630937a8bcf6aa1759183fd82003e,a72670de5467e7e4,1647789488237,frontend-2,12.096,204,11.328,0.4504999999999999,16.977,0.7680000000000007,1.1498690344062166,-0.07637380541548416,-0.07637380541548416,9108414
643e51cbb0f3d7c46b23cc7ee4599f39,746818beeee0cbff,1647789138328,frontend-2,61.161,1234,58.5025,1.5610000000000035,53318.439,2.6585000000000036,1.148724055092888,-0.07637380541548416,-0.07637380541548416,3000457
54549db673b6809a76b37f8a52adbd24,82fcdcc109ba780c,1647789243359,frontend-0,105.213,102,93.9525,6.612499999999997,6746.74,11.260499999999993,1.1486135727788278,-0.07637380541548416,-0.07637380541548416,9105820
b24ac6a2aff59df96114462d83860c49,00811a6e9996384a,1647789986630,frontend-2,61.153,1234,58.5025,1.5610000000000035,53318.439,2.650500000000001,1.1452672966047384,-0.07637380541548416,-0.07637380541548416,4535750
ab4db173be30f3b75328bea1c532fdba,625b8ecf4e10a86f,1647789594963,frontend-2,61.152,1234,58.5025,1.5610000000000035,53318.439,2.6495000000000033,1.144835201793721,-0.07637380541548416,-0.07637380541548416,6056411
67bfe0a433eea34334e7957f14f35934,fb28c00fb22ec20e,1647790071910,frontend-0,70.669,362,67.275,2.0080000000000027,27147.171,3.3939999999999912,1.1400662350597566,-0.07637380541548416,-0.07637380541548416,9114625
f0aa0cc95126ce320dd51431947b9523,78b506adecef4a9c,1647789794524,frontend-2,70.667,362,67.275,2.0080000000000027,27147.171,3.391999999999996,1.139394422310754,-0.07637380541548416,-0.07637380541548416,9111659
414b16887f9d144b0a1ef9161d8c6c70,c9abfb4015580387,1647789462318,frontend-2,0.208,207,0.181,0.015999999999999986,0.938,0.026999999999999996,1.138218750000001,-0.07637380541548416,-0.07637380541548416,6054974
56f7bb7c601dbf7f93e1fb6345a98efa,451e0e03ae937c03,1647789266877,frontend-2,70.659,362,67.275,2.0080000000000027,27147.171,3.3840000000000003,1.1367071713147394,-0.0770307277889623,-0.0770307277889623,7581306
3738f786f4c1091a12a76807b6068893,692c53f826de36b8,1647789540242,frontend-2,70.638,362,67.275,2.0080000000000027,27147.171,3.3629999999999995,1.1296531374501977,-0.0770307277889623,-0.0770307277889623,7584174
b23537a6a8de0f6ef7627a097da42618,cfdaeca9073f5d93,1647788998346,frontend-2,61.112,1234,58.5025,1.5610000000000035,53318.439,2.609500000000004,1.1275514093529782,-0.0770307277889623,-0.0770307277889623,7578343
0f51e7f6484d5e58aa5cc719d7215b05,9c285aa4862a8aa5,1647788930847,frontend-2,61.105,1234,58.5025,1.5610000000000035,53318.439,2.602499999999999,1.1245267456758459,-0.0770307277889623,-0.0770307277889623,4524439
60ea1e73bfcc33fe0a1ebf8e6823a5a3,04c37c1fc82ce042,1647789176214,frontend-0,61.088,1234,58.5025,1.5610000000000035,53318.439,2.5855000000000032,1.1171811338885318,-0.0770307277889623,-0.0770307277889623,7580336
cf8ede23d92c4d63dd4b8f1c3377a853,fd88c14ab8f3d7ad,1647789897330,frontend-0,61.078,1234,58.5025,1.5610000000000035,53318.439,2.5755000000000052,1.1128601857783469,-0.0770307277889623,-0.0770307277889623,7587843
e13014ddb8f82c9bc2bbbb23fffe1b00,b8e4b0e52ca83f52,1647789147349,frontend-2,12.07,204,11.328,0.4504999999999999,16.977,0.7420000000000009,1.1109411764705897,-0.0770307277889623,-0.0770307277889623,4526773
022f551ea98cb0a1fa7d338fc9430dd2,3654acedbb901b7d,1647788903834,frontend-2,70.566,362,67.275,2.0080000000000027,27147.171,3.290999999999997,1.1054678784860532,-0.07893520172346496,-0.07893520172346496,6048974
f3cc3c0c98b7b7175d57e5edd60f2955,ebf724961edb1f55,1647788520034,frontend-0,12.065,204,11.328,0.4504999999999999,16.977,0.7370000000000001,1.1034550499445064,-0.07893520172346496,-0.07893520172346496,6045000
918b6c643dd5fbe8d9ac704e760f9580,9924914a4f87f4f5,1647788516886,frontend-2,61.043,1234,58.5025,1.5610000000000035,53318.439,2.5405000000000015,1.0977368673926953,-0.07893520172346496,-0.07893520172346496,6044987
5a6c536259cc3cd33261c7c1294a4583,1fc61753f0aa9364,1647789895360,frontend-0,61.042,1234,58.5025,1.5610000000000035,53318.439,2.539500000000004,1.0973047725816776,-0.07893520172346496,-0.07893520172346496,4534769
2b0351959b1e3e4cf70e2df71aea4c77,e26835a00d72e4fa,1647788500579,frontend-0,0.207,207,0.181,0.015999999999999986,0.938,0.025999999999999995,1.0960625000000008,-0.07893520172346496,-0.07893520172346496,9098092
9206c7cdefefba2978dc3fdac83854ec,9fdc4af3403cfc4a,1647789762437,frontend-0,0.207,207,0.181,0.015999999999999986,0.938,0.025999999999999995,1.0960625000000008,-0.07893520172346496,-0.07893520172346496,9111320
1db1a690da01583b832e64043a43698e,0a979eaf6ec26560,1647789805191,frontend-2,70.537,362,67.275,2.0080000000000027,27147.171,3.2620000000000005,1.0957265936254965,-0.07893520172346496,-0.07893520172346496,9111778
8ccebe6ac3067a2464702f86950b3708,ad2dabc888ee4634,1647788604827,frontend-2,70.534,362,67.275,2.0080000000000027,27147.171,3.2590000000000003,1.0947188745019907,-0.07893520172346496,-0.07893520172346496,9099147
c9a56dff0d34f7f9ade9f616f9493f8a,226c63358342ba64,1647788598841,frontend-0,61.033,1234,58.5025,1.5610000000000035,53318.439,2.5305000000000035,1.0934159192825101,-0.07893520172346496,-0.07893520172346496,4521040
ade7e75886a0db6804c436ee2a27e98e,e531df5d8a7fb543,1647789602741,frontend-2,70.521,362,67.275,2.0080000000000027,27147.171,3.245999999999995,1.090352091633463,-0.07893520172346496,-0.07893520172346496,4531771
c46ccb9b09f8ab5cf9ee3fb16b09b1db,e2193ded62b8b2e2,1647789695309,frontend-2,70.521,362,67.275,2.0080000000000027,27147.171,3.245999999999995,1.090352091633463,-0.07893520172346496,-0.07893520172346496,7585834
15fa3aa4215e24aa5905f1dc9cd786d5,534b99398779c8ee,1647789460283,frontend-2,32.596,310,30.455,1.3254999999999981,43849.491,2.1409999999999982,1.0894790645039614,-0.07845832555738674,-0.07845832555738674,6054961
35f1d5087e79d2b78678ff0cbe08c74f,efb9207a546401d4,1647789739577,frontend-2,61.023,1234,58.5025,1.5610000000000035,53318.439,2.5205000000000055,1.0890949711723252,-0.07845832555738674,-0.07845832555738674,7586272
93810ad2f43d3ad2ecf3dcb2a1af3d6b,00de48147e1b8e32,1647790184178,frontend-0,70.515,362,67.275,2.0080000000000027,27147.171,3.239999999999995,1.088336653386451,-0.07845832555738674,-0.07845832555738674,7590897
5288de17094ebd839365e2ddd560d3e1,791e379ec085ed78,1647789496886,frontend-0,61.02,1234,58.5025,1.5610000000000035,53318.439,2.5175000000000054,1.0877986867392697,-0.07845832555738674,-0.07845832555738674,6055396
4f4365cb6a0d94ee24805fece58a37a8,87b7eb9a832de5c9,1647789880696,frontend-2,61.014,1234,58.5025,1.5610000000000035,53318.439,2.511500000000005,1.085206117873158,-0.07885986978061732,-0.07885986978061732,6059313
9f656041cfa6a5085d7ef7a9ec2cfe87,65e495fcdfdc8b59,1647789373520,frontend-0,61.002,1234,58.5025,1.5610000000000035,53318.439,2.4995000000000047,1.0800209801409348,-0.07885986978061732,-0.07885986978061732,7582351
a62a01f163a0f81717d7f25cbafa27f1,7bc90f7ddd34e443,1647789824436,frontend-2,61.0,1234,58.5025,1.5610000000000035,53318.439,2.4975000000000023,1.0791567905188966,-0.07885986978061732,-0.07885986978061732,4534117
5627f4984ade9d2ecdc35e9f8d05f04f,384228ad31549f25,1647789063021,frontend-0,60.999,1234,58.5025,1.5610000000000035,53318.439,2.4965000000000046,1.078724695707879,-0.07885986978061732,-0.07885986978061732,6050749
381c58c9144777c36e5bb4996ed0c7ec,007c87866086fece,1647788493569,frontend-2,60.99,1234,58.5025,1.5610000000000035,53318.439,2.4875000000000043,1.0748358424087117,-0.07999287885977524,-0.07999287885977524,7573237
1705838523ca44b2e355e624e4b518ef,ffb66790be735f1a,1647789996412,frontend-2,61.175,147,58.031,1.9810000000000016,60000.328,3.1439999999999984,1.0704835941443702,-0.07999287885977524,-0.07999287885977524,6060539
b1f5b4d23d9bc0104f51b78d48508689,3fbc856ec74ec259,1647788785178,frontend-2,70.46,362,67.275,2.0080000000000027,27147.171,3.184999999999988,1.0698618027888394,-0.07999287885977524,-0.07999287885977524,7576071
f312da00c29f075ca8a7cd7cf674a691,1a1ba009de52fee8,1647788550317,frontend-0,70.448,362,67.275,2.0080000000000027,27147.171,3.1729999999999876,1.065830926294815,-0.07999287885977524,-0.07999287885977524,6045318
b4ff4c4d9c3aaa1f4200bcadb2ace9bb,de320b9daf641b90,1647789176953,frontend-2,12.039,204,11.328,0.4504999999999999,16.977,0.7110000000000003,1.0645271920088797,-0.08066966851200147,-0.08066966851200147,7580348
af0e437f887163192d612f26e8191d8b,7d56134bd98380ff,1647789499695,frontend-2,60.966,1234,58.5025,1.5610000000000035,53318.439,2.4635000000000034,1.0644655669442655,-0.08066966851200147,-0.08066966851200147,4530681
b1173fbcae196f371bcdc0b4f186c0dd,5c4602faac356bca,1647789461043,frontend-2,60.966,1234,58.5025,1.5610000000000035,53318.439,2.4635000000000034,1.0644655669442655,-0.08066966851200147,-0.08066966851200147,9108111
56eea2a6dc8fc200f60e5e192a54b24d,57b2e3a1339e4b1e,1647789589901,frontend-2,60.965,1234,58.5025,1.5610000000000035,53318.439,2.4625000000000057,1.064033472133248,-0.08066966851200147,-0.08066966851200147,9109519
987c8e4c86d572fc245828c9bceaf370,48caca17162b7b84,1647790177220,frontend-2,60.963,1234,58.5025,1.5610000000000035,53318.439,2.4605000000000032,1.0631692825112098,-0.08066966851200147,-0.08066966851200147,4537926
417859524c6054a392f8c7c4b05514d2,712abfa4dcc31de0,1647789805061,frontend-2,32.537,310,30.455,1.3254999999999981,43849.491,2.0820000000000007,1.0594560543191267,-0.08066966851200147,-0.08066966851200147,6058593
98fbec25df8057cb7cab22be57e9ab38,c42496b203428c5b,1647789316906,frontend-0,60.946,1234,58.5025,1.5610000000000035,53318.439,2.4435000000000002,1.0558236707238926,-0.08066966851200147,-0.08066966851200147,3002350
dfb2ab1abe70461fe80bc69587407eef,5ac6f44383acfd57,1647790179465,frontend-0,0.206,207,0.181,0.015999999999999986,0.938,0.024999999999999994,1.0539062500000007,-0.08066966851200147,-0.08066966851200147,9115765
a15dabace1ce6ca890bb6f162fadb3ef,de2c1c453bc15e05,1647789585166,frontend-2,104.277,102,93.9525,6.612499999999997,6746.74,10.3245,1.0531380340264656,-0.08066966851200147,-0.08066966851200147,9109474
d1a34a4306cd2cd5e4ef8c7eba42f9a9,93e3c019f2cd1425,1647789223378,frontend-2,70.355,362,67.275,2.0080000000000027,27147.171,3.0799999999999983,1.0345916334661336,-0.08128776539155508,-0.08128776539155508,7580820
0c1d23a48072bdbd7acc046f50857eab,820775b24bad75b0,1647788578818,frontend-2,32.485,310,30.455,1.3254999999999981,43849.491,2.030000000000001,1.0329950961901189,-0.08128776539155508,-0.08128776539155508,4520869
6d448246dc459f2ebebd21ade47e7512,31bc4a9ed1dd84fa,1647788980104,frontend-2,60.891,1234,58.5025,1.5610000000000035,53318.439,2.3885000000000005,1.032058456117871,-0.08128776539155508,-0.08128776539155508,9102911
0cf5a4800a0bf2ac6709345830c74c7e,8a0eaef3590dd5e4,1647789075677,frontend-2,60.888,1234,58.5025,1.5610000000000035,53318.439,2.3855000000000004,1.0307621716848152,-0.08128776539155508,-0.08128776539155508,6050887
e87fd85b8085a0370b1f6661372af612,518c8ce04b342698,1647790063543,frontend-2,60.879,1234,58.5025,1.5610000000000035,53318.439,2.3765,1.026873318385648,-0.08176081542638297,-0.08176081542638297,6061303
424df50d3aa0c9f16d3a3ab20fd62069,fe726749d57558fe,1647788981585,frontend-2,60.869,1234,58.5025,1.5610000000000035,53318.439,2.366500000000002,1.022552370275463,-0.08176081542638297,-0.08176081542638297,2998795
8c9d2944e840fe1d91c87eb2811ceaf3,3b068875dbd1e572,1647789766469,frontend-0,60.856,1234,58.5025,1.5610000000000035,53318.439,2.353500000000004,1.0169351377322224,-0.08223522640607472,-0.08223522640607472,3007142
a89b44aad8399adb4280d1b99b17f760,44d4e01bc4a2aaac,1647789924057,frontend-2,103.914,102,93.9525,6.612499999999997,6746.74,9.961500000000001,1.0161106616257094,-0.08223522640607472,-0.08223522640607472,7588159
6827648c24b44f5c0a0f592c7ec52c96,00ffd4f7a668bdb8,1647789532619,frontend-2,60.853,1234,58.5025,1.5610000000000035,53318.439,2.350500000000004,1.0156388532991665,-0.08223522640607472,-0.08223522640607472,7584118
3483a0e30be688d5c86e90149047d7e7,741be058fa20b54e,1647789838600,frontend-2,32.448,310,30.455,1.3254999999999981,43849.491,1.993000000000002,1.0141671067521716,-0.08254832100951992,-0.08254832100951992,3007896
a3e1bd081f85647be7dddea6152dcdb6,d3db828aa4e06005,1647790147644,frontend-2,70.293,362,67.275,2.0080000000000027,27147.171,3.0180000000000007,1.013765438247011,-0.08254832100951992,-0.08254832100951992,7590552
4e4b169fb3d22b348a68bc33223fe37d,be4e6eb5323958b3,1647789678696,frontend-2,61.008,147,58.031,1.9810000000000016,60000.328,2.977000000000004,1.0136226653205456,-0.08254832100951992,-0.08254832100951992,6057257
e6b7b50bf18537f601cca09c7344f1e9,3c6f717646b44ffe,1647789843693,frontend-2,60.843,1234,58.5025,1.5610000000000035,53318.439,2.340500000000006,1.0113179051889816,-0.08254832100951992,-0.08254832100951992,6058970
63c41cfb67ad4330fac2cd7d93faa6d2,5e8cbb59fc06afe7,1647790033144,frontend-2,70.282,362,67.275,2.0080000000000027,27147.171,3.006999999999991,1.0100704681274855,-0.08254832100951992,-0.08254832100951992,4536281
1b2fb66c977cb33d64e754fdea6f1afc,cf2b66d1b4fedf01,1647789436866,frontend-2,70.281,362,67.275,2.0080000000000027,27147.171,3.0060000000000002,1.0097345617529867,-0.08254832100951992,-0.08254832100951992,7583035
e022c7e03f7b74fa215350ac33a6389a,1fd7efe0a71777e2,1647789432744,frontend-2,60.98,147,58.031,1.9810000000000016,60000.328,2.948999999999998,1.00408909641595,-0.08254832100951992,-0.08254832100951992,4529886
8399f1575d400439500f38d8ff46867f,d2c5e73229278bd2,1647788407590,frontend-2,70.261,362,67.275,2.0080000000000027,27147.171,2.98599999999999,1.0030164342629435,-0.08254832100951992,-0.08254832100951992,6043798
52eb7c02a31d205f4a02b034a55f3e9f,feeea55e31807e32,1647790045902,frontend-2,60.821,1234,58.5025,1.5610000000000035,53318.439,2.3185000000000002,1.0018118193465704,-0.08366839660314734,-0.08366839660314734,7589432
749ba80845a55d5a2b6e43d299af6ad8,fea331b6455c3433,1647789174818,frontend-2,11.995,204,11.328,0.4504999999999999,16.977,0.6669999999999998,0.9986492785793563,-0.08443196264905545,-0.08443196264905545,9105099
46ef3eb4e4ecc8cd227cc75413e3aa0f,0a6e7e98268a89bf,1647788962539,frontend-0,60.811,1234,58.5025,1.5610000000000035,53318.439,2.308500000000002,0.9974908712363856,-0.08443196264905545,-0.08443196264905545,4524764
414f36389467599fef472c8d5ab05b85,fe95e1fdf1361bae,1647789678683,frontend-2,11.994,204,11.328,0.4504999999999999,16.977,0.6660000000000004,0.9971520532741406,-0.08443196264905545,-0.08443196264905545,6057250
abfb9b6abed98aa5b61fe8c5dc452949,c728789e16cf20c5,1647789896635,frontend-2,11.993,204,11.328,0.4504999999999999,16.977,0.6650000000000009,0.995654827968925,-0.08443196264905545,-0.08443196264905545,9112651
8107075d29abd1694669aeb608ae652a,42e9734ad7a52951,1647789736889,frontend-2,60.803,1234,58.5025,1.5610000000000035,53318.439,2.3004999999999995,0.9940341127482358,-0.08443196264905545,-0.08443196264905545,7586240
1489c46c656c2f870400cd537bb68fbe,5752ad937d3f096c,1647790103302,frontend-2,60.801,1234,58.5025,1.5610000000000035,53318.439,2.298500000000004,0.9931699231262008,-0.08443196264905545,-0.08443196264905545,3010621
2fd1c7f691e284b4532ba89635dd1546,596829e7a0020483,1647789018965,frontend-2,60.796,1234,58.5025,1.5610000000000035,53318.439,2.2935000000000016,0.9910094490711068,-0.08443196264905545,-0.08443196264905545,6050227
160aadf9e55470a52401fc595188acbe,540141dbb0617ae5,1647790037458,frontend-2,60.935,147,58.031,1.9810000000000016,60000.328,2.9040000000000035,0.988767289247855,-0.0835004861068856,-0.0835004861068856,3009919
be2ed3692c4d2d091ed5e88406ce7c3f,1decfb06f6f2de88,1647789426047,frontend-0,60.778,1234,58.5025,1.5610000000000035,53318.439,2.275500000000001,0.983231742472772,-0.084061398190728,-0.084061398190728,4529824
09e037cd28984c70a76e9cfd134507b5,1fc789ea0a2f7305,1647788899640,frontend-0,60.771,1234,58.5025,1.5610000000000035,53318.439,2.268500000000003,0.980207078795643,-0.084061398190728,-0.084061398190728,7577281
a16523f47e066887f58b00797e943985,21c211a288efe20a,1647789424600,frontend-2,11.979,204,11.328,0.4504999999999999,16.977,0.6509999999999998,0.9746936736958933,-0.08309337028398367,-0.08309337028398367,3003446
872dc3a9974119888cc9cbf7c5857d21,4c73f118a3188060,1647789646780,frontend-0,60.881,147,58.031,1.9810000000000016,60000.328,2.8500000000000014,0.970381120646138,-0.08309337028398367,-0.08309337028398367,9110127
fad27d76b84a5f61efc64fe2af2de1d2,ed6a5fca94021c1c,1647789441181,frontend-0,60.747,1234,58.5025,1.5610000000000035,53318.439,2.244500000000002,0.9698368033311967,-0.08309337028398367,-0.08309337028398367,7583096
ca6d7d7146e9d9b757a62ed2775c26db,e46cd9016e980180,1647788936739,frontend-0,0.204,207,0.181,0.015999999999999986,0.938,0.022999999999999993,0.9695937500000005,-0.08309337028398367,-0.08309337028398367,2998369
9ce57c336ce68b953b2800e2ea1f5aa3,9b3197cdfce4c0e3,1647789630150,frontend-0,0.204,207,0.181,0.015999999999999986,0.938,0.022999999999999993,0.9695937500000005,-0.08309337028398367,-0.08309337028398367,9109976
7f09cefa58ac1cb8633626bf3380acfe,a984231c9f38444b,1647789860668,frontend-0,0.204,207,0.181,0.015999999999999986,0.938,0.022999999999999993,0.9695937500000005,-0.08309337028398367,-0.08309337028398367,9112327
b8e699677d1c89d871d05da8729c8a26,39b8e303f91e4d93,1647789526038,frontend-2,11.974,204,11.328,0.4504999999999999,16.977,0.6460000000000008,0.9672075471698127,-0.08309337028398367,-0.08309337028398367,4530936
9e6ecd71fef2729f95a0d862faf189cb,efed3789fb4abc59,1647790112597,frontend-2,11.974,204,11.328,0.4504999999999999,16.977,0.6460000000000008,0.9672075471698127,-0.08309337028398367,-0.08309337028398367,7590132
50173b0bc4ad98de834ed6cddce5fcfb,c59134a7282a9716,1647790094240,frontend-2,60.715,1234,58.5025,1.5610000000000035,53318.439,2.2125000000000057,0.9560097693786038,-0.08309337028398367,-0.08309337028398367,3010549
d9d347074483032872847a32b705a8ca,e436b79aed87b536,1647789383712,frontend-0,32.33,310,30.455,1.3254999999999981,43849.491,1.875,0.9541210863824985,-0.08299674312026684,-0.08299674312026684,7582474
46c8675b7560eda37a42c9de61da2ee5,d4c850e08919ea89,1647789339022,frontend-0,60.71,1234,58.5025,1.5610000000000035,53318.439,2.207500000000003,0.9538492953235098,-0.08299674312026684,-0.08299674312026684,3002558
cedb38ee22ac9552d54ccd3cc005bf50,f5141faf2db7a852,1647789060525,frontend-2,32.326,310,30.455,1.3254999999999981,43849.491,1.8710000000000022,0.9520856280648836,-0.08275944327709184,-0.08275944327709184,9103823
e53f94fb4278dec11ead9ae4813f5b89,f3672ad07d666cf1,1647789647255,frontend-2,60.705,1234,58.5025,1.5610000000000035,53318.439,2.2025000000000006,0.9516888212684158,-0.08275944327709184,-0.08275944327709184,9110130
6bdb5254eda69517a9d3c5490cef293b,24ef0025b32edba1,1647789000426,frontend-0,11.962,204,11.328,0.4504999999999999,16.977,0.6340000000000003,0.9492408435072148,-0.0831955856261416,-0.0831955856261416,7578372
93018a056d9ae80da9d90e268bda412b,85affecb38831275,1647789859790,frontend-2,60.686,1234,58.5025,1.5610000000000035,53318.439,2.183500000000002,0.9434790198590636,-0.0831955856261416,-0.0831955856261416,4534440
d218c1ec62001f44c267e81cb5b0f57b,177bcb8aee540d40,1647788658607,frontend-2,60.684,1234,58.5025,1.5610000000000035,53318.439,2.1814999999999998,0.9426148302370253,-0.0831955856261416,-0.0831955856261416,4521623
0adf0964fd0655c74eb8dd80e02e255d,a2de75d488e69610,1647788402099,frontend-0,60.684,1234,58.5025,1.5610000000000035,53318.439,2.1814999999999998,0.9426148302370253,-0.0831955856261416,-0.0831955856261416,6043731
4be449a01c57da50693519823c719755,adfe182759e83350,1647789236622,frontend-2,32.302,310,30.455,1.3254999999999981,43849.491,1.8470000000000013,0.9398728781591872,-0.0826958890999322,-0.0826958890999322,3001524
dbe8c4c7a810fd8a1800ff88326e91ac,a7faeab2cc0bd1a6,1647788685758,frontend-0,70.07,362,67.275,2.0080000000000027,27147.171,2.7949999999999875,0.9388583167330623,-0.0826958890999322,-0.0826958890999322,9099961
a584b084240941dbd85690827eb83817,c148e35d5ba5a9a7,1647789271787,frontend-2,60.67,1234,58.5025,1.5610000000000035,53318.439,2.167500000000004,0.9365655028827672,-0.0826958890999322,-0.0826958890999322,9106096
10f976fe8df60555fe0a1bb0917cd0dd,4a5d72ff43872512,1647788501694,frontend-2,60.668,1234,58.5025,1.5610000000000035,53318.439,2.1655000000000015,0.9357013132607288,-0.0826958890999322,-0.0826958890999322,7573326
159aad51707ba91528224c535097c363,11b09929d159ac57,1647790196409,frontend-0,32.292,310,30.455,1.3254999999999981,43849.491,1.8370000000000033,0.9347842323651482,-0.0826958890999322,-0.0826958890999322,6062736
017157ee03723f67fc13601f773ae032,c65a08aeaf1efe17,1647789515779,frontend-2,60.661,1234,58.5025,1.5610000000000035,53318.439,2.1585000000000036,0.9326766495835997,-0.08347832468625788,-0.08347832468625788,4530841
edd503b90e07852137bd2db161fc6141,9599d629701e9ab4,1647789097845,frontend-2,11.949,204,11.328,0.4504999999999999,16.977,0.6210000000000004,0.9297769145394016,-0.08347832468625788,-0.08347832468625788,3000035
0d10ecbbe06bf7b28114523c72589e8b,70d55f019c7067c5,1647788979523,frontend-2,60.758,147,58.031,1.9810000000000016,60000.328,2.727000000000004,0.9285015143866739,-0.08347832468625788,-0.08347832468625788,9102906
748f8902176b2b4b0e98ef3ddbc64a0c,9ec7b9572653d907,1647788940293,frontend-0,0.203,207,0.181,0.015999999999999986,0.938,0.02200000000000002,0.9274375000000017,-0.08347832468625788,-0.08347832468625788,6049354
6b0c53ffb0ab47203c2ba5a981436ea7,d46c4c2ed4601e83,1647788932018,frontend-2,60.642,1234,58.5025,1.5610000000000035,53318.439,2.1395000000000053,0.9244668481742474,-0.08347832468625788,-0.08347832468625788,4524456
d2e5da12865c99886d50dfb95f9fe647,be109009e6db7ced,1647789915456,frontend-2,11.945,204,11.328,0.4504999999999999,16.977,0.6170000000000009,0.9237880133185365,-0.0839523523289265,-0.0839523523289265,4535012
6fece7345122c8162f125731ec2077c6,acbd7f3f0cf95f00,1647789123950,frontend-2,70.023,362,67.275,2.0080000000000027,27147.171,2.7479999999999905,0.9230707171314697,-0.0839523523289265,-0.0839523523289265,9104522
3bee65f406b35fa4ce25ddf8207b1a1c,8c12dfb5b6857452,1647789046283,frontend-2,60.636,1234,58.5025,1.5610000000000035,53318.439,2.133500000000005,0.9218742793081359,-0.0839523523289265,-0.0839523523289265,4525730
bee7049fd1ab78456a9e60a346a8579c,431b2201b3e0bf3d,1647789436109,frontend-0,11.943,204,11.328,0.4504999999999999,16.977,0.6150000000000002,0.9207935627081025,-0.0839523523289265,-0.0839523523289265,6054673
e363c3b92a8e9fe01bf40b0c4673aded,45974757ebab8876,1647788685745,frontend-0,11.943,204,11.328,0.4504999999999999,16.977,0.6150000000000002,0.9207935627081025,-0.0839523523289265,-0.0839523523289265,9099954
027a50a532e0e5305b0c7048a5619247,a8b290ca4d08f270,1647789833754,frontend-0,60.627,1234,58.5025,1.5610000000000035,53318.439,2.1245000000000047,0.9179854260089686,-0.08355661322971775,-0.08355661322971775,3007859
76eced48754bbc7abe2c3a2995d1cd0b,a61ac6b1f2d33fde,1647789407867,frontend-0,60.624,1234,58.5025,1.5610000000000035,53318.439,2.1215000000000046,0.9166891415759127,-0.08277338322455824,-0.08277338322455824,3003299
03b8350a26a7413921443e455ee05fab,58cbd13c4124d76c,1647789094447,frontend-0,60.616,1234,58.5025,1.5610000000000035,53318.439,2.113500000000002,0.9132323830877631,-0.08277338322455824,-0.08277338322455824,3000016
163f526b444c16fa362747eee7180fce,d466bd4a8fe3dbcd,1647789937332,frontend-0,60.615,1234,58.5025,1.5610000000000035,53318.439,2.1125000000000043,0.9128002882767454,-0.08277338322455824,-0.08277338322455824,7588267
2844d11ea987790b32fc9d44f91c5940,3a61d8c382614592,1647788612900,frontend-2,69.991,362,67.275,2.0080000000000027,27147.171,2.715999999999994,0.9123217131474072,-0.08277338322455824,-0.08277338322455824,7574408
33e21a01fde7cd9b8d2c49ff03eb0b69,194b467413012a31,1647788973390,frontend-2,60.603,1234,58.5025,1.5610000000000035,53318.439,2.100500000000004,0.9076151505445224,-0.08277338322455824,-0.08277338322455824,9102850
55123be339376bd990337c512924e658,c116321ad571c283,1647788948358,frontend-0,60.602,1234,58.5025,1.5610000000000035,53318.439,2.099499999999999,0.9071830557335017,-0.08277338322455824,-0.08277338322455824,7577818
8f2d75df9cee26ce11cdf2d83ef2a174,b6b637e03fb3c6f7,1647790065606,frontend-2,60.598,1234,58.5025,1.5610000000000035,53318.439,2.0955000000000013,0.9054546764894282,-0.08277338322455824,-0.08277338322455824,9114565
5bcbc7baf2454f0f40b41dcd922bc27d,3724f655ed2bf331,1647789890758,frontend-2,60.596,1234,58.5025,1.5610000000000035,53318.439,2.093499999999999,0.9045904868673901,-0.08277338322455824,-0.08277338322455824,9112620
bec3349d314d2f6a5c732962d8cabf02,e48a5d119a46b615,1647789353753,frontend-2,69.956,362,67.275,2.0080000000000027,27147.171,2.6809999999999974,0.9005649900398386,-0.08386269300891913,-0.08386269300891913,9106932
61334e11f1ea758b4ad2e4dc6dd8cc8c,b86f357058bbe79c,1647789665562,frontend-2,60.578,1234,58.5025,1.5610000000000035,53318.439,2.0755000000000052,0.8968127802690586,-0.08386269300891913,-0.08386269300891913,4532383
6addb06352f970cc5e8c8349ccfdc572,259374930db6f2b7,1647789820374,frontend-2,60.573,1234,58.5025,1.5610000000000035,53318.439,2.0705000000000027,0.8946523062139645,-0.08409755646956496,-0.08409755646956496,3007704
746f96218aa0d381a97d428e0bb09ac3,f263d8b10031e51f,1647789171152,frontend-0,60.572,1234,58.5025,1.5610000000000035,53318.439,2.069500000000005,0.8942202114029469,-0.08409755646956496,-0.08409755646956496,6051940
f52bb0b80f328477831a955a950ea3d9,af7a3a296ba7a18b,1647790000475,frontend-2,60.653,147,58.031,1.9810000000000016,60000.328,2.622,0.8927506309944464,-0.08435109465400659,-0.08435109465400659,3009496
9c47ecd760bcad090bf1c415f05bd3ac,e6e21bd997ed3361,1647790182283,frontend-2,60.567,1234,58.5025,1.5610000000000035,53318.439,2.0645000000000024,0.892059737347853,-0.08435109465400659,-0.08435109465400659,4537969
239c20ca7de9ff02048bd8c71756fd46,b92dae513088db77,1647788762140,frontend-2,60.565,1234,58.5025,1.5610000000000035,53318.439,2.0625,0.8911955477258147,-0.08435109465400659,-0.08435109465400659,9100649
dec96779d0349b34b5d9cce7ca5179b1,3076bd104289ce7a,1647788956207,frontend-2,60.563,1234,58.5025,1.5610000000000035,53318.439,2.0605000000000047,0.8903313581037796,-0.08435109465400659,-0.08435109465400659,9102683
d070471865bbbb51bd2fe6378030cab6,990653002952495d,1647789738357,frontend-2,60.559,1234,58.5025,1.5610000000000035,53318.439,2.0564999999999998,0.8886029788597032,-0.08435109465400659,-0.08435109465400659,6057928
022db5e865ef09849c26a11964fb6d42,46d5f1c91d8bb7ec,1647788989648,frontend-2,11.92,204,11.328,0.4504999999999999,16.977,0.5920000000000005,0.8863573806881252,-0.08441040182954379,-0.08441040182954379,6049887
61f42c8af9be5c5dac3942d9f2d5282d,e28021727c418b7f,1647788592052,frontend-2,11.919,204,11.328,0.4504999999999999,16.977,0.5910000000000011,0.8848601553829097,-0.08441040182954379,-0.08441040182954379,2994787
fa5b6d2a8a6943059a3f6c41cbb44029,bd21aa48d885ec14,1647789298662,frontend-0,60.547,1234,58.5025,1.5610000000000035,53318.439,2.0444999999999993,0.8834178411274801,-0.08441040182954379,-0.08441040182954379,4528466
b842f5eace840a5023d61a62a072d0ec,1829ae80cadc6577,1647788679655,frontend-0,11.918,204,11.328,0.4504999999999999,16.977,0.5899999999999999,0.8833629300776914,-0.08441040182954379,-0.08441040182954379,2995681
32f4773c5fa6b41cba238da9a4472823,4b6aa3472a63d506,1647789757640,frontend-0,60.523,1234,58.5025,1.5610000000000035,53318.439,2.0205000000000055,0.8730475656630369,-0.08421056933391807,-0.08421056933391807,3007039
8970d6ee7004994e6d23ffb64ca5eb51,47212f109c8f1b07,1647789012571,frontend-0,69.869,362,67.275,2.0080000000000027,27147.171,2.593999999999994,0.8713411354581642,-0.08521746791679136,-0.08521746791679136,9103293
fb7fd25cda290d6571c53d13a0f1ae97,74e947abeaa5d852,1647790141964,frontend-2,32.165,310,30.455,1.3254999999999981,43849.491,1.7100000000000009,0.8701584307808391,-0.08521746791679136,-0.08521746791679136,9115387
9f29de3152a0b15a2d2365d285affc54,d9db55f0ef6f01e1,1647788650456,frontend-0,69.863,362,67.275,2.0080000000000027,27147.171,2.587999999999994,0.8693256972111522,-0.08521746791679136,-0.08521746791679136,9099598
b73927234abac4276947f8cbdfc7d8e3,7d8338592cc76184,1647789699087,frontend-2,60.514,1234,58.5025,1.5610000000000035,53318.439,2.011500000000005,0.8691587123638697,-0.08521746791679136,-0.08521746791679136,7585883
8c66e0549128a64abed843e6e4920d17,c8df1b3592caa4ac,1647789284901,frontend-2,60.509,1234,58.5025,1.5610000000000035,53318.439,2.0065000000000026,0.8669982383087756,-0.08521746791679136,-0.08521746791679136,9106240
7fbdef16f6b8a39b957de64c26e7c27a,8a9e3a41102462ff,1647788532351,frontend-0,60.505,1234,58.5025,1.5610000000000035,53318.439,2.002500000000005,0.8652698590647022,-0.08521746791679136,-0.08521746791679136,2994173
de28b58a682bc26cfd80ef7f1fa815ea,b16012d66834d5cc,1647789204996,frontend-2,60.492,1234,58.5025,1.5610000000000035,53318.439,1.9894999999999996,0.8596526265214585,-0.08521746791679136,-0.08521746791679136,7580643
09e64c4625d328b4cb595b0ad06f913f,5a6f3ca0160e3084,1647790147000,frontend-2,32.138,310,30.455,1.3254999999999981,43849.491,1.6829999999999998,0.8564190871369306,-0.08605097159109992,-0.08605097159109992,3011141
dcb4541eb16101f0d28fbdae4622706c,f82e305244493924,1647789404377,frontend-2,32.134,310,30.455,1.3254999999999981,43849.491,1.679000000000002,0.8543836288193157,-0.08701077276792074,-0.08701077276792074,7582654
2c334dc9079ad9ae5cc13a33d91bd514,d52b177afd754fb0,1647789637265,frontend-2,60.479,1234,58.5025,1.5610000000000035,53318.439,1.9765000000000015,0.8540353939782178,-0.08701077276792074,-0.08701077276792074,3005803
9eb137fbae1138c6c59cc77d604ec3f0,625266d0b206174b,1647789645401,frontend-2,60.478,1234,58.5025,1.5610000000000035,53318.439,1.9755000000000038,0.8536032991672002,-0.08701077276792074,-0.08701077276792074,9110112
203879cfb506d66090452947289a1e75,54c3d9cdf6332d94,1647790121811,frontend-0,60.463,1234,58.5025,1.5610000000000035,53318.439,1.9605000000000032,0.8471218770019214,-0.08822040713077678,-0.08822040713077678,9115100
5017e528e9cd78a35995227591398c46,5ebe01916016e0d4,1647789245402,frontend-2,69.794,362,67.275,2.0080000000000027,27147.171,2.5189999999999912,0.8461481573705139,-0.08822040713077678,-0.08822040713077678,3001633
24029f4b09225552e6fc067dfcdb51e4,fe0e1f98e7231a3e,1647789432732,frontend-2,11.893,204,11.328,0.4504999999999999,16.977,0.5650000000000013,0.8459322974472828,-0.08822040713077678,-0.08822040713077678,7582974
f86ddcd287b1d9e947c2541811e90b51,5f13bd077f59ee9d,1647788470682,frontend-2,60.46,1234,58.5025,1.5610000000000035,53318.439,1.9575000000000031,0.8458255925688656,-0.08822040713077678,-0.08822040713077678,2993542
8aff4c208866a2b5b33c99e5ba626ba2,b66678ba867436eb,1647789934857,frontend-0,0.201,207,0.181,0.015999999999999986,0.938,0.020000000000000018,0.8431250000000015,-0.087922926290877,-0.087922926290877,6059877
13a0363cce068ecad526b0b88d380ac3,9cd70151810013a4,1647789465006,frontend-2,0.201,207,0.181,0.015999999999999986,0.938,0.020000000000000018,0.8431250000000015,-0.087922926290877,-0.087922926290877,7583349
8b916b72c1536e6b9aea4f3829b15a72,6ba63cf3f6a2832a,1647790136362,frontend-2,11.889,204,11.328,0.4504999999999999,16.977,0.5609999999999999,0.8399433962264152,-0.087922926290877,-0.087922926290877,7590359
ff849f2637f0038bfb584af74998e9bd,0083811b8eea7018,1647788405433,frontend-2,60.496,147,58.031,1.9810000000000016,60000.328,2.4650000000000034,0.8392945482079762,-0.087922926290877,-0.087922926290877,7572309
7393888dbe898994fdf1cce426f8eb1b,cebae547d42814d7,1647789836959,frontend-2,60.443,1234,58.5025,1.5610000000000035,53318.439,1.9405000000000001,0.8384799807815484,-0.087922926290877,-0.087922926290877,6058899
f19d7cd88fb2a0c0bfd2a55fb113b70d,1eeaee55c545dcff,1647788882511,frontend-2,69.77,362,67.275,2.0080000000000027,27147.171,2.4949999999999903,0.8380864043824657,-0.087922926290877,-0.087922926290877,4523873
4cac0ecbbf17851de6b74c591715d9bd,26b168f1bee0f7f3,1647789315238,frontend-2,60.439,1234,58.5025,1.5610000000000035,53318.439,1.9365000000000023,0.8367516015374751,-0.087922926290877,-0.087922926290877,9106516
4686f924ac5f6fb38f7e56e93e0c4813,d321f1407196f9b5,1647789973589,frontend-2,60.433,1234,58.5025,1.5610000000000035,53318.439,1.930500000000002,0.8341590326713635,-0.08848992962837604,-0.08848992962837604,3009212
02175f89132147d506e398f94ff5870b,e4f78d268aedb0d8,1647790014868,frontend-2,60.426,1234,58.5025,1.5610000000000035,53318.439,1.9235000000000042,0.8311343689942344,-0.08848992962837604,-0.08848992962837604,7589056
011ae5e0011a1f0e7b16fb3fc317c857,afae8bb48f62366a,1647789799195,frontend-0,60.471,147,58.031,1.9810000000000016,60000.328,2.4399999999999977,0.8307824331145871,-0.08848992962837604,-0.08848992962837604,3007479
4fba864091237c74961a3c89e4f5a322,021d2f2313190557,1647789902269,frontend-2,60.425,1234,58.5025,1.5610000000000035,53318.439,1.9224999999999994,0.8307022741832137,-0.08848992962837604,-0.08848992962837604,9112704
898e1ca466f350f7bb8bfd53e3be7eda,f25e054bfb3af448,1647789918952,frontend-2,11.882,204,11.328,0.4504999999999999,16.977,0.5540000000000003,0.8294628190899007,-0.08848992962837604,-0.08848992962837604,7588086
affb9f43841069ce0f46ef768a3d94e0,63d2f3de2f1620fd,1647788920722,frontend-2,60.418,1234,58.5025,1.5610000000000035,53318.439,1.9155000000000015,0.8276776105060846,-0.08848992962837604,-0.08848992962837604,7577517
6d36e2c79cc5993098a7a50345bb3652,f3f8b82a37774e71,1647789066538,frontend-2,60.408,1234,58.5025,1.5610000000000035,53318.439,1.9055000000000035,0.8233566623958997,-0.08999900678114503,-0.08999900678114503,2999723
230a68bc9a0ebf1e3660a5e4a1dbd79b,2bddaf11d93141b0,1647789982084,frontend-2,60.408,1234,58.5025,1.5610000000000035,53318.439,1.9055000000000035,0.8233566623958997,-0.08999900678114503,-0.08999900678114503,4535703
0511c1707257d6e8fcb367798197da68,bc0719bdd35c682f,1647789702002,frontend-2,60.405,1234,58.5025,1.5610000000000035,53318.439,1.9025000000000034,0.8220603779628439,-0.08999900678114503,-0.08999900678114503,6057564
3943d7eb2c1274e2d695079caeae72a8,0e297593edd51bc3,1647789726391,frontend-2,60.399,1234,58.5025,1.5610000000000035,53318.439,1.8965000000000032,0.8194678090967324,-0.08999900678114503,-0.08999900678114503,4533093
6c882b5c4cb298316e74b4dff82f9660,de15ab9908a65094,1647788763202,frontend-2,60.39,1234,58.5025,1.5610000000000035,53318.439,1.8875000000000028,0.815578955797565,-0.09080636309171908,-0.09080636309171908,9100667
67f69d60959d80b73596dc63477821d0,baffee7e4da3fa44,1647788741045,frontend-2,60.388,1234,58.5025,1.5610000000000035,53318.439,1.8855000000000004,0.8147147661755268,-0.09080636309171908,-0.09080636309171908,2996221
5bb7ed32ef9b8a2ce3b9d1a8150107b3,9ea4d7a5b0c65447,1647790193096,frontend-2,60.386,1234,58.5025,1.5610000000000035,53318.439,1.883500000000005,0.8138505765534917,-0.09080636309171908,-0.09080636309171908,9115932
0a84825807b2051e6848d95618f67a82,8a78140a4310b8ca,1647788420290,frontend-0,11.871,204,11.328,0.4504999999999999,16.977,0.543000000000001,0.812993340732521,-0.09080636309171908,-0.09080636309171908,9097249
0060807b4683cdc77eaf796a8499fedb,fcb1d9c05a6a971e,1647789620148,frontend-2,60.377,1234,58.5025,1.5610000000000035,53318.439,1.8745000000000047,0.8099617232543244,-0.09080636309171908,-0.09080636309171908,6056676
2437459913881bea84e882038354a9db,7eed213d456c81b3,1647789384242,frontend-2,60.375,1234,58.5025,1.5610000000000035,53318.439,1.8725000000000023,0.8090975336322861,-0.09080636309171908,-0.09080636309171908,6054147
00f355fd6b459b07587dd504854d5697,f3dddf3f8509429c,1647789068595,frontend-2,60.375,1234,58.5025,1.5610000000000035,53318.439,1.8725000000000023,0.8090975336322861,-0.09080636309171908,-0.09080636309171908,7579135
c0fdd94fb070faaed653f1901b8e3c1e,5450bca4fe28292a,1647789285068,frontend-2,32.043,310,30.455,1.3254999999999981,43849.491,1.588000000000001,0.8080769520935511,-0.09080636309171908,-0.09080636309171908,7581485
27c4173d9b16276cea73f2d971d0d4ef,9323c1274722beaf,1647789366061,frontend-2,60.37,1234,58.5025,1.5610000000000035,53318.439,1.8674999999999997,0.8069370595771922,-0.09080636309171908,-0.09080636309171908,6053934
b6715e920aaab249b5222b52404d8913,c42cd9a126f723a2,1647790143056,frontend-0,11.866,204,11.328,0.4504999999999999,16.977,0.5380000000000003,0.8055072142064379,-0.09080636309171908,-0.09080636309171908,9115390
701f035dfcb1ebb422d2dd99074a51f7,b75d19ef34a5d6e3,1647789440272,frontend-0,60.366,1234,58.5025,1.5610000000000035,53318.439,1.863500000000002,0.8052086803331189,-0.09080636309171908,-0.09080636309171908,9107890
3c7523f8d0e2278b3090212b56c854c5,e1d1dcc99cb432a6,1647790005666,frontend-0,11.865,204,11.328,0.4504999999999999,16.977,0.5370000000000008,0.8040099889012222,-0.09080636309171908,-0.09080636309171908,3009538
7b33187cb3520a7a862ee653f29b36b3,79a27b5c6e4bc1a8,1647788525899,frontend-2,11.863,204,11.328,0.4504999999999999,16.977,0.5350000000000001,0.8010155382907884,-0.09080636309171908,-0.09080636309171908,7573542
723e7dc4780bfad7e2a223d25e75b20f,8fb2546739804ebc,1647789978929,frontend-0,0.2,207,0.181,0.015999999999999986,0.938,0.019000000000000017,0.8009687500000013,-0.09080636309171908,-0.09080636309171908,3009274
3e34f5da8f4b1e0a49770095f2dfdcf7,b3c314d16735bc9b,1647790041096,frontend-0,0.2,207,0.181,0.015999999999999986,0.938,0.019000000000000017,0.8009687500000013,-0.09080636309171908,-0.09080636309171908,3009966
9c9ead1e0346660082457d5e6c741e30,758882af4556d655,1647788865406,frontend-0,0.2,207,0.181,0.015999999999999986,0.938,0.019000000000000017,0.8009687500000013,-0.09080636309171908,-0.09080636309171908,4523725
6850303534b630bd07eb9e10dde3e281,ae91c10d18a6518b,1647788600932,frontend-0,0.2,207,0.181,0.015999999999999986,0.938,0.019000000000000017,0.8009687500000013,-0.09080636309171908,-0.09080636309171908,6045842
bab496e4302e1dd8cba466a0d3ff2868,cf245066f2a977e0,1647788574599,frontend-0,0.2,207,0.181,0.015999999999999986,0.938,0.019000000000000017,0.8009687500000013,-0.09080636309171908,-0.09080636309171908,7574035
4e04fa847447221a47680a2516625271,a05b05b4f077eba2,1647789246116,frontend-0,0.2,207,0.181,0.015999999999999986,0.938,0.019000000000000017,0.8009687500000013,-0.09080636309171908,-0.09080636309171908,7581084
133976a914919549acc5eaf143650165,e58615b18296c87e,1647789700341,frontend-0,0.2,207,0.181,0.015999999999999986,0.938,0.019000000000000017,0.8009687500000013,-0.09080636309171908,-0.09080636309171908,7585884
dad59f42a691940ffc1eab8d956131cb,df136cac11293c4c,1647788932707,frontend-0,0.2,207,0.181,0.015999999999999986,0.938,0.019000000000000017,0.8009687500000013,-0.09080636309171908,-0.09080636309171908,9102425
f8548858ae97142ef5d240bca12c9a6e,5ac59926b9d244ce,1647789760965,frontend-0,60.352,1234,58.5025,1.5610000000000035,53318.439,1.849499999999999,0.7991593529788574,-0.09080636309171908,-0.09080636309171908,6058118
3d57afbe809f98cea979b96f759afa7c,614127f75f317fa5,1647789344682,frontend-2,69.654,362,67.275,2.0080000000000027,27147.171,2.3789999999999907,0.7991212649402348,-0.09080636309171908,-0.09080636309171908,6053715
4e732c2364153ced8ecc255908b7ed38,7cfff0d22c5bcaa6,1647789310212,frontend-2,60.35,1234,58.5025,1.5610000000000035,53318.439,1.8475000000000037,0.7982951633568224,-0.09080636309171908,-0.09080636309171908,6053322
f2144e208fa3b22aa70ba63820159a5a,5958b8391fb73c9f,1647789429719,frontend-2,11.86,204,11.328,0.4504999999999999,16.977,0.532,0.7965238623751388,-0.09080636309171908,-0.09080636309171908,4529841
e8d4f68266a092734f8c7116a34729a4,4b27ba16bc8a259c,1647788643045,frontend-2,11.859,204,11.328,0.4504999999999999,16.977,0.5310000000000006,0.7950266370699234,-0.09080636309171908,-0.09080636309171908,9099510
c4b6d19855036f605e7d14f68fce268b,4b153c39c1a6225e,1647788504765,frontend-2,60.342,1234,58.5025,1.5610000000000035,53318.439,1.839500000000001,0.7948384048686725,-0.09080636309171908,-0.09080636309171908,6044862
4190a5fb83f69c6b0c8aa9695f158b94,106200785576f29d,1647788407577,frontend-2,11.858,204,11.328,0.4504999999999999,16.977,0.5300000000000011,0.7935294117647078,-0.09080636309171908,-0.09080636309171908,2992822
880c55bdc0809ad8321aee3145d164d4,0fc7abf8850ce5a7,1647789487193,frontend-2,60.338,1234,58.5025,1.5610000000000035,53318.439,1.8355000000000032,0.7931100256245993,-0.09080636309171908,-0.09080636309171908,3004155
477288baafd0d7619a37f4107108b09e,c20849ac62dfa231,1647789762026,frontend-0,11.857,204,11.328,0.4504999999999999,16.977,0.5289999999999999,0.7920321864594895,-0.0896954048752166,-0.0896954048752166,4533461
84846fbfcdb75d1497b38e51e783c65d,4af59505c171ed3e,1647789276478,frontend-0,60.333,1234,58.5025,1.5610000000000035,53318.439,1.8305000000000007,0.7909495515695053,-0.0896954048752166,-0.0896954048752166,3001984
4210272a61708e4c531e2c1c69986f61,5d1e69cf5fa963d2,1647788556382,frontend-2,60.325,1234,58.5025,1.5610000000000035,53318.439,1.8225000000000051,0.7874927930813586,-0.08998049687909432,-0.08998049687909432,2994397
37bb57e85d37edb6a47374de2174257f,3f6475b458b43a8a,1647789473390,frontend-2,60.318,1234,58.5025,1.5610000000000035,53318.439,1.8155000000000001,0.7844681294042263,-0.08998049687909432,-0.08998049687909432,7583458
e47fad7725127786be653ee16eec8e5f,f9403b6cebb808e6,1647788434306,frontend-2,60.304,1234,58.5025,1.5610000000000035,53318.439,1.8015000000000043,0.778418802049968,-0.08998049687909432,-0.08998049687909432,4519311
df2d0ec95b462dabf36013cfa1fcd362,c427c63e096ef773,1647789516497,frontend-2,60.3,1234,58.5025,1.5610000000000035,53318.439,1.7974999999999994,0.7766904228058916,-0.08998049687909432,-0.08998049687909432,3004472
dbcad0c23f9fb515cf7c3a80b625aa78,3d2fe97c2925ee52,1647789383129,frontend-2,60.299,1234,58.5025,1.5610000000000035,53318.439,1.7965000000000018,0.7762583279948742,-0.08998049687909432,-0.08998049687909432,3003039
930a655acc303bf95feef9cec3f596fe,a7c0c2d5767e5838,1647788832699,frontend-2,60.298,1234,58.5025,1.5610000000000035,53318.439,1.795500000000004,0.7758262331838565,-0.08998049687909432,-0.08998049687909432,2997245
6ab337b7a533d1bc093efd9acc0faf4c,0a765fccf3abafaf,1647790101055,frontend-2,60.295,1234,58.5025,1.5610000000000035,53318.439,1.792500000000004,0.7745299487508008,-0.08998049687909432,-0.08998049687909432,6061689
5f2801b36dd5b2768e865d50d059fef5,f3fe040c94cb7a4a,1647789492316,frontend-2,69.573,362,67.275,2.0080000000000027,27147.171,2.2979999999999876,0.7719128486055724,-0.08998049687909432,-0.08998049687909432,9108450
7a67b31f263177456d1dee876fc02f2c,837f5584ea874f71,1647788700902,frontend-0,69.566,362,67.275,2.0080000000000027,27147.171,2.290999999999997,0.7695615039840616,-0.09021122251731817,-0.09021122251731817,4522038
56f1ccb03f38d919436460f71ce2fcbd,f07978df87ca2043,1647788520363,frontend-2,60.281,1234,58.5025,1.5610000000000035,53318.439,1.778500000000001,0.7684806213965394,-0.09021122251731817,-0.09021122251731817,2994069
2547084f8a5a1a71dcaee6f868ee8732,d2878819d824fa53,1647789086798,frontend-2,60.277,1234,58.5025,1.5610000000000035,53318.439,1.7745000000000033,0.766752242152466,-0.09036194535251574,-0.09036194535251574,4526147
e376e98940da56afd0a0a562e808f204,6ebf4986a3c13a38,1647789740272,frontend-0,101.469,102,93.9525,6.612499999999997,6746.74,7.5164999999999935,0.7667114177693758,-0.09036194535251574,-0.09036194535251574,7586274
1e132622ee911b878bc5638cfe313cfa,fdab99ab3218361d,1647788971329,frontend-2,60.274,1234,58.5025,1.5610000000000035,53318.439,1.7715000000000032,0.7654559577194103,-0.09036194535251574,-0.09036194535251574,4524837
74ff58aefc58b3696f829db8aadb69aa,70998ec18f7b3c69,1647789012559,frontend-0,11.837,204,11.328,0.4504999999999999,16.977,0.5090000000000003,0.7620876803551616,-0.09036194535251574,-0.09036194535251574,4525299
8e9f0ab148c6c1cdbef0d0a528892aa7,f3545bd74fb57ee3,1647789026028,frontend-2,11.837,204,11.328,0.4504999999999999,16.977,0.5090000000000003,0.7620876803551616,-0.09036194535251574,-0.09036194535251574,6050311
6331657af3ad1df21326dd9aa17057a9,55fe3ea591877dd9,1647788460729,frontend-0,0.199,207,0.181,0.015999999999999986,0.938,0.018000000000000016,0.7588125000000013,-0.09119263853892351,-0.09119263853892351,9097679
f9e8b5afdb45950a62be3d8406363337,5c764b50777f4b7e,1647788731629,frontend-2,69.529,362,67.275,2.0080000000000027,27147.171,2.2539999999999907,0.7571329681274859,-0.09119263853892351,-0.09119263853892351,7575511
aaad9280325838c7bf7bf5b7cce96322,bee1bb45fcb712c1,1647790093335,frontend-2,60.249,1234,58.5025,1.5610000000000035,53318.439,1.7465000000000046,0.7546535874439464,-0.09119263853892351,-0.09119263853892351,3010529
8ac675e90a1df039006885cd56af294b,50285f40b857c3f7,1647789900820,frontend-2,11.831,204,11.328,0.4504999999999999,16.977,0.5030000000000001,0.7531043285238627,-0.09229878846312484,-0.09229878846312484,3008460
0d5dc1092a059adbd7b4b98eb23f44f1,a800fe985162d291,1647789644788,frontend-2,60.243,1234,58.5025,1.5610000000000035,53318.439,1.7405000000000044,0.7520610185778349,-0.09229878846312484,-0.09229878846312484,6056888
7a1b397d460a2bcd28b6e40c4f60f273,702874826ec2bba8,1647788760507,frontend-0,60.241,1234,58.5025,1.5610000000000035,53318.439,1.738500000000002,0.7511968289557968,-0.09229878846312484,-0.09229878846312484,2996432
df3ca7f59ceffab436158217a40f7309,a9baf9c2187ab177,1647789123520,frontend-0,69.506,362,67.275,2.0080000000000027,27147.171,2.2309999999999945,0.7494071215139414,-0.09284229376511494,-0.09284229376511494,4526495
680206e7bc96144cdbaadac29de2b4a1,271f4d79e3a2867f,1647789040247,frontend-2,69.505,362,67.275,2.0080000000000027,27147.171,2.2299999999999898,0.7490712151394378,-0.09284229376511494,-0.09284229376511494,9103615
52c79e02bdd6be300b0dd32b2853781a,382c392f006f5f27,1647789204089,frontend-2,60.224,1234,58.5025,1.5610000000000035,53318.439,1.721499999999999,0.7438512171684796,-0.09284229376511494,-0.09284229376511494,7580630
5f4ef3303033b40af9f04c9d4a430cfc,f757b48b0b14941a,1647788644473,frontend-2,60.222,1234,58.5025,1.5610000000000035,53318.439,1.7195000000000036,0.7429870275464444,-0.09284229376511494,-0.09284229376511494,6046327
799e97b37212ebf3c7ce6781c5b86129,51e478bf60547ea8,1647789929169,frontend-2,69.483,362,67.275,2.0080000000000027,27147.171,2.2079999999999984,0.7416812749003968,-0.09284229376511494,-0.09284229376511494,6059842
b8004dd5ed924bd52a6d4f9c4c516374,dac6355c5d872169,1647788670554,frontend-0,60.217,1234,58.5025,1.5610000000000035,53318.439,1.714500000000001,0.7408265534913505,-0.09284229376511494,-0.09284229376511494,7574961
ac8277ff54af4ee171a1a18690106b5d,0b51affb69b6dff9,1647788775894,frontend-2,60.215,1234,58.5025,1.5610000000000035,53318.439,1.7125000000000057,0.7399623638693154,-0.09284229376511494,-0.09284229376511494,9100781
2ccab108eb57777d90424e34ed8a3fb7,62468f65392b68f1,1647788558342,frontend-2,31.907,310,30.455,1.3254999999999981,43849.491,1.4520000000000017,0.7388713692946077,-0.09284229376511494,-0.09284229376511494,6045386
66b18f29a19f4168d27c0bb8c49dd410,86e138684062e52e,1647789629012,frontend-2,60.212,1234,58.5025,1.5610000000000035,53318.439,1.7095000000000056,0.7386660794362595,-0.09284229376511494,-0.09284229376511494,6056756
c99861155cfa5a7bc9a380d3541cede3,f569471e18912d6f,1647789259654,frontend-2,60.211,1234,58.5025,1.5610000000000035,53318.439,1.7085000000000008,0.7382339846252388,-0.09284229376511494,-0.09284229376511494,3001803
8fc69792fd29f84a9c6cbbaf2a56502c,3140e09c04daaa75,1647788477373,frontend-2,101.189,102,93.9525,6.612499999999997,6746.74,7.236499999999992,0.7381503591682416,-0.09284229376511494,-0.09284229376511494,2993600
5b89fae1d46d41d78a154713b3eaf7e2,2ff42cee23530e72,1647788527974,frontend-2,60.195,147,58.031,1.9810000000000016,60000.328,2.1640000000000015,0.736808682483594,-0.09284229376511494,-0.09284229376511494,2994126
c86b9556cbed9130776ef51a47108dd5,f0142ec383d03307,1647789358215,frontend-0,60.207,1234,58.5025,1.5610000000000035,53318.439,1.704500000000003,0.7365056053811656,-0.09284229376511494,-0.09284229376511494,6053865
a316c22c39938cacac702a0fb986473a,303f26002f4d4e8b,1647788492579,frontend-2,60.2,1234,58.5025,1.5610000000000035,53318.439,1.6975000000000051,0.7334809417040364,-0.09284229376511494,-0.09284229376511494,6044740
f44889a7ca8697566c4fb0c7489b0d03,c2956adfbaeb4230,1647788479322,frontend-2,60.198,1234,58.5025,1.5610000000000035,53318.439,1.6955000000000027,0.7326167520819983,-0.09284229376511494,-0.09284229376511494,9097871
415d59eea626c77c3be831547314c072,e959705c9de2996b,1647789201175,frontend-2,69.456,362,67.275,2.0080000000000027,27147.171,2.1809999999999974,0.7326118027888427,-0.09284229376511494,-0.09284229376511494,6052256
4c4510a026aec27aa9fac736633029b9,17c825f559beaf73,1647788890626,frontend-2,11.816,204,11.328,0.4504999999999999,16.977,0.4880000000000013,0.7306459489456181,-0.09311851373379298,-0.09311851373379298,6048822
2d8a1c90711b05b9d702fffdb4c0ec22,2d5ca083db7b85f5,1647789889148,frontend-2,60.188,1234,58.5025,1.5610000000000035,53318.439,1.6855000000000047,0.7282958039718133,-0.09311851373379298,-0.09311851373379298,7587759
888b371d7bf72fa8ad83c878e8b96f78,db0066835aefce98,1647788645376,frontend-0,60.186,1234,58.5025,1.5610000000000035,53318.439,1.6835000000000022,0.7274316143497751,-0.09311851373379298,-0.09311851373379298,7574730
baba97cc07d4c3db1e616306cb675603,27405cecfe685c4c,1647789550746,frontend-2,11.813,204,11.328,0.4504999999999999,16.977,0.4850000000000012,0.7261542730299687,-0.09311851373379298,-0.09311851373379298,3004787
c8293161894509d0b5773b42d7c05700,70ab521c663a110a,1647789532216,frontend-0,60.182,1234,58.5025,1.5610000000000035,53318.439,1.6795000000000044,0.7257032351057018,-0.09311851373379298,-0.09311851373379298,3004631
40987d491a0039165e948a1bf0a3f48b,e76661204f6b926b,1647789747843,frontend-0,60.179,1234,58.5025,1.5610000000000035,53318.439,1.6765000000000043,0.7244069506726459,-0.09311851373379298,-0.09311851373379298,4533332
ed2598320f92ac7947eed03ddff65d48,ba1da165d249fbc8,1647788988592,frontend-2,60.177,1234,58.5025,1.5610000000000035,53318.439,1.6745000000000019,0.7235427610506078,-0.09311851373379298,-0.09311851373379298,4525032
536eb2e2482f4d082fccdd86f6229f23,7fe2766a238ce131,1647789583840,frontend-2,60.176,1234,58.5025,1.5610000000000035,53318.439,1.6735000000000042,0.7231106662395902,-0.09311851373379298,-0.09311851373379298,3005207
8cc4f36cf040e55d6086b0bb65d50d40,f8b2b1d46d736656,1647789004228,frontend-0,69.422,362,67.275,2.0080000000000027,27147.171,2.1469999999999914,0.7211909860557729,-0.09293285169494125,-0.09293285169494125,4525217
693773e41081aadeaa2771c4559f3686,9db3485184d5d7c1,1647788580622,frontend-0,69.418,362,67.275,2.0080000000000027,27147.171,2.1430000000000007,0.7198473605577682,-0.09293285169494125,-0.09293285169494125,2994693
a2669f1efce9ca845a8e81352599e2c2,da2b4629af60a49a,1647788449497,frontend-2,60.165,1234,58.5025,1.5610000000000035,53318.439,1.6625000000000014,0.7183576233183846,-0.09293285169494125,-0.09293285169494125,2993351
ff5880a556e434d54133b8a990c1480e,fde63d35e696dad2,1647789374036,frontend-2,60.163,1234,58.5025,1.5610000000000035,53318.439,1.660499999999999,0.7174934336963464,-0.09293285169494125,-0.09293285169494125,4529296
f49576f56e167b5a64d1603b20225868,9a2a60ae6bb2b5e1,1647789479705,frontend-0,0.198,207,0.181,0.015999999999999986,0.938,0.017000000000000015,0.7166562500000012,-0.09293285169494125,-0.09293285169494125,6055181
60c57174b31d6f9dde586ae942ba2b90,994679d124f0ae6d,1647788719091,frontend-0,0.198,207,0.181,0.015999999999999986,0.938,0.017000000000000015,0.7166562500000012,-0.09293285169494125,-0.09293285169494125,7575388
0bb3051203be65def54ec235e448b116,f9c76285819c3c33,1647789553818,frontend-2,60.161,1234,58.5025,1.5610000000000035,53318.439,1.6585000000000036,0.7166292440743113,-0.09293285169494125,-0.09293285169494125,4531217
8e804a0cf5a53e8a0b8c46337327ef40,30ad78db3f6f1e28,1647788825701,frontend-2,60.158,1234,58.5025,1.5610000000000035,53318.439,1.6555000000000035,0.7153329596412555,-0.09293285169494125,-0.09293285169494125,2997177
86637feeec6837380c0b5c7d8d9f0d59,56bf14ec2ea1233b,1647789250166,frontend-0,69.403,362,67.275,2.0080000000000027,27147.171,2.128,0.714808764940238,-0.09293285169494125,-0.09293285169494125,9105892
5c1dc4e2c8bea9af81a59bb7f61e3544,6df796ed460a2b79,1647789118116,frontend-2,31.858,310,30.455,1.3254999999999981,43849.491,1.4030000000000022,0.7139370049038121,-0.09293285169494125,-0.09293285169494125,3000249
3528558da6bae080cdccc79ece213fda,283b4a0391244b26,1647789770758,frontend-2,69.397,362,67.275,2.0080000000000027,27147.171,2.122,0.712793326693226,-0.09293285169494125,-0.09293285169494125,6058224
9ec0f22afd5a654c15a4ec39f8c12911,63526af55595b6eb,1647789076600,frontend-2,60.151,1234,58.5025,1.5610000000000035,53318.439,1.6485000000000056,0.7123082959641264,-0.09293285169494125,-0.09293285169494125,7579238
d891c87286c41ab7bf3739d6c40a5200,dc1b96c525cf6e04,1647789115558,frontend-0,60.149,1234,58.5025,1.5610000000000035,53318.439,1.6465000000000032,0.7114441063420882,-0.09299036330250171,-0.09299036330250171,7579649
13810315c1dda09321f37fb0eb066e3b,43d4c9b90c10f573,1647789922518,frontend-2,31.852,310,30.455,1.3254999999999981,43849.491,1.397000000000002,0.7108838174273878,-0.09299036330250171,-0.09299036330250171,3008705
c2d5cb81d2f35c12fdd160bd8e729e58,2ed7585c397a5f3b,1647789191991,frontend-2,60.145,1234,58.5025,1.5610000000000035,53318.439,1.6425000000000054,0.7097157270980148,-0.09328617538961242,-0.09328617538961242,4527349
944e8025f93be28d4fda22f0d7b0feda,991111a2242c03b1,1647789972030,frontend-2,60.143,1234,58.5025,1.5610000000000035,53318.439,1.640500000000003,0.7088515374759766,-0.09328617538961242,-0.09328617538961242,7588600
74afd53d2f4c98c42d3675e88b137912,d427e6664fae07cb,1647788742957,frontend-2,60.137,1234,58.5025,1.5610000000000035,53318.439,1.6345000000000027,0.706258968609865,-0.09357144270051299,-0.09357144270051299,9100447
a9ff1bee3d1786d61b8baaec930cbf2c,e86343f8347f5150,1647789194935,frontend-2,60.137,1234,58.5025,1.5610000000000035,53318.439,1.6345000000000027,0.706258968609865,-0.09357144270051299,-0.09357144270051299,9105314
8402138194fda887f8bc1f33c4f9f269,99a7b3565fb11e3f,1647789224706,frontend-0,11.799,204,11.328,0.4504999999999999,16.977,0.4710000000000001,0.705193118756937,-0.09357144270051299,-0.09357144270051299,9105617
6c8f3f4f2b60d550a6cd460d9721e378,f85e56a0b49de54d,1647790044282,frontend-2,69.374,362,67.275,2.0080000000000027,27147.171,2.0989999999999895,0.7050674800796768,-0.09357144270051299,-0.09357144270051299,4536442
56432ca4aef1eb1f52f2990f7d730918,9cf8c49a5555f56d,1647789224959,frontend-0,60.129,1234,58.5025,1.5610000000000035,53318.439,1.6265,0.7028022101217152,-0.09316243546390168,-0.09316243546390168,4527678
ddd2345f0975f1579beaed8d03f0edb2,06659b0a713f6cd4,1647788880200,frontend-2,60.123,1234,58.5025,1.5610000000000035,53318.439,1.6204999999999998,0.7002096412556037,-0.09330971476630529,-0.09330971476630529,9101871
d95f5030d9e9bff5a972a1685efa3c84,c13e1aa1f68ce270,1647790141505,frontend-2,69.345,362,67.275,2.0080000000000027,27147.171,2.069999999999993,0.6953261952191202,-0.09330971476630529,-0.09330971476630529,3011072
1910b6cb4ebcbfb7c130ac3f7b01ebba,6aa34d415e83610a,1647788798321,frontend-2,60.107,1234,58.5025,1.5610000000000035,53318.439,1.6045000000000016,0.6932961242793072,-0.09330971476630529,-0.09330971476630529,9101018
39a133f982944f8c5513217d93457c4f,3cdc2a7624a819db,1647788941772,frontend-0,60.104,1234,58.5025,1.5610000000000035,53318.439,1.6015000000000015,0.6919998398462515,-0.09330971476630529,-0.09330971476630529,7577766
71230ead783cb01ec2f1af3b2d93bc28,26deca1ea7f85f52,1647789486513,frontend-2,60.102,1234,58.5025,1.5610000000000035,53318.439,1.599499999999999,0.6911356502242133,-0.09330971476630529,-0.09330971476630529,7583598
1144251fa3e22df4c33d69b61450f8a9,1899ebd37eab7c6c,1647789318300,frontend-2,11.789,204,11.328,0.4504999999999999,16.977,0.4610000000000003,0.690220865704773,-0.09330971476630529,-0.09330971476630529,9106556
e849e8d47696836492732d34e0822a5b,4c4b59f973becadb,1647789600826,frontend-0,11.787,204,11.328,0.4504999999999999,16.977,0.4590000000000014,0.6872264150943419,-0.09330971476630529,-0.09330971476630529,4531717
ddf7c9df5b65d1e8fc2b7875b6cbb4e7,02a27d7c3416dffc,1647788905819,frontend-0,60.089,1234,58.5025,1.5610000000000035,53318.439,1.586500000000001,0.6855184176809725,-0.09330971476630529,-0.09330971476630529,4524153
12db052d858d056c9466142f4b5c604c,4c5e5a34063e023d,1647788751019,frontend-2,60.086,1234,58.5025,1.5610000000000035,53318.439,1.5835000000000008,0.6842221332479169,-0.09330971476630529,-0.09330971476630529,6047324
0327533d91ac11829bee8094475341ac,94300d4bc6e8a3fd,1647789796049,frontend-2,60.086,1234,58.5025,1.5610000000000035,53318.439,1.5835000000000008,0.6842221332479169,-0.09330971476630529,-0.09330971476630529,6058516
573fddda4c2b18157cdcaa236c64366d,7fc8b5f55cbf44f3,1647789285600,frontend-0,60.086,1234,58.5025,1.5610000000000035,53318.439,1.5835000000000008,0.6842221332479169,-0.09330971476630529,-0.09330971476630529,9106262
28977c492d2b5f3965084fcd8ec4cb39,21b402adc9845626,1647790006512,frontend-0,60.084,1234,58.5025,1.5610000000000035,53318.439,1.5815000000000055,0.6833579436258816,-0.09330971476630529,-0.09330971476630529,3009572
3776d59279f4e2cdc572feafd759b2b3,6f77ed7b39046c41,1647789495458,frontend-2,69.304,362,67.275,2.0080000000000027,27147.171,2.0289999999999964,0.6815540338645397,-0.09330971476630529,-0.09330971476630529,4530613
61442db00cfd7d804741d3c6e2eb908f,85d662c71c0f4a10,1647789245595,frontend-2,60.079,1234,58.5025,1.5610000000000035,53318.439,1.576500000000003,0.6811974695707876,-0.09330971476630529,-0.09330971476630529,9105846
99523638fa6622b131f0f62a9e473075,b1a1af1d1191d62a,1647789725329,frontend-2,60.079,1234,58.5025,1.5610000000000035,53318.439,1.576500000000003,0.6811974695707876,-0.09330971476630529,-0.09330971476630529,9110957
4c5c7097fdb2c9ab76ac2aab6bc6e396,e141f93f4a60f780,1647788405029,frontend-2,31.793,310,30.455,1.3254999999999981,43849.491,1.338000000000001,0.6808608072425514,-0.09330971476630529,-0.09330971476630529,7572295
e0f2e3e69ea5a73b407b259178a91af1,8f6184dc085fa578,1647788764612,frontend-0,11.782,204,11.328,0.4504999999999999,16.977,0.4540000000000006,0.6797402885682585,-0.09330971476630529,-0.09330971476630529,9100676
5f5d2fb39329df4e5c89d2c7ddb87334,5f3ee39ed960d76d,1647788712720,frontend-2,60.075,1234,58.5025,1.5610000000000035,53318.439,1.5725000000000051,0.6794690903267143,-0.09330971476630529,-0.09330971476630529,4522150
a4df3e5915c8a3bef1ffe27d92aac8d9,f134c36b7b39c0f0,1647788560338,frontend-2,60.074,1234,58.5025,1.5610000000000035,53318.439,1.5715000000000003,0.6790369955156936,-0.09330971476630529,-0.09330971476630529,6045409
033ebcf3740b0d8dbc64d6be8ee55e68,727420dd68674b15,1647788945326,frontend-0,0.197,207,0.181,0.015999999999999986,0.938,0.016000000000000014,0.6745000000000012,-0.09288625138977025,-0.09288625138977025,4524589
b7859d36e93f9a1919d2ac5342ccac4f,61dbee3dc03c2f5e,1647790061508,frontend-2,0.197,207,0.181,0.015999999999999986,0.938,0.016000000000000014,0.6745000000000012,-0.09288625138977025,-0.09288625138977025,7589621
0211fe060c43cced0de732c46198b397,c77da0abf511b6d1,1647789819602,frontend-0,0.197,207,0.181,0.015999999999999986,0.938,0.016000000000000014,0.6745000000000012,-0.09288625138977025,-0.09288625138977025,9111919
d04946b0b7bf7f89c80266d22268e434,92911b8e37890c96,1647789247151,frontend-0,31.774,310,30.455,1.3254999999999981,43849.491,1.3190000000000026,0.6711923802338763,-0.09288625138977025,-0.09288625138977025,4527941
89c0a55681de1ee36811004849623cc3,1e40ace32b9eb993,1647789432792,frontend-2,60.055,1234,58.5025,1.5610000000000035,53318.439,1.552500000000002,0.6708271941063415,-0.09288625138977025,-0.09288625138977025,3003565
793672349b6dd6fbcfb13e525ea42ecd,44c73b80b307808b,1647788902768,frontend-2,31.772,310,30.455,1.3254999999999981,43849.491,1.3170000000000002,0.670174651075067,-0.09288625138977025,-0.09288625138977025,7577313
2794ffec23f724a02269eb5e71dd1911,742872e642ea4b62,1647789346530,frontend-2,60.049,1234,58.5025,1.5610000000000035,53318.439,1.5465000000000018,0.6682346252402299,-0.09429871827091607,-0.09429871827091607,4528954
ac2587159823e04c582660165266ae02,d8d8788fe722a6f5,1647789186519,frontend-0,60.042,1234,58.5025,1.5610000000000035,53318.439,1.5395000000000039,0.6652099615631007,-0.09429871827091607,-0.09429871827091607,7580451
0583c176e64f3a448544bcc23a846bce,cf53405d9455e44f,1647788629924,frontend-2,60.042,1234,58.5025,1.5610000000000035,53318.439,1.5395000000000039,0.6652099615631007,-0.09429871827091607,-0.09429871827091607,9099399
1173e4178e30558eeba3ea6d010e6d0c,b8fb6b73248150a5,1647788504263,frontend-2,31.761,310,30.455,1.3254999999999981,43849.491,1.306000000000001,0.6645771407016234,-0.09429871827091607,-0.09429871827091607,2993902
f5ad7bc662d94f61959892a4a9a33c6b,468288fd665577dd,1647788443943,frontend-0,60.038,1234,58.5025,1.5610000000000035,53318.439,1.535499999999999,0.6634815823190243,-0.09429871827091607,-0.09429871827091607,9097512
0b468fd451bb483d86c3ffc8092bfc44,c62a4f42575a66c3,1647788919639,frontend-2,31.758,310,30.455,1.3254999999999981,43849.491,1.3030000000000008,0.6630505469634114,-0.09429871827091607,-0.09429871827091607,6049153
15e2a8e95f2d7bc016f7f831f47b6e2a,1acab921840b83d0,1647789542112,frontend-0,60.037,1234,58.5025,1.5610000000000035,53318.439,1.5345000000000013,0.6630494875080069,-0.09429871827091607,-0.09429871827091607,6055824
17568adecb00ce56262afc60abd4456a,8dd7eeab376ba004,1647789629531,frontend-0,60.035,1234,58.5025,1.5610000000000035,53318.439,1.5324999999999989,0.6621852978859685,-0.09429871827091607,-0.09429871827091607,6056761
4efba4258db60b99525a9dd2d9d48a7d,f653cc715cffadda,1647789465391,frontend-0,11.77,204,11.328,0.4504999999999999,16.977,0.44200000000000017,0.6617735849056607,-0.09429871827091607,-0.09429871827091607,6055016
afcf6af64bdb8c18a5bed3ce00d91298,e650973fd6a18f9f,1647788477261,frontend-2,60.033,1234,58.5025,1.5610000000000035,53318.439,1.5305000000000035,0.6613211082639334,-0.09429871827091607,-0.09429871827091607,9097852
4cc993f251782f5c2e97500ac8b6229b,f0675c7f121b2608,1647789856635,frontend-0,31.75,310,30.455,1.3254999999999981,43849.491,1.2950000000000017,0.6589796303281799,-0.09429871827091607,-0.09429871827091607,9112296
ad827457816c3d1a43201bd66447990b,66f95f91e8b9403e,1647789072657,frontend-2,11.768,204,11.328,0.4504999999999999,16.977,0.4400000000000013,0.6587791342952296,-0.09429871827091607,-0.09429871827091607,2999788
3eb2cf392cc56a96b2d7c68db5a12354,f8538bbeee9cb8aa,1647790027698,frontend-0,11.766,204,11.328,0.4504999999999999,16.977,0.4380000000000006,0.6557846836847957,-0.09506884267644661,-0.09506884267644661,3009775
1d4b9a956dd2948f73f5c8edb4e3feca,f49eb455a10308d7,1647788532009,frontend-2,60.019,1234,58.5025,1.5610000000000035,53318.439,1.5165000000000006,0.6552717809096721,-0.09506884267644661,-0.09506884267644661,9098426
34aad388164178120ff2d7de2df25daa,c95e07b93454a339,1647789288915,frontend-2,60.016,1234,58.5025,1.5610000000000035,53318.439,1.5135000000000005,0.6539754964766163,-0.09506884267644661,-0.09506884267644661,9106299
82270c476f94baf0c5b450e8b9b567c8,7a8af22bfc17f6e2,1647789126022,frontend-2,69.216,362,67.275,2.0080000000000027,27147.171,1.9409999999999883,0.6519942729083618,-0.09506884267644661,-0.09506884267644661,4526539
5ba1761c8a63e9ce2c21885c1d1ff532,616d0de9bf6b1db8,1647788892339,frontend-0,69.209,362,67.275,2.0080000000000027,27147.171,1.9339999999999975,0.6496429282868509,-0.09506884267644661,-0.09506884267644661,4524007
a9b76e1ac62f49da54f808c7e3fb489d,a86ec1adb232a38a,1647790155916,frontend-2,59.935,147,58.031,1.9810000000000016,60000.328,1.9040000000000035,0.6482826855123681,-0.09506884267644661,-0.09506884267644661,6062328
c69ef476be08da4aedfdf77dcddb498d,dad566a9a6a65dce,1647788730145,frontend-2,60.0,1234,58.5025,1.5610000000000035,53318.439,1.4975000000000023,0.6470619795003199,-0.09506884267644661,-0.09506884267644661,7575501
32009dacd9b098e7fa353e70ae236ed4,3a80ef608f3e4eee,1647789159416,frontend-2,59.996,1234,58.5025,1.5610000000000035,53318.439,1.4935000000000045,0.6453336002562465,-0.09573354086469404,-0.09573354086469404,6051815
d7ea5e87fd376ac65f05a9100ad333e0,530d38a286ee3162,1647789948415,frontend-2,31.722,310,30.455,1.3254999999999981,43849.491,1.267000000000003,0.6447314221048686,-0.09573354086469404,-0.09573354086469404,4535381
6d7178a846d68a747829145923b0fbdd,dc92dbbebe4c20b9,1647789333529,frontend-2,69.191,362,67.275,2.0080000000000027,27147.171,1.9159999999999968,0.6435966135458148,-0.0963735099689561,-0.0963735099689561,3002513
91da6a115eef0753f1192589f8aec8a1,a76a03994385b8ee,1647790029396,frontend-2,59.919,147,58.031,1.9810000000000016,60000.328,1.8879999999999981,0.6428349318525985,-0.0963735099689561,-0.0963735099689561,9114090
d2b1380adfb05eac2b2c3493298ed599,bb04340d61cb3c36,1647788572432,frontend-2,59.981,1234,58.5025,1.5610000000000035,53318.439,1.478500000000004,0.6388521780909676,-0.09354771024755942,-0.09354771024755942,9098803
198ca8499bc76b169b12db181559ac29,27131f84b4268394,1647789790192,frontend-2,31.705,310,30.455,1.3254999999999981,43849.491,1.25,0.6360807242549991,-0.09354771024755942,-0.09354771024755942,7586770
d4c2972ef9367dc16a15f241b49fe03e,a8b8b1f8537e56e4,1647789231021,frontend-0,11.752,204,11.328,0.4504999999999999,16.977,0.42400000000000126,0.6348235294117668,-0.09354771024755942,-0.09354771024755942,4527716
9a49ca77b4afda6c2dcf75231411651e,6a416f2111440ca1,1647788558259,frontend-2,11.75,204,11.328,0.4504999999999999,16.977,0.4220000000000006,0.6318290788013329,-0.09354771024755942,-0.09354771024755942,4520587
5a326329ee3160b9e2105f87c5d79567,795e846c9007f211,1647789221339,frontend-2,59.964,1234,58.5025,1.5610000000000035,53318.439,1.461500000000001,0.6315065663036504,-0.09354771024755942,-0.09354771024755942,4527640
81d01b0517c6d6e953f4b3ca46368d9a,db370de62965b296,1647789233433,frontend-2,31.691,310,30.455,1.3254999999999981,43849.491,1.2360000000000007,0.6289566201433434,-0.09354771024755942,-0.09354771024755942,4527762
753e7d0293c819dc868082d66dcd7b60,aaae0a09e5aa764b,1647789421920,frontend-0,59.958,1234,58.5025,1.5610000000000035,53318.439,1.4555000000000007,0.628913997437539,-0.09354771024755942,-0.09354771024755942,7582843
8a905f3da0329b21f7b1984ee016ef1b,f7220b320be6a724,1647789171516,frontend-2,59.955,1234,58.5025,1.5610000000000035,53318.439,1.4525000000000006,0.6276177130044831,-0.09354771024755942,-0.09354771024755942,9105072
72cb00b18600040ce0c3f3d6c07d1c28,51e80452daaf197a,1647790167900,frontend-0,11.747,204,11.328,0.4504999999999999,16.977,0.4190000000000005,0.6273374028856834,-0.09494786983089698,-0.09494786983089698,3011356
381ac34b482a076c525c2a14fa5fb668,6b5896a583d46a13,1647790092903,frontend-2,59.952,1234,58.5025,1.5610000000000035,53318.439,1.4495000000000005,0.6263214285714274,-0.09494786983089698,-0.09494786983089698,3010524
f886035e94c347b9754b77f45edb28c1,068db39e4a919236,1647788522849,frontend-0,59.944,1234,58.5025,1.5610000000000035,53318.439,1.4415000000000049,0.6228646700832806,-0.09494786983089698,-0.09494786983089698,4520259
11ae20e6ee4af9eaa4fed866e3a4ae65,52e3c2588528b055,1647789753711,frontend-2,59.944,1234,58.5025,1.5610000000000035,53318.439,1.4415000000000049,0.6228646700832806,-0.09494786983089698,-0.09494786983089698,4533395
d48a9d2f2331101c1097caf49fcd4199,eaaadf172ccce4d8,1647789415467,frontend-2,11.744,204,11.328,0.4504999999999999,16.977,0.41600000000000037,0.6228457269700339,-0.09494786983089698,-0.09494786983089698,4529695
f941f65a53177fb529385c7a1dcf1a1f,2498d1b22360521f,1647789882087,frontend-2,59.94,1234,58.5025,1.5610000000000035,53318.439,1.4375,0.6211362908392043,-0.09494786983089698,-0.09494786983089698,6059323
4b3c7f3064abef371bd57c5795a1ecb3,56db84a08ba11728,1647789800111,frontend-2,11.742,204,11.328,0.4504999999999999,16.977,0.4140000000000015,0.6198512763596028,-0.09494786983089698,-0.09494786983089698,9111716
18bc646ac1c20aef1470aa446f74b119,32336b0a10222b58,1647790064086,frontend-2,59.93,1234,58.5025,1.5610000000000035,53318.439,1.427500000000002,0.6168153427290194,-0.09655029406428423,-0.09655029406428423,3010228
7a95cfd3bdf92e1822ff64f6383ee9f7,dd923065cfe63009,1647789266301,frontend-0,59.924,1234,58.5025,1.5610000000000035,53318.439,1.4215000000000018,0.6142227738629077,-0.09655029406428423,-0.09655029406428423,4528130
77dbca10facfab419e8fb5278cef1780,d710de1b6f40edc9,1647790019132,frontend-2,11.738,204,11.328,0.4504999999999999,16.977,0.41000000000000014,0.6138623751387351,-0.09655029406428423,-0.09655029406428423,3009693
da40996891efef520e083116b3ef1503,4a2af1b369f7a4a6,1647790175984,frontend-2,59.923,1234,58.5025,1.5610000000000035,53318.439,1.420500000000004,0.6137906790518902,-0.09655029406428423,-0.09655029406428423,9115734
b4669b8a3af2fc2388e74da9f2719606,74699b93d5d4ffa3,1647789179636,frontend-2,59.921,1234,58.5025,1.5610000000000035,53318.439,1.4185000000000016,0.612926489429852,-0.09655029406428423,-0.09655029406428423,7580385
0819b14016e2a4b4d738c476d1ea3469,7e0de2a8ec08954f,1647788500580,frontend-0,31.655,310,30.455,1.3254999999999981,43849.491,1.2000000000000028,0.6106374952848005,-0.09655029406428423,-0.09655029406428423,9098103
b1440b53f654d42fe7c2f9eee954077c,51b63f094a13df0e,1647789368768,frontend-2,59.915,1234,58.5025,1.5610000000000035,53318.439,1.4125000000000014,0.6103339205637404,-0.09655029406428423,-0.09655029406428423,7582285
d912095ec4ba596d131b3f948068d1b1,b3486bb00421a306,1647790187345,frontend-2,59.912,1234,58.5025,1.5610000000000035,53318.439,1.4095000000000013,0.6090376361306846,-0.09655029406428423,-0.09655029406428423,7590921
ccd3080a475767b7a02f5ca025b3f940,445ea1e9ae86beaa,1647788762964,frontend-2,59.91,1234,58.5025,1.5610000000000035,53318.439,1.4074999999999989,0.6081734465086465,-0.09511145219964723,-0.09511145219964723,6047460
4c93e3d6b21110115231ecb7f1ba3a29,55893eb93e844a56,1647788810644,frontend-2,59.91,1234,58.5025,1.5610000000000035,53318.439,1.4074999999999989,0.6081734465086465,-0.09511145219964723,-0.09511145219964723,6047975
6ace6b81ad78d8f0e14aac2b807e357f,3cbf721f3fddc8bf,1647788815561,frontend-2,59.91,1234,58.5025,1.5610000000000035,53318.439,1.4074999999999989,0.6081734465086465,-0.09511145219964723,-0.09511145219964723,9101217
5bd9aeab776992064e9a14011e3e638e,69c9540cd58e3db0,1647789531998,frontend-2,11.734,204,11.328,0.4504999999999999,16.977,0.4060000000000006,0.60787347391787,-0.09511145219964723,-0.09511145219964723,3004608
2deff8808a925bd892360a45c7a4d58e,de1af9fabbd65f74,1647789478452,frontend-2,59.908,1234,58.5025,1.5610000000000035,53318.439,1.4055000000000035,0.6073092568866113,-0.09511145219964723,-0.09511145219964723,4530400
2bc6036f8632c1bfc551ad295fded7c7,ef41799548252bde,1647788939798,frontend-2,59.908,1234,58.5025,1.5610000000000035,53318.439,1.4055000000000035,0.6073092568866113,-0.09511145219964723,-0.09511145219964723,7577732
c96964130d08ff8a5a7214993e6ae631,f240fa01b255dbde,1647788921897,frontend-2,59.903,1234,58.5025,1.5610000000000035,53318.439,1.400500000000001,0.6051487828315173,-0.09511145219964723,-0.09511145219964723,7577532
c895305780972cdd8b3dc4c0ae027474,4f0729bdf44ce398,1647789240522,frontend-2,11.732,204,11.328,0.4504999999999999,16.977,0.4039999999999999,0.6048790233074363,-0.09511145219964723,-0.09511145219964723,4527844
b576c3e09b0903cbc63295bffbb8ed42,53dcc05a0392376e,1647789246118,frontend-0,31.635,310,30.455,1.3254999999999981,43849.491,1.1800000000000033,0.6004602036967207,-0.09541987341337732,-0.09541987341337732,4527926
df93def272740617989b0f07d85a6d3a,40bee7e42ced9918,1647788801016,frontend-0,69.058,362,67.275,2.0080000000000027,27147.171,1.7830000000000013,0.5989210657370514,-0.09541987341337732,-0.09541987341337732,7576239
1b749c5fc87061bdba134b01d773f22a,5543af613d590f53,1647789698050,frontend-0,11.728,204,11.328,0.4504999999999999,16.977,0.40000000000000036,0.5988901220865712,-0.09541987341337732,-0.09541987341337732,7585852
d6d30e5a3e5a24a4ccd4d5e1ef8e610e,c0eb217aa2369f6f,1647789771251,frontend-2,59.884,1234,58.5025,1.5610000000000035,53318.439,1.3815000000000026,0.5969389814221651,-0.09541987341337732,-0.09541987341337732,7586571
f949b1633ed370b51a3f0c5b54d94c1d,3b49a24d55fa539d,1647789569331,frontend-2,59.883,1234,58.5025,1.5610000000000035,53318.439,1.380500000000005,0.5965068866111475,-0.09541987341337732,-0.09541987341337732,6056111
5717e714d030391efec852108391364c,e2234e62be34afe8,1647790103207,frontend-0,31.626,310,30.455,1.3254999999999981,43849.491,1.171000000000003,0.5958804224820845,-0.09541987341337732,-0.09541987341337732,6061709
594415c9572763db86882050f1e7657d,b9d1dd15912becd3,1647790194165,frontend-2,59.881,1234,58.5025,1.5610000000000035,53318.439,1.3785000000000025,0.5956426969891093,-0.09541987341337732,-0.09541987341337732,3011641
7166cdc4632d7d932ca742c953aadf03,d087db225e415a63,1647789292135,frontend-2,31.622,310,30.455,1.3254999999999981,43849.491,1.1670000000000016,0.5938449641644679,-0.09541987341337732,-0.09541987341337732,9106318
6a6f386ad6135027e1e4c9f00bd2815b,fe3e996a52aedf39,1647789029108,frontend-2,69.04,362,67.275,2.0080000000000027,27147.171,1.7650000000000006,0.5928747509960154,-0.09594823342900394,-0.09594823342900394,2999331
8377749cbe3a96429d9f3946c40ef76c,6708910b0e21120c,1647789482736,frontend-0,0.195,207,0.181,0.015999999999999986,0.938,0.014000000000000012,0.5901875000000011,-0.09485406139650421,-0.09485406139650421,3004108
4edca0c1f63ad52f07ee98b49c508daf,552582bb4cdd3d0e,1647788725122,frontend-0,0.195,207,0.181,0.015999999999999986,0.938,0.014000000000000012,0.5901875000000011,-0.09485406139650421,-0.09485406139650421,4522251
f828e819f7010a6d387917f041796483,c951869b373643cc,1647789035634,frontend-0,0.195,207,0.181,0.015999999999999986,0.938,0.014000000000000012,0.5901875000000011,-0.09485406139650421,-0.09485406139650421,6050441
2863b1e2aab81f6ef45d5c867d91b8ab,03de3b59c425bf2f,1647788491547,frontend-2,0.195,207,0.181,0.015999999999999986,0.938,0.014000000000000012,0.5901875000000011,-0.09485406139650421,-0.09485406139650421,7573197
af0c2866a96c63cb33f358fd582ee1a0,731657c8fc01d9a8,1647788586554,frontend-2,59.863,1234,58.5025,1.5610000000000035,53318.439,1.3605000000000018,0.5878649903907746,-0.09485406139650421,-0.09485406139650421,4520945
2fa72ccdbb738872b129b5e698f69d1b,dd22f2732f7fa29b,1647789873451,frontend-2,59.863,1234,58.5025,1.5610000000000035,53318.439,1.3605000000000018,0.5878649903907746,-0.09485406139650421,-0.09485406139650421,6059253
05e7b64871e70afabfcf21f6aae4be86,292ab3b7af1e451d,1647788635585,frontend-2,31.61,310,30.455,1.3254999999999981,43849.491,1.1550000000000011,0.5877385892116197,-0.09485406139650421,-0.09485406139650421,7574619
094a46d7aa5c1e560137beda4762c9de,9fe0340f8ae2b30c,1647788607965,frontend-0,59.86,1234,58.5025,1.5610000000000035,53318.439,1.3575000000000017,0.5865687059577188,-0.09485406139650421,-0.09485406139650421,2994976
00110dec467573b6be8e889d78edb747,1c68122e35568d28,1647789155910,frontend-0,59.856,1234,58.5025,1.5610000000000035,53318.439,1.353500000000004,0.5848403267136455,-0.09485406139650421,-0.09485406139650421,3000704
2d8cda932c8db30f07abbe83928d9ffd,131d579a78b70c7a,1647789950466,frontend-0,59.855,1234,58.5025,1.5610000000000035,53318.439,1.3524999999999991,0.5844082319026248,-0.09485406139650421,-0.09485406139650421,3008991
8842cf0808c9ae05103c16c7cd7e84cc,0ad7ebdf6332e845,1647789810947,frontend-0,59.855,1234,58.5025,1.5610000000000035,53318.439,1.3524999999999991,0.5844082319026248,-0.09485406139650421,-0.09485406139650421,7586993
900e2dc6840562e25600521474d90650,335c10dfb5f5ed44,1647789676027,frontend-2,11.717,204,11.328,0.4504999999999999,16.977,0.3890000000000011,0.5824206437291916,-0.09465580315125316,-0.09465580315125316,3006161
2c7a6ccd91b1eceaf31ec338b1f5cea2,39e96dcfcd333896,1647789324335,frontend-2,59.845,1234,58.5025,1.5610000000000035,53318.439,1.3425000000000011,0.58008728379244,-0.09465580315125316,-0.09465580315125316,4528707
47f8b2c8a43644e32e3b310046698f78,03e16d78d0c369c6,1647788431942,frontend-2,59.843,1234,58.5025,1.5610000000000035,53318.439,1.3405000000000058,0.5792230941704047,-0.09465580315125316,-0.09465580315125316,4519296
2a83bb8c43447fb0f88ced471580036a,fe016b5b48bd0d44,1647789930271,frontend-0,59.836,1234,58.5025,1.5610000000000035,53318.439,1.3335000000000008,0.5761984304932726,-0.09596610560136948,-0.09596610560136948,9113047
a7d15a86cc5b6926d28d80e6e42c6e1e,fbc8c903d30439d8,1647789873731,frontend-0,59.834,1234,58.5025,1.5610000000000035,53318.439,1.3315000000000055,0.5753342408712374,-0.09571981862489859,-0.09571981862489859,4534546
2f32e784419f960baff0e5f61552c10b,b9d8f655d0ec4669,1647788816519,frontend-2,59.833,1234,58.5025,1.5610000000000035,53318.439,1.3305000000000007,0.5749021460602168,-0.09571981862489859,-0.09571981862489859,7576414
66e385c3e637d900e1b9e95facf98993,56a2b76ce11a615e,1647788688538,frontend-2,59.826,1234,58.5025,1.5610000000000035,53318.439,1.3235000000000028,0.5718774823830877,-0.09656809160049673,-0.09656809160049673,2995772
a342d0d59a0f6788645822fe9f6e9c50,b22f4535d8a0b9d4,1647788961261,frontend-2,68.973,362,67.275,2.0080000000000027,27147.171,1.6979999999999933,0.5703690239043795,-0.09656809160049673,-0.09656809160049673,9102719
710b1d647c1a11db9138517fd9b80e6e,305dc71d8bdfe826,1647789725651,frontend-2,59.821,1234,58.5025,1.5610000000000035,53318.439,1.3185000000000002,0.5697170083279937,-0.09656809160049673,-0.09656809160049673,9110961
015b8281d421995109713d848f62c3aa,294cf7c9db16c27c,1647788418702,frontend-0,59.819,1234,58.5025,1.5610000000000035,53318.439,1.3165000000000049,0.5688528187059586,-0.09656809160049673,-0.09656809160049673,2992951
d0c3866255803205fa7049846b49b666,20aa3eaa0a1fc6f3,1647789136964,frontend-0,68.965,362,67.275,2.0080000000000027,27147.171,1.6899999999999977,0.567681772908365,-0.09656809160049673,-0.09656809160049673,7579899
8faa6f8516349252ffaa447743717b1f,908aff010b0256c0,1647788952479,frontend-0,59.808,1234,58.5025,1.5610000000000035,53318.439,1.305500000000002,0.564099775784753,-0.09632762434148945,-0.09632762434148945,9102649
318aff41a826cb21efa0a068a2d20866,0d101330051c745b,1647789219827,frontend-0,59.808,1234,58.5025,1.5610000000000035,53318.439,1.305500000000002,0.564099775784753,-0.09632762434148945,-0.09632762434148945,9105559
22753e626e2efbc0a6a7ab450eb0ba06,df7a640752dc7b56,1647789711064,frontend-2,59.801,1234,58.5025,1.5610000000000035,53318.439,1.2985000000000042,0.5610751121076238,-0.09632762434148945,-0.09632762434148945,3006593
74236e5b41ad1dc5013cf29e3b4f8211,a4a96b6b335e7bae,1647788646689,frontend-2,59.801,1234,58.5025,1.5610000000000035,53318.439,1.2985000000000042,0.5610751121076238,-0.09632762434148945,-0.09632762434148945,9099561
ccf257da24eed3992f7a357883026ef4,2a75e9befa181aad,1647789555210,frontend-2,59.798,1234,58.5025,1.5610000000000035,53318.439,1.295500000000004,0.5597788276745681,-0.09632762434148945,-0.09632762434148945,9109106
2588d81ae7913d2b2be411edd4306051,35fc7f9d5a6dad72,1647788985307,frontend-0,59.795,1234,58.5025,1.5610000000000035,53318.439,1.292500000000004,0.5584825432415124,-0.09632762434148945,-0.09632762434148945,9102984
e9c5aacf5b9ab0021ac268eafb7184e6,edc199d06ee3c2d9,1647790174951,frontend-2,31.548,310,30.455,1.3254999999999981,43849.491,1.093,0.5561889852885711,-0.09724612907673957,-0.09724612907673957,3011453
dc58873b0c6b4d9e1ca59778067ba301,5d1a1fb88ed0f429,1647788956916,frontend-2,59.786,1234,58.5025,1.5610000000000035,53318.439,1.2835000000000036,0.554593689942345,-0.0971000217772573,-0.0971000217772573,6049551
a5cc4faeb9b2a3a57b7915779cc1696a,a78ef570fb748146,1647789855931,frontend-0,59.786,1234,58.5025,1.5610000000000035,53318.439,1.2835000000000036,0.554593689942345,-0.0971000217772573,-0.0971000217772573,7587443
3b8373c84ac609d7c155d2f2ad9a9c97,2275e24d55c5f165,1647788769264,frontend-2,59.78,1234,58.5025,1.5610000000000035,53318.439,1.2775000000000034,0.5520011210762333,-0.0971000217772573,-0.0971000217772573,2996518
a5fb9c5669ef4d1c14d5cc54fed8f516,e0ed34226fc51aca,1647789187832,frontend-2,59.78,1234,58.5025,1.5610000000000035,53318.439,1.2775000000000034,0.5520011210762333,-0.0971000217772573,-0.0971000217772573,4527289
d0247f0a956838cbf1732c300d0378b3,5275b48911d4b85f,1647789411426,frontend-2,59.779,1234,58.5025,1.5610000000000035,53318.439,1.2765000000000057,0.5515690262652159,-0.0971000217772573,-0.0971000217772573,7582737
bcf4bd63f577904b7f9d84c4a6363097,9d223debf25f839e,1647788804086,frontend-0,68.917,362,67.275,2.0080000000000027,27147.171,1.641999999999996,0.5515582669322688,-0.0971000217772573,-0.0971000217772573,2996910
f83999438b40de8ff15877bf0e39483f,accc12dadddd728a,1647790113352,frontend-0,59.774,1234,58.5025,1.5610000000000035,53318.439,1.2715000000000032,0.5494085522101219,-0.0971000217772573,-0.0971000217772573,6061830
429370874cd8e75b7fe6e136557c8166,6d35ddd0169599a5,1647788558341,frontend-2,0.194,207,0.181,0.015999999999999986,0.938,0.013000000000000012,0.5480312500000009,-0.0971000217772573,-0.0971000217772573,2994411
5d916351813727a93035cd30a2135378,5a6bf7f830cf332b,1647789247151,frontend-0,0.194,207,0.181,0.015999999999999986,0.938,0.013000000000000012,0.5480312500000009,-0.0971000217772573,-0.0971000217772573,3001659
85266d2dee2d14e42370fc6aacad9090,74c5880899f6c962,1647789403711,frontend-0,0.194,207,0.181,0.015999999999999986,0.938,0.013000000000000012,0.5480312500000009,-0.0971000217772573,-0.0971000217772573,3003234
827c5ce8d2eed6a2946afd49604726b9,7f35850d79140d75,1647789739485,frontend-0,0.194,207,0.181,0.015999999999999986,0.938,0.013000000000000012,0.5480312500000009,-0.0971000217772573,-0.0971000217772573,3006878
fbf1a850cf3855527e695b0311952f71,7d922f119ff926a9,1647789594303,frontend-2,0.194,207,0.181,0.015999999999999986,0.938,0.013000000000000012,0.5480312500000009,-0.0971000217772573,-0.0971000217772573,4531661
b1f480e48b8b1f671822b073f810e299,adc4d2b7c6367675,1647788868436,frontend-0,0.194,207,0.181,0.015999999999999986,0.938,0.013000000000000012,0.5480312500000009,-0.0971000217772573,-0.0971000217772573,7576921
69cafbe219dab395fbd49323eb273c1e,92c001e3f136e2b2,1647788597816,frontend-0,0.194,207,0.181,0.015999999999999986,0.938,0.013000000000000012,0.5480312500000009,-0.0971000217772573,-0.0971000217772573,9099049
d1704245aa8423452c06f57b3e633923,fd8b969dcdced225,1647789174831,frontend-2,59.638,147,58.031,1.9810000000000016,60000.328,1.6069999999999993,0.5471587582029271,-0.0971000217772573,-0.0971000217772573,7580325
f677b8d3918755a0f0490d9f7647190d,77f6057977ff1b0f,1647788412758,frontend-2,59.765,1234,58.5025,1.5610000000000035,53318.439,1.2625000000000028,0.5455196989109545,-0.0971000217772573,-0.0971000217772573,4519069
c94ae2286d8bc5b0ec4707b681a615dc,4dc48cd3843f1ae4,1647788499100,frontend-2,68.898,362,67.275,2.0080000000000027,27147.171,1.6229999999999905,0.5451760458167291,-0.0971000217772573,-0.0971000217772573,4519996
38590dfc88317860ec4f1d93b9e0f839,d7b6dd94a6d2c0a0,1647789217232,frontend-2,68.896,362,67.275,2.0080000000000027,27147.171,1.6209999999999951,0.5445042330677268,-0.0971000217772573,-0.0971000217772573,6052367
cb47ad9b80c0341861fdf81d83f13e6c,7dc25396b38eaeb0,1647788871139,frontend-2,59.629,147,58.031,1.9810000000000016,60000.328,1.597999999999999,0.5440943967693076,-0.0971000217772573,-0.0971000217772573,2997662
e1006560062911c703887cc8912a3bad,89c79463e1f52d6a,1647790044637,frontend-0,11.691,204,11.328,0.4504999999999999,16.977,0.3630000000000013,0.5434927857935647,-0.0971000217772573,-0.0971000217772573,4536445
c758c8cacca5b01e3d3685c6d1b0a7a2,bf8c989613efc6b1,1647789578463,frontend-2,59.76,1234,58.5025,1.5610000000000035,53318.439,1.2575000000000003,0.5433592248558605,-0.0971000217772573,-0.0971000217772573,3005113
e8fb2ba048d796561617c3cc986b8231,b1163cdf8634aa76,1647789886573,frontend-2,59.76,1234,58.5025,1.5610000000000035,53318.439,1.2575000000000003,0.5433592248558605,-0.0971000217772573,-0.0971000217772573,6059369
7b5567f9d7004756eebc742b5470f7ea,5adb909b32984ee6,1647789635074,frontend-2,59.759,1234,58.5025,1.5610000000000035,53318.439,1.2565000000000026,0.5429271300448429,-0.0971000217772573,-0.0971000217772573,4532062
1c13a15a350ec3c8b08aa1030d91d565,f876a05ac6ae8ae3,1647790024506,frontend-2,59.758,1234,58.5025,1.5610000000000035,53318.439,1.255500000000005,0.5424950352338254,-0.0971000217772573,-0.0971000217772573,6060849
f4e8f54133fc4a8939c196a8f1e96bc3,3c2b483647e3bf4b,1647788693590,frontend-2,31.517,310,30.455,1.3254999999999981,43849.491,1.0620000000000012,0.5404141833270478,-0.0971000217772573,-0.0971000217772573,2995812
729d30db685dd5faa443893cff9e0017,f5bc4c7c64bd7e9e,1647789412406,frontend-2,59.751,1234,58.5025,1.5610000000000035,53318.439,1.2485,0.5394703715566932,-0.0971000217772573,-0.0971000217772573,4529666
8bb0ec7c62ad5ef563506682c1b165f7,8666aca277e9a440,1647789093860,frontend-2,59.742,1234,58.5025,1.5610000000000035,53318.439,1.2394999999999996,0.5355815182575259,-0.0971000217772573,-0.0971000217772573,4526241
022652503b1973d11379564fcb325662,7ae9873b982fc79d,1647789556466,frontend-2,99.191,102,93.9525,6.612499999999997,6746.74,5.238500000000002,0.5343468052930062,-0.0971000217772573,-0.0971000217772573,7584322
de8f53c0f9033e1ccf0eab090f9b6255,19f07b033f598ae0,1647789512918,frontend-2,59.736,1234,58.5025,1.5610000000000035,53318.439,1.2334999999999994,0.5329889493914143,-0.0985028437837665,-0.0985028437837665,4530796
d1014d54a53b794c57608a8333dd7307,634253f234b46577,1647788510613,frontend-0,59.736,1234,58.5025,1.5610000000000035,53318.439,1.2334999999999994,0.5329889493914143,-0.0985028437837665,-0.0985028437837665,9098221
1170ab1e949f4ebcedbcb25fac709c9f,ae2520dd7c88b9d7,1647789806257,frontend-2,59.733,1234,58.5025,1.5610000000000035,53318.439,1.2304999999999993,0.5316926649583585,-0.0985028437837665,-0.0985028437837665,6058613
1096c47513c06bf85715ac0a0ef08d2e,1250636d7f6dafbf,1647788896877,frontend-0,59.729,1234,58.5025,1.5610000000000035,53318.439,1.2265000000000015,0.5299642857142851,-0.09894585755328911,-0.09894585755328911,7577255
f1c11f4e46e68e5b1173186eae010416,c7a645e187b00730,1647789076495,frontend-2,59.729,1234,58.5025,1.5610000000000035,53318.439,1.2265000000000015,0.5299642857142851,-0.09894585755328911,-0.09894585755328911,9104026
cf17ef1369fe9d4c792668a71e7c9000,477ca758757db844,1647788814500,frontend-2,59.724,1234,58.5025,1.5610000000000035,53318.439,1.221499999999999,0.5278038116591911,-0.09894585755328911,-0.09894585755328911,9101204
5e1c8ac54952676076e4aeac67390b11,4785a3e2f496ceb7,1647789825893,frontend-2,31.49,310,30.455,1.3254999999999981,43849.491,1.0350000000000001,0.5266748396831392,-0.09894585755328911,-0.09894585755328911,7587164
e50d46549167901aa7b92c0c98cbc3ad,1e66bbbef2fb5c68,1647789742419,frontend-2,59.716,1234,58.5025,1.5610000000000035,53318.439,1.2135000000000034,0.5243470531710445,-0.09894585755328911,-0.09894585755328911,7586294
75543d7391645d44bf699a9c2a30b0d5,d7f1691c3af57041,1647788746898,frontend-2,31.485,310,30.455,1.3254999999999981,43849.491,1.0300000000000011,0.5241305167861198,-0.09894585755328911,-0.09894585755328911,4522477
a1fa7d62d977679898d91fd39180bea3,9cb326505dbd588f,1647788762631,frontend-0,59.714,1234,58.5025,1.5610000000000035,53318.439,1.211500000000001,0.5234828635490063,-0.09894585755328911,-0.09894585755328911,9100666
c6afdc1d8984c5ad801412502b1a33df,2b84c42ab8141bb5,1647788879505,frontend-2,59.708,1234,58.5025,1.5610000000000035,53318.439,1.2055000000000007,0.5208902946828947,-0.09894585755328911,-0.09894585755328911,4523837
c3a9376438fb1a06b6eef71cb0761ee8,aabde3c62f8252c6,1647788798395,frontend-2,31.476,310,30.455,1.3254999999999981,43849.491,1.0210000000000008,0.5195507355714836,-0.09894585755328911,-0.09894585755328911,7576204
07771740bf719c3f28ed05454a8cf6c0,c0cb8214108cd30b,1647789177871,frontend-2,59.699,1234,58.5025,1.5610000000000035,53318.439,1.1965000000000003,0.5170014413837274,-0.09894585755328911,-0.09894585755328911,3000926
8da85a6655caadbe226b3b3123bdc0df,796f0aeb3534f56e,1647789039040,frontend-2,31.47,310,30.455,1.3254999999999981,43849.491,1.0150000000000006,0.5164975480950594,-0.09894585755328911,-0.09894585755328911,2999480
5a4c9ededf755484aad3945ea65d847e,18f70e244efa1186,1647789141452,frontend-2,59.696,1234,58.5025,1.5610000000000035,53318.439,1.1935000000000002,0.5157051569506715,-0.09894585755328911,-0.09894585755328911,7579944
01e70dabbebd76813a1ba801796d43e4,3f0503d762a85e9b,1647788899733,frontend-2,31.468,310,30.455,1.3254999999999981,43849.491,1.0130000000000017,0.515479818936252,-0.09894585755328911,-0.09894585755328911,7577275
4f55ea9a08027635f4817850f6e0ea27,efc0d2d5ace89224,1647788730255,frontend-0,59.69,1234,58.5025,1.5610000000000035,53318.439,1.1875,0.5131125880845601,-0.09894585755328911,-0.09894585755328911,7575504
9e72ed7b900191dab768c6db93f50efc,b068d5f9e098947b,1647788447664,frontend-0,31.461,310,30.455,1.3254999999999981,43849.491,1.0060000000000002,0.5119177668804233,-0.09894585755328911,-0.09894585755328911,4519498
263e47bb9a18976af31d64fccfb8bae3,e2d1d9104b79fdb7,1647788466337,frontend-2,59.686,1234,58.5025,1.5610000000000035,53318.439,1.1835000000000022,0.5113842088404866,-0.09894585755328911,-0.09894585755328911,9097729
0fdc4489413df807f53c545525246c64,3d2374bea1085a16,1647789140391,frontend-2,59.674,1234,58.5025,1.5610000000000035,53318.439,1.1715000000000018,0.5061990711082636,-0.09894585755328911,-0.09894585755328911,3000486
4251debc363fbbfb033d3527dfc4ca7a,733d205cf8716de2,1647789067920,frontend-0,0.193,207,0.181,0.015999999999999986,0.938,0.01200000000000001,0.5058750000000009,-0.09894585755328911,-0.09894585755328911,7579132
4ebc92e561b373d7aeb07ce50d15290a,73dbbcc5564189f6,1647789351764,frontend-2,31.448,310,30.455,1.3254999999999981,43849.491,0.9930000000000021,0.5053025273481723,-0.09894585755328911,-0.09894585755328911,7582106
bf5668f9eaac7995318c01e764a4b6e1,2138a5bce12682c0,1647789769762,frontend-0,59.669,1234,58.5025,1.5610000000000035,53318.439,1.1664999999999992,0.5040385970531696,-0.09894585755328911,-0.09894585755328911,3007163
193841ede597922b32089e12b92e4b8b,8f3a8867184adc69,1647788577785,frontend-2,31.443,310,30.455,1.3254999999999981,43849.491,0.9880000000000031,0.5027582044511528,-0.09894585755328911,-0.09894585755328911,2994651
b2d3f5997945806be24c7514262aa0e4,a4bd99c6e0d30d1f,1647789571392,frontend-2,11.663,204,11.328,0.4504999999999999,16.977,0.33500000000000085,0.5015704772475041,-0.09894585755328911,-0.09894585755328911,6056128
78558240631511976d1981b1b06ddb5d,fa8bfc45cbde023f,1647789906569,frontend-0,68.767,362,67.275,2.0080000000000027,27147.171,1.4919999999999902,0.5011723107569681,-0.09894585755328911,-0.09894585755328911,9112788
91921c5eb88b3693ce8c0d39766179ab,a0b9a748a0498b31,1647788542137,frontend-2,59.659,1234,58.5025,1.5610000000000035,53318.439,1.1565000000000012,0.49971764894298465,-0.09894585755328911,-0.09894585755328911,4520444
712ed264b67574df85d5cd3e2315b2dc,59a10c25dae85471,1647788476822,frontend-0,59.659,1234,58.5025,1.5610000000000035,53318.439,1.1565000000000012,0.49971764894298465,-0.09894585755328911,-0.09894585755328911,9097854
f0f0ccff47b63d439c498ad3289fefde,d1149d8aaf324a29,1647790034628,frontend-2,11.661,204,11.328,0.4504999999999999,16.977,0.3330000000000002,0.4985760266370703,-0.09894585755328911,-0.09894585755328911,9114171
f3f2f6f7655d795660d7d8167763d956,c9d44824d645eea6,1647790086207,frontend-2,31.434,310,30.455,1.3254999999999981,43849.491,0.9790000000000028,0.4981784232365166,-0.09894585755328911,-0.09894585755328911,3010475
1f2438409b5a2a032517ce651103fc60,5454b660abe8b644,1647789040500,frontend-0,11.66,204,11.328,0.4504999999999999,16.977,0.33200000000000074,0.4970788013318547,-0.09894585755328911,-0.09894585755328911,7578839
3fc93206e7829ff0099145c72a3561b1,61dd104747b491c0,1647789687899,frontend-2,68.753,362,67.275,2.0080000000000027,27147.171,1.4779999999999944,0.4964696215139417,-0.09894585755328911,-0.09894585755328911,9110578
d3d8e7c128c1820f0af415ee284137d4,0950e3396b5024f4,1647789943951,frontend-0,59.65,1234,58.5025,1.5610000000000035,53318.439,1.1475000000000009,0.4958287956438173,-0.09894585755328911,-0.09894585755328911,7588356
7626a3a703f96706aa85d10a8094e378,06c09d75a3aa9ce4,1647789345684,frontend-2,68.749,362,67.275,2.0080000000000027,27147.171,1.4739999999999895,0.49512599601593205,-0.09894585755328911,-0.09894585755328911,3002630
a081e632afdd1628e59833484a0a92fa,5153417c13f3dc03,1647789148431,frontend-2,68.743,362,67.275,2.0080000000000027,27147.171,1.4679999999999893,0.49311055776892004,-0.09894585755328911,-0.09894585755328911,4526814
0a4818b48c112e61612c63917f3bfe25,150848f2fb83569f,1647789830259,frontend-0,11.657,204,11.328,0.4504999999999999,16.977,0.3290000000000006,0.49258712541620525,-0.09894585755328911,-0.09894585755328911,3007803
32d41572cd6d9b46d7ab85a57f64adbc,5c08fd6fcbe85913,1647788510947,frontend-2,31.421,310,30.455,1.3254999999999981,43849.491,0.9660000000000011,0.4915631837042638,-0.09894585755328911,-0.09894585755328911,4520130
4352c0f3dcc2b59d2c31acd8e7cc7c85,b5cf093234ca0a46,1647789223888,frontend-0,11.656,204,11.328,0.4504999999999999,16.977,0.3280000000000012,0.4910899001109897,-0.09894585755328911,-0.09894585755328911,9105601
1e4b4d17e046aa0f018af4e0e9271d37,9d701233371bc139,1647789062032,frontend-0,59.639,1234,58.5025,1.5610000000000035,53318.439,1.1365000000000052,0.4910757527226148,-0.09894585755328911,-0.09894585755328911,9103833
d92438868e211b82aecf8e0d93e8ccc4,14ee2e642d3d10b7,1647789596341,frontend-2,31.419,310,30.455,1.3254999999999981,43849.491,0.9640000000000022,0.4905454545454564,-0.09894585755328911,-0.09894585755328911,7584810
01c1ef31e7800d0c03f65c9874e71064,f16d376a77367def,1647788487612,frontend-2,68.727,362,67.275,2.0080000000000027,27147.171,1.4519999999999982,0.48773605577689116,-0.0986903291046351,-0.0986903291046351,4519881
349c7447acdef1eb8fa52539427ab157,17de978b96c4add6,1647789452981,frontend-2,59.628,1234,58.5025,1.5610000000000035,53318.439,1.1255000000000024,0.4863227098014093,-0.0986903291046351,-0.0986903291046351,7583232
bbec1c0d58a8aeb23e08976defe08d24,75b6d0eccfb0aea0,1647789609434,frontend-2,59.627,1234,58.5025,1.5610000000000035,53318.439,1.1245000000000047,0.4858906149903917,-0.0986903291046351,-0.0986903291046351,4531833
1dcb404c5d03011abfdb200a18906139,16cac0db57a47285,1647788478814,frontend-2,59.627,1234,58.5025,1.5610000000000035,53318.439,1.1245000000000047,0.4858906149903917,-0.0986903291046351,-0.0986903291046351,9097869
49417a024eade38e3073d846af7d37af,95bbb213895682dc,1647788992226,frontend-2,59.624,1234,58.5025,1.5610000000000035,53318.439,1.1215000000000046,0.4845943305573359,-0.0986903291046351,-0.0986903291046351,6049920
f4c47b0aa00aaa4690b04c0f1817454c,7e7c50d97b6ca2a3,1647789035636,frontend-0,31.406,310,30.455,1.3254999999999981,43849.491,0.9510000000000005,0.4839302150132035,-0.0986903291046351,-0.0986903291046351,9103546
c88ec0fd3f60b69d89181b00b3e00c11,d8ccd440b5045a1b,1647789812008,frontend-0,59.622,1234,58.5025,1.5610000000000035,53318.439,1.1195000000000022,0.48373014093529776,-0.0986903291046351,-0.0986903291046351,6058680
6cf2695cfac7779a176f0fb0a8d158e6,a97b7e3440ba1a14,1647789941381,frontend-2,31.393,310,30.455,1.3254999999999981,43849.491,0.9380000000000024,0.4773149754809525,-0.0986903291046351,-0.0986903291046351,6059958
904f24d0e16d670746d70a9726aec22f,c463bd833f7ef3d5,1647789146513,frontend-2,59.603,1234,58.5025,1.5610000000000035,53318.439,1.1005000000000038,0.47552033952594547,-0.0986903291046351,-0.0986903291046351,4526772
038e301ebc9405b4abc41f711f56a80d,300544919161a966,1647788419901,frontend-0,11.645,204,11.328,0.4504999999999999,16.977,0.31700000000000017,0.4746204217536074,-0.0986903291046351,-0.0986903291046351,4519140
2f54ec0038164a1a41462d3633a365e3,a468c74d50c51a32,1647790160887,frontend-2,31.381,310,30.455,1.3254999999999981,43849.491,0.9260000000000019,0.47120860052810426,-0.09741283779680465,-0.09741283779680465,7590680
be070db36039310a92ff06f8a10dfdd4,d74a76b5a196b298,1647790165839,frontend-0,59.593,1234,58.5025,1.5610000000000035,53318.439,1.0905000000000058,0.4711993914157606,-0.09741283779680465,-0.09741283779680465,3011343
6bd81ec74597908ff17e32d765b4ebed,a12de092c90c3cc8,1647789839337,frontend-0,68.677,362,67.275,2.0080000000000027,27147.171,1.402000000000001,0.4709407370517925,-0.09741283779680465,-0.09741283779680465,7587280
bde4cf0aec9fdc525b7d392d94b5c272,ad85614d455bbd55,1647789012977,frontend-2,59.592,1234,58.5025,1.5610000000000035,53318.439,1.089500000000001,0.4707672966047399,-0.09741283779680465,-0.09741283779680465,9103299
6d5974a4d10b72cb59401bc826b49b2c,ce8cb2a4c19b66c0,1647789377960,frontend-2,11.642,204,11.328,0.4504999999999999,16.977,0.31400000000000006,0.470128745837958,-0.09741283779680465,-0.09741283779680465,7582411
769c7e806b1517ce9d5afad1eb8d10fa,aed92537a2abfa30,1647789494388,frontend-2,68.673,362,67.275,2.0080000000000027,27147.171,1.3979999999999961,0.469597111553783,-0.09812118699349742,-0.09812118699349742,6055336
1d826daa1e09d09e425b75a288f5b123,8f295b48ff81a662,1647789457387,frontend-0,68.66,362,67.275,2.0080000000000027,27147.171,1.384999999999991,0.46523032868525527,-0.09812118699349742,-0.09812118699349742,9108073
1cda746c4898ae49a65d2c287306634e,f76c04a31da5bcc1,1647789065316,frontend-2,59.579,1234,58.5025,1.5610000000000035,53318.439,1.076500000000003,0.4651500640614993,-0.09812118699349742,-0.09812118699349742,6050771
6788eee68ba43d4e58cb48519a975136,f3ad41590927c568,1647789483132,frontend-2,59.578,1234,58.5025,1.5610000000000035,53318.439,1.0755000000000052,0.46471796925048164,-0.09812118699349742,-0.09812118699349742,6055212
fb358b1cd4f43a7e943bc76d77594c3e,e10d7935468be35d,1647789165800,frontend-2,0.192,207,0.181,0.015999999999999986,0.938,0.01100000000000001,0.46371875000000085,-0.09812118699349742,-0.09812118699349742,3000796
7f5fe7021548713218a91c1f55d99b1b,8022e207573d66d1,1647789365429,frontend-0,0.192,207,0.181,0.015999999999999986,0.938,0.01100000000000001,0.46371875000000085,-0.09812118699349742,-0.09812118699349742,3002831
0aa05615ca12baf1278419f8c43378a4,bfaa9ac66ade591f,1647788823909,frontend-2,0.192,207,0.181,0.015999999999999986,0.938,0.01100000000000001,0.46371875000000085,-0.09812118699349742,-0.09812118699349742,6048102
8794fb82a4802572876eb50d5deb7bdf,7633015dc0052f1e,1647789626224,frontend-0,0.192,207,0.181,0.015999999999999986,0.938,0.01100000000000001,0.46371875000000085,-0.09812118699349742,-0.09812118699349742,6056725
ff86c001ef48a4a19fa513ed8d8f3686,a64c99b994b75e2d,1647790051126,frontend-0,0.192,207,0.181,0.015999999999999986,0.938,0.01100000000000001,0.46371875000000085,-0.09812118699349742,-0.09812118699349742,9114388
6ee547538209efc662e7bf1bef58b892,1d8ff23202aa475b,1647788516973,frontend-0,59.575,1234,58.5025,1.5610000000000035,53318.439,1.0725000000000051,0.4634216848174259,-0.09812118699349742,-0.09812118699349742,9098285
697e0b3cf62393873f85c94bb31ceb46,77858e73a7053364,1647788901409,frontend-0,68.654,362,67.275,2.0080000000000027,27147.171,1.3789999999999907,0.46321489043824327,-0.09812118699349742,-0.09812118699349742,4524089
8c3b8d75d66cf48da76693ffe20bf215,778a8070ba9f7ba6,1647789297044,frontend-2,59.573,1234,58.5025,1.5610000000000035,53318.439,1.0705000000000027,0.4625574951953877,-0.09812118699349742,-0.09812118699349742,4528438
c6517eec2c1099edd70fc6e77e51f1b4,0a505d1794069872,1647789323459,frontend-2,68.652,362,67.275,2.0080000000000027,27147.171,1.3769999999999953,0.46254307768924086,-0.09812118699349742,-0.09812118699349742,6053471
e82c04c5c4648acc225ff28c32e60fc8,392a00e68ec20632,1647790015943,frontend-2,59.385,147,58.031,1.9810000000000016,60000.328,1.3539999999999992,0.4610161534578489,-0.09812118699349742,-0.09812118699349742,6060741
3d0b988d5ee4a0bcab0fd8394d32ac92,6ccf7a45d632fc47,1647789991992,frontend-0,59.567,1234,58.5025,1.5610000000000035,53318.439,1.0645000000000024,0.4599649263292761,-0.09812118699349742,-0.09812118699349742,9113660
902832db9763c465310869a56663a1db,fda7e126474bf057,1647789497794,frontend-0,68.642,362,67.275,2.0080000000000027,27147.171,1.3669999999999902,0.4591840139442192,-0.09812118699349742,-0.09812118699349742,9108573
163ba699dcac54925eef4bc1a67242ae,a4511ad5e21e1f74,1647789944259,frontend-2,59.563,1234,58.5025,1.5610000000000035,53318.439,1.0605000000000047,0.4582365470852028,-0.09812118699349742,-0.09812118699349742,3008941
12cadfe4d53a69bfde36723d1fa33260,e9b2f7ba5ce152a5,1647789110625,frontend-0,11.631,204,11.328,0.4504999999999999,16.977,0.3030000000000008,0.45365926748057844,-0.09812118699349742,-0.09812118699349742,6051222
74bb67c0af7af1312f1a71ca8ee26424,6848dc796488595a,1647789064477,frontend-2,59.55,1234,58.5025,1.5610000000000035,53318.439,1.0474999999999994,0.452619314541959,-0.09812118699349742,-0.09812118699349742,9103864
5b6287e3adce671d72b10bd01d0829e9,81f1420cd13e2be9,1647789305162,frontend-2,59.549,1234,58.5025,1.5610000000000035,53318.439,1.0465000000000018,0.45218721973094145,-0.09812118699349742,-0.09812118699349742,7581647
b8ee96b4bb68c1157e3507785422ce00,af7a2cde160eed16,1647789231264,frontend-2,68.614,362,67.275,2.0080000000000027,27147.171,1.3389999999999986,0.44977863545816626,-0.09812118699349742,-0.09812118699349742,6052520
7231d3b4a0d60cb14f800cb9161ec16f,62805d9931cccec6,1647790130785,frontend-2,59.349,147,58.031,1.9810000000000016,60000.328,1.3179999999999978,0.4487587077233709,-0.09784880191357836,-0.09784880191357836,4537395
8e5808b27ac6cd5c188a4e8e02126b5b,b8bc44752bb9df09,1647788949122,frontend-2,68.608,362,67.275,2.0080000000000027,27147.171,1.3329999999999984,0.4477631972111542,-0.09784880191357836,-0.09784880191357836,4524655
02cf6591280a65f0a13f99ba332eb10a,1ea8ca9f72fa394a,1647788833845,frontend-2,68.6,362,67.275,2.0080000000000027,27147.171,1.3249999999999886,0.445075946215135,-0.09784880191357836,-0.09784880191357836,4523410
6c28009e03bc3c1d678d021e49f26324,a4a8c2b531e839ad,1647789994693,frontend-2,59.532,1234,58.5025,1.5610000000000035,53318.439,1.0294999999999987,0.4448416079436243,-0.09784880191357836,-0.09784880191357836,7588816
9c4df66dbcdf41bbf23ab5aa230ad816,8d17144cdd8c5336,1647788754493,frontend-0,59.529,1234,58.5025,1.5610000000000035,53318.439,1.0265000000000057,0.44354532351057163,-0.09784880191357836,-0.09784880191357836,7575760
51c1d28ae91a5be94df152684e21f59f,109e937b4c8108b0,1647789941889,frontend-0,59.525,1234,58.5025,1.5610000000000035,53318.439,1.0225000000000009,0.4418169442664952,-0.09784880191357836,-0.09784880191357836,3008902
450083d25518032d7ed6f1da0093ad7d,a12db1098d1c335e,1647789423658,frontend-2,59.522,1234,58.5025,1.5610000000000035,53318.439,1.0195000000000007,0.4405206598334394,-0.09784880191357836,-0.09784880191357836,7582880
635736d49efeb604aa456d4957d99f1c,cf88094c01283a60,1647788917836,frontend-2,59.517,1234,58.5025,1.5610000000000035,53318.439,1.0145000000000053,0.4383601857783485,-0.09784880191357836,-0.09784880191357836,6049131
c65acc9e7c9c3da5cb517c5810d6f81d,0fdbcf07cb780bad,1647790174918,frontend-2,59.517,1234,58.5025,1.5610000000000035,53318.439,1.0145000000000053,0.4383601857783485,-0.09784880191357836,-0.09784880191357836,9115717
1b407b3dd9236db5a56880c82628e8fe,d02f5f4dac1d4a70,1647788773327,frontend-2,68.573,362,67.275,2.0080000000000027,27147.171,1.2979999999999876,0.4360064741035809,-0.09784880191357836,-0.09784880191357836,4522758
f756c781142561bfdace1c68ff7c30b8,70a109ab04f8c524,1647789887204,frontend-0,59.509,1234,58.5025,1.5610000000000035,53318.439,1.0065000000000026,0.4349034272901987,-0.09662404833568328,-0.09662404833568328,3008364
3d3a2b713b4d172dd87a10c5cc3ae461,c7f793209c4b73ae,1647789760702,frontend-0,59.509,1234,58.5025,1.5610000000000035,53318.439,1.0065000000000026,0.4349034272901987,-0.09662404833568328,-0.09662404833568328,6058100
22a85e4a56ad73bde17e72e31e6d5f89,2ca9d01eaac3de20,1647789274779,frontend-2,59.509,1234,58.5025,1.5610000000000035,53318.439,1.0065000000000026,0.4349034272901987,-0.09662404833568328,-0.09662404833568328,9106138
08ff933212a48d474e3df51b497c8100,001ffcd5dd3957c6,1647789037005,frontend-2,31.308,310,30.455,1.3254999999999981,43849.491,0.8530000000000015,0.4340614862316121,-0.09672263909074497,-0.09672263909074497,6050461
d814ab517de5de46e9029f7d3541be63,ef39f3d533da4a35,1647789511717,frontend-2,59.504,1234,58.5025,1.5610000000000035,53318.439,1.0015,0.43274295323510475,-0.09672263909074497,-0.09672263909074497,9108689
601c03d0c486c8af4a32635cdfb92eb5,3fb6dbbd3cf2bb6a,1647789923574,frontend-0,11.617,204,11.328,0.4504999999999999,16.977,0.2890000000000015,0.4326981132075495,-0.09672263909074497,-0.09672263909074497,4535106
a96d154600a27521239c9ea35767f608,a560b225d2c5c031,1647788650119,frontend-2,59.499,1234,58.5025,1.5610000000000035,53318.439,0.9965000000000046,0.4305824791800138,-0.09672263909074497,-0.09672263909074497,4521528
5d858333cf5ded5ed372586a3ea750d9,c8900c938bdbcce6,1647788407062,frontend-2,59.495,1234,58.5025,1.5610000000000035,53318.439,0.9924999999999997,0.42885409993593737,-0.09672263909074497,-0.09672263909074497,7572323
c2755c7bf6a8005db97d63760c339e81,2e7bf92df3696270,1647789716126,frontend-2,59.495,1234,58.5025,1.5610000000000035,53318.439,0.9924999999999997,0.42885409993593737,-0.09672263909074497,-0.09672263909074497,9110889
2bff769a1c6c798752cbb67ef6fad4de,bf1d19fad984d1c9,1647789763773,frontend-2,11.612,204,11.328,0.4504999999999999,16.977,0.2840000000000007,0.4252119866814662,-0.09672263909074497,-0.09672263909074497,4533481
31d18924c5392e7f99a41bab96299b69,89bde3475509cc4b,1647788775086,frontend-2,59.486,1234,58.5025,1.5610000000000035,53318.439,0.9834999999999994,0.42496524663677004,-0.09672263909074497,-0.09672263909074497,4522761
e8c20849c85f29c4764d1775c68c82d3,44d838a3a7d3c164,1647789224719,frontend-0,68.54,362,67.275,2.0080000000000027,27147.171,1.2650000000000006,0.42492156374501955,-0.09672263909074497,-0.09672263909074497,4527669
ca61ffceb3f511f595175592a50b22f6,fe577f66e393269f,1647789317980,frontend-0,68.54,362,67.275,2.0080000000000027,27147.171,1.2650000000000006,0.42492156374501955,-0.09672263909074497,-0.09672263909074497,9106549
0da1f6c308019909b31504710006f72d,25ad3746ab6a25a6,1647789788157,frontend-2,31.29,310,30.455,1.3254999999999981,43849.491,0.8350000000000009,0.42490192380233976,-0.09672263909074497,-0.09672263909074497,9111586
51579df5ec94e97e115fe8c4e9da512b,7ed1c5f56d4afa4b,1647789546131,frontend-2,11.611,204,11.328,0.4504999999999999,16.977,0.28300000000000125,0.4237147613762506,-0.09722556515436032,-0.09722556515436032,6055846
826911a524de639da364fcc1c68d6b86,c4d33b888aeca807,1647788493545,frontend-0,0.191,207,0.181,0.015999999999999986,0.938,0.010000000000000009,0.42156250000000073,-0.09757869962473126,-0.09757869962473126,2993775
85fef64abcead7d1051fd001b270c7cf,6bb56c679f04db59,1647788482509,frontend-2,0.191,207,0.181,0.015999999999999986,0.938,0.010000000000000009,0.42156250000000073,-0.09757869962473126,-0.09757869962473126,6044610
1c1201104699540049ade0896539619d,a0c7619a092d366e,1647789637136,frontend-2,59.477,1234,58.5025,1.5610000000000035,53318.439,0.974499999999999,0.4210763933376028,-0.09757869962473126,-0.09757869962473126,7585218
7e9af939e0849efba1cd09fc6ff2311d,2b73783177e6f8a0,1647789190581,frontend-0,59.474,1234,58.5025,1.5610000000000035,53318.439,0.9714999999999989,0.419780108904547,-0.09812212239465745,-0.09812212239465745,3001061
5574d374743deb485b12660448d2a745,3f0940c919ca0637,1647788964601,frontend-0,59.474,1234,58.5025,1.5610000000000035,53318.439,0.9714999999999989,0.419780108904547,-0.09812212239465745,-0.09812212239465745,6049609
4ededc2a5bfa5273b9be38a18bd65d85,3293fda5fc07e70e,1647790043577,frontend-0,59.474,1234,58.5025,1.5610000000000035,53318.439,0.9714999999999989,0.419780108904547,-0.09812212239465745,-0.09812212239465745,9114320
a2bd73fbf71f7f7b328d789e47e8681f,e2a2077c46e80efb,1647789902036,frontend-0,59.472,1234,58.5025,1.5610000000000035,53318.439,0.9695000000000036,0.41891591928251176,-0.09812212239465745,-0.09812212239465745,6059511
e8397cf7829afd2620790b33b34ff198,a5d29f14df886166,1647789203028,frontend-2,59.26,147,58.031,1.9810000000000016,60000.328,1.2289999999999992,0.41845557799091304,-0.09812212239465745,-0.09812212239465745,3001188
e5c357126fb9e518bdd28206f8de27c3,3187a25492a8afaf,1647789037222,frontend-2,59.467,1234,58.5025,1.5610000000000035,53318.439,0.964500000000001,0.4167554452274178,-0.09812212239465745,-0.09812212239465745,4525598
024ea2aed996988c7f2861a0c7d3a76e,6ac3308bb165f49e,1647788904409,frontend-2,68.504,362,67.275,2.0080000000000027,27147.171,1.2289999999999992,0.41282893426294737,-0.09812212239465745,-0.09812212239465745,9102138
019557b7f80afd9ac8d481864e4ddd1a,77199892b0c178ab,1647789175892,frontend-2,59.454,1234,58.5025,1.5610000000000035,53318.439,0.9515000000000029,0.41113821268417716,-0.09812212239465745,-0.09812212239465745,3000914
c971ad066378b253857a3246ced9db71,69c94987398a5af0,1647788455141,frontend-2,59.454,1234,58.5025,1.5610000000000035,53318.439,0.9515000000000029,0.41113821268417716,-0.09812212239465745,-0.09812212239465745,4519560
a946ab4872dc31f911bfc846f3358a99,1cbe3dbcf995f6d3,1647789471117,frontend-2,59.233,147,58.031,1.9810000000000016,60000.328,1.2019999999999982,0.4092624936900545,-0.09820147005229102,-0.09820147005229102,7583438
3d910497bb886fa1de4679de03a0607d,b95a2f07d412568d,1647789588536,frontend-2,68.482,362,67.275,2.0080000000000027,27147.171,1.2069999999999936,0.4054389940239017,-0.09820147005229102,-0.09820147005229102,9109492
d8ad1824e04c8cd6cd7ecde339c7f8c9,bebd8cbde4e77674,1647789462319,frontend-2,31.249,310,30.455,1.3254999999999981,43849.491,0.7940000000000005,0.40403847604677556,-0.09820147005229102,-0.09820147005229102,3003910
2f5874c86a3c1721a9d558b2ea9c46fc,e4b62c2092d21982,1647789451006,frontend-2,68.477,362,67.275,2.0080000000000027,27147.171,1.2019999999999982,0.40375946215139324,-0.09820147005229102,-0.09820147005229102,7583185
2be8a59cad8a12ed09fa85b9621b4e5c,9b595bbc85ac4828,1647789771531,frontend-0,59.433,1234,58.5025,1.5610000000000035,53318.439,0.9305000000000021,0.40206422165278666,-0.09820147005229102,-0.09820147005229102,9111433
031b29b34aa602c9c7a1abc9a9c997c0,013d43517bb609bc,1647789858992,frontend-0,59.432,1234,58.5025,1.5610000000000035,53318.439,0.9295000000000044,0.40163212684176913,-0.09820147005229102,-0.09820147005229102,9112324
0194f78ab361ddb637f9671bda5814fb,a0e02d306e4d5ae7,1647788878444,frontend-2,59.428,1234,58.5025,1.5610000000000035,53318.439,0.9254999999999995,0.3999037475976927,-0.09820147005229102,-0.09820147005229102,6048679
ec6dc44f093e2f47867321217274df89,cadce8b1957b1efe,1647788417641,frontend-0,59.421,1234,58.5025,1.5610000000000035,53318.439,0.9185000000000016,0.3968790839205636,-0.09820147005229102,-0.09820147005229102,6043896
9f565a9d7d7d6855696ce8d33619da78,a41a51df431025db,1647788721776,frontend-2,59.413,1234,58.5025,1.5610000000000035,53318.439,0.910499999999999,0.3934223254324138,-0.09820147005229102,-0.09820147005229102,6047058
9f741e149e46e5351ec1d9af4d22c30b,6d7ebdaee34ef653,1647789546143,frontend-2,68.444,362,67.275,2.0080000000000027,27147.171,1.168999999999997,0.3926745517928271,-0.09916368041630597,-0.09916368041630597,9109022
ba951da1c42416b4fe46500c324c51bb,ff09385b05eb840a,1647789324472,frontend-2,59.404,1234,58.5025,1.5610000000000035,53318.439,0.9015000000000057,0.3895334721332495,-0.10053126694041647,-0.10053126694041647,9106637
e84bfecd5e30fd4de3654da0e2de61da,7cbd2c5500cb586f,1647789155501,frontend-2,68.432,362,67.275,2.0080000000000027,27147.171,1.1569999999999965,0.38864367529880306,-0.10053126694041647,-0.10053126694041647,7580115
84e95384d79bdbcc495b16ef4a090d55,8afb41d609bf806b,1647789752480,frontend-2,59.397,1234,58.5025,1.5610000000000035,53318.439,0.8945000000000007,0.3865088084561173,-0.10053126694041647,-0.10053126694041647,3007006
f12431edfca70203085d2d7f7745eba2,2a9f5a0c18daae1a,1647789701380,frontend-2,68.411,362,67.275,2.0080000000000027,27147.171,1.1359999999999957,0.38158964143426094,-0.10026313943006065,-0.10026313943006065,7585907
9861d55b25d0e45079b33972ca4940fb,d3fc3544a13aa01d,1647788697600,frontend-2,59.383,1234,58.5025,1.5610000000000035,53318.439,0.880500000000005,0.3804594811018591,-0.10026313943006065,-0.10026313943006065,6046827
9daea5f03aeaa38f69ae68af1ee77131,840a260ec328ab71,1647789431682,frontend-2,68.405,362,67.275,2.0080000000000027,27147.171,1.1299999999999955,0.37957420318724894,-0.10026313943006065,-0.10026313943006065,4529876
e1245e656ec27b9010883320f600e99a,a598aa2f2eb63be7,1647789986960,frontend-0,0.19,207,0.181,0.015999999999999986,0.938,0.009000000000000008,0.37940625000000067,-0.10026313943006065,-0.10026313943006065,3009340
1b962e59e85fb682f068f35ef6d61b7c,9e2faead4fc19130,1647790149396,frontend-0,0.19,207,0.181,0.015999999999999986,0.938,0.009000000000000008,0.37940625000000067,-0.10026313943006065,-0.10026313943006065,7590579
f355a46ee0522897cb9d5e0ddde261f9,80694a3563df4e1a,1647789636348,frontend-0,59.379,1234,58.5025,1.5610000000000035,53318.439,0.8765000000000001,0.3787311018577827,-0.10026313943006065,-0.10026313943006065,4532080
22b36e0418750db94aeb224b99c9032d,8864641db164ebc3,1647788565484,frontend-2,68.397,362,67.275,2.0080000000000027,27147.171,1.1219999999999999,0.3768869521912345,-0.10026313943006065,-0.10026313943006065,6045481
a74587acc00091feeb975bc81f2f3dd7,b9ff9232225c2882,1647790020204,frontend-2,59.372,1234,58.5025,1.5610000000000035,53318.439,0.8695000000000022,0.3757064381806535,-0.10020707498773773,-0.10020707498773773,7589116
7126704015300c2c101dbf8d7125bf00,0a3c07fe1aaf5c81,1647788491737,frontend-0,59.372,1234,58.5025,1.5610000000000035,53318.439,0.8695000000000022,0.3757064381806535,-0.10020707498773773,-0.10020707498773773,9098011
834b1a8cd0f440b749901371d13c07b7,fddd48a0ae89c1f4,1647789010867,frontend-2,68.391,362,67.275,2.0080000000000027,27147.171,1.1159999999999997,0.3748715139442225,-0.10020707498773773,-0.10020707498773773,6050136
06626b0b0f3ea0ac04910cb0185a8d64,16ac9b35df17bc90,1647788827638,frontend-2,59.367,1234,58.5025,1.5610000000000035,53318.439,0.8644999999999996,0.3735459641255595,-0.10147294136429486,-0.10147294136429486,6048154
0662263c668d3baa37c4724bc47dcd3f,5fb93d44eab558af,1647789318411,frontend-2,59.126,147,58.031,1.9810000000000016,60000.328,1.0949999999999989,0.3728306410903577,-0.10147294136429486,-0.10147294136429486,9106572
3fef69bd4fb6728642b61903c4aad715,970d7877d77daef0,1647788643058,frontend-2,59.125,147,58.031,1.9810000000000016,60000.328,1.0940000000000012,0.372490156486623,-0.10147294136429486,-0.10147294136429486,7574705
e488820392ba9432c9fc7bbd6ac7ff01,f77907067a1edc15,1647788945040,frontend-2,11.575,204,11.328,0.4504999999999999,16.977,0.2469999999999999,0.3698146503884572,-0.10147294136429486,-0.10147294136429486,7577778
92bb5234cdbd44a190f5ca473ad81c58,4ecb296a8a805169,1647789298046,frontend-2,59.358,1234,58.5025,1.5610000000000035,53318.439,0.8554999999999993,0.3696571108263922,-0.10147294136429486,-0.10147294136429486,4528457
ec3cfeca002c6cb618e1b195445c5801,d072f2ddc1d0e43f,1647789124757,frontend-0,59.356,1234,58.5025,1.5610000000000035,53318.439,0.8535000000000039,0.3687929212043571,-0.10147294136429486,-0.10147294136429486,6051391
c47311d1d77fa60ebabb7dbf76117d3d,bac1eadd945112c9,1647788766405,frontend-0,59.356,1234,58.5025,1.5610000000000035,53318.439,0.8535000000000039,0.3687929212043571,-0.10147294136429486,-0.10147294136429486,7575898
190357ec590887f9b0eaf2ec250cc448,95149235ef2eb72a,1647790134662,frontend-2,59.353,1234,58.5025,1.5610000000000035,53318.439,0.8505000000000038,0.3674966367713013,-0.10147294136429486,-0.10147294136429486,4537429
229608910b230ba5f40ee0ed28dbfa59,2f6dfb67b65429e3,1647789749009,frontend-2,59.353,1234,58.5025,1.5610000000000035,53318.439,0.8505000000000038,0.3674966367713013,-0.10147294136429486,-0.10147294136429486,9111198
af64bc23c45dd312692bc7aaacd72135,1b9b1e44531baabc,1647789032098,frontend-2,31.176,310,30.455,1.3254999999999981,43849.491,0.7210000000000001,0.3668913617502835,-0.10147294136429486,-0.10147294136429486,7578734
6a2106cf67ab0dc87653930db8319b6a,aac0be06e06036b6,1647788895579,frontend-0,59.351,1234,58.5025,1.5610000000000035,53318.439,0.8485000000000014,0.366632447149263,-0.10147294136429486,-0.10147294136429486,9102056
bf93826aedea07c1b4883a872f882149,f961c9fea15354f4,1647789873951,frontend-2,59.104,147,58.031,1.9810000000000016,60000.328,1.0730000000000004,0.3653399798081775,-0.10147294136429486,-0.10147294136429486,9112448
a6c6c204fe82d2a3d548045163d0a31a,6ba0daae30e83db7,1647789320274,frontend-2,59.342,1234,58.5025,1.5610000000000035,53318.439,0.839500000000001,0.3627435938500957,-0.10147294136429486,-0.10147294136429486,7581793
5c7972ecb8ad1caae1522a3c7ade80e0,98817c8d2b2c0317,1647788647197,frontend-2,31.167,310,30.455,1.3254999999999981,43849.491,0.7120000000000033,0.3623115805356491,-0.10147294136429486,-0.10147294136429486,7574744
2ab09a2aa47f4afb80d2ed04ff5b04c0,22b99f0db38db31f,1647789943868,frontend-2,31.166,310,30.455,1.3254999999999981,43849.491,0.7110000000000021,0.36180271595624447,-0.10147294136429486,-0.10147294136429486,4535323
1e49ac62137f1b81d6874f9bd2f6957c,27b9a0bc142ade0d,1647789421987,frontend-0,59.334,1234,58.5025,1.5610000000000035,53318.439,0.8315000000000055,0.35928683536194905,-0.10132602907150312,-0.10132602907150312,3003439
9dfd437c7984f077b5062739303ad13e,4e4863b1d7a1f31a,1647790146720,frontend-0,59.334,1234,58.5025,1.5610000000000035,53318.439,0.8315000000000055,0.35928683536194905,-0.10132602907150312,-0.10132602907150312,6062220
3cdc738a1d2b73f20a0fee4ccc0a3161,fddd6c1c3499ced8,1647789328088,frontend-0,59.334,1234,58.5025,1.5610000000000035,53318.439,0.8315000000000055,0.35928683536194905,-0.10132602907150312,-0.10132602907150312,7581866
b7d4ab0585919c998385426c2f405985,14a91799e25cebaa,1647789245656,frontend-2,31.158,310,30.455,1.3254999999999981,43849.491,0.703000000000003,0.35773179932101296,-0.10132602907150312,-0.10132602907150312,6052702
a16e103133e93d87ee90737367de4836,7a523963c2f0408c,1647788549198,frontend-2,59.326,1234,58.5025,1.5610000000000035,53318.439,0.8235000000000028,0.35583007687379925,-0.10132602907150312,-0.10132602907150312,2994320
b9981f12e45182ec4b6543966f6fa013,57c7eeb08eca856c,1647788744271,frontend-0,59.325,1234,58.5025,1.5610000000000035,53318.439,0.8225000000000051,0.35539798206278167,-0.10132602907150312,-0.10132602907150312,9100456
b300b5a816011aef017744add2a10b91,726739d09f023ad4,1647789756560,frontend-2,59.072,147,58.031,1.9810000000000016,60000.328,1.041000000000004,0.35444447248864314,-0.10132602907150312,-0.10132602907150312,7586398
ad2d25b2272e42e49eaaae62b7b10a5f,88be85b12799f904,1647788479476,frontend-2,31.149,310,30.455,1.3254999999999981,43849.491,0.6940000000000026,0.3531520181063768,-0.10132602907150312,-0.10132602907150312,6044574
53c0b67b00f67fb9547e0df70a89ee29,8443780ec14e185d,1647788961354,frontend-2,59.318,1234,58.5025,1.5610000000000035,53318.439,0.8155000000000001,0.35237331838564945,-0.10132602907150312,-0.10132602907150312,4524752
d6ce2c1108ed642b357db532a2629462,c4ccb681fb04a252,1647789342730,frontend-2,31.144,310,30.455,1.3254999999999981,43849.491,0.6890000000000001,0.3506076952093555,-0.10143694631843697,-0.10143694631843697,3002614
a8c830077956b3478e35cd3b94bad31a,189ea5a7eb75cc16,1647788469303,frontend-2,68.318,362,67.275,2.0080000000000027,27147.171,1.0429999999999922,0.3503503486055746,-0.10143694631843697,-0.10143694631843697,7572943
0b5c51dacb39ed32a53c4727a774c833,3dddba689d3f81ed,1647789868910,frontend-0,59.313,1234,58.5025,1.5610000000000035,53318.439,0.8105000000000047,0.35021284433055855,-0.10143694631843697,-0.10143694631843697,6059221
c4ea92544c563b205706f6883dfdc34b,4fedec906f7ed0aa,1647788536557,frontend-2,59.312,1234,58.5025,1.5610000000000035,53318.439,0.8094999999999999,0.3497807495195379,-0.10143694631843697,-0.10143694631843697,6045152
1242caf2b6f23d09644f0c573fb58428,2000b2570e86e1ab,1647788906881,frontend-0,59.307,1234,58.5025,1.5610000000000035,53318.439,0.8045000000000044,0.347620275464447,-0.10143694631843697,-0.10143694631843697,7577366
b299f9e126abdbd8e49d72096ad26023,894ccaa0a53cb77f,1647790106140,frontend-2,59.307,1234,58.5025,1.5610000000000035,53318.439,0.8045000000000044,0.347620275464447,-0.10143694631843697,-0.10143694631843697,9114961
c071057aaf95263ad52488961c99849c,10d96ce8666fc1ea,1647789770098,frontend-0,59.306,1234,58.5025,1.5610000000000035,53318.439,0.8034999999999997,0.3471881806534264,-0.10143694631843697,-0.10143694631843697,6058230
7c67deb2f12e6937fd0cb7787fb3f70a,928f254da25aeb2b,1647789321050,frontend-0,68.299,362,67.275,2.0080000000000027,27147.171,1.024000000000001,0.3439681274900397,-0.10143694631843697,-0.10143694631843697,4528686
f9c455084a9ca5902a3dc869c5c80bbb,00df6472bae43598,1647788851941,frontend-2,59.295,1234,58.5025,1.5610000000000035,53318.439,0.792500000000004,0.34243513773222384,-0.10143694631843697,-0.10143694631843697,6048427
13372218f6a383581447f6c6967be900,e659981d87eecfa4,1647788751284,frontend-0,59.291,1234,58.5025,1.5610000000000035,53318.439,0.7884999999999991,0.3407067584881474,-0.10143694631843697,-0.10143694631843697,4522527
2d7d424665b7398aea206d085266dc23,7db078e4ba35739d,1647789287032,frontend-2,59.288,1234,58.5025,1.5610000000000035,53318.439,0.785499999999999,0.33941047405509167,-0.10143694631843697,-0.10143694631843697,9106275
eaf4b28bfa8a04c72e5ed22c6364dfda,5ca7a7092d09dc5f,1647789657900,frontend-0,11.554,204,11.328,0.4504999999999999,16.977,0.22600000000000087,0.33837291897891364,-0.10143694631843697,-0.10143694631843697,9110232
88c94db53e59037bd4126a22baf1f695,78608080989aa8c5,1647788822098,frontend-0,0.189,207,0.181,0.015999999999999986,0.938,0.008000000000000007,0.3372500000000006,-0.10143694631843697,-0.10143694631843697,2997115
a635ffbfef070976cead5507a9ade2ce,9485f921966803a1,1647789578632,frontend-2,0.189,207,0.181,0.015999999999999986,0.938,0.008000000000000007,0.3372500000000006,-0.10143694631843697,-0.10143694631843697,3005114
3438a2606e911be4a181283217458177,35529bdffd7c8931,1647789359399,frontend-0,0.189,207,0.181,0.015999999999999986,0.938,0.008000000000000007,0.3372500000000006,-0.10143694631843697,-0.10143694631843697,4529091
78e849d646a4dd7f2698eb55e6c5f81d,aa174a24b72b353e,1647790154427,frontend-0,0.189,207,0.181,0.015999999999999986,0.938,0.008000000000000007,0.3372500000000006,-0.10143694631843697,-0.10143694631843697,7590619
c5aacbb39722c0cbbdb9192bc8dc776f,b52dada8e7b536c2,1647789398342,frontend-2,31.117,310,30.455,1.3254999999999981,43849.491,0.6620000000000026,0.33686835156544875,-0.10143694631843697,-0.10143694631843697,6054293
1881f7826e4c990d328a49a1c1b37fc1,4734afde4f885052,1647790083205,frontend-2,59.28,1234,58.5025,1.5610000000000035,53318.439,0.7775000000000034,0.335953715566945,-0.10143694631843697,-0.10143694631843697,6061506
101a6b7a9e9a8688c845af3269b2f20c,a4271c2de48291b1,1647788700624,frontend-2,31.112,310,30.455,1.3254999999999981,43849.491,0.657,0.3343240286684275,-0.10143694631843697,-0.10143694631843697,2995885
59828074e8c7b5f7fc9eaa6f07f76465,962deeac71ce8bdb,1647788582633,frontend-0,31.112,310,30.455,1.3254999999999981,43849.491,0.657,0.3343240286684275,-0.10143694631843697,-0.10143694631843697,7574120
28ec5e76a33d28723b612cdb07da77a2,a6896e0327a99e3e,1647788995729,frontend-2,68.265,362,67.275,2.0080000000000027,27147.171,0.9899999999999949,0.33254731075696997,-0.10143694631843697,-0.10143694631843697,9103093
3aa33d6860e586a4764e6386886f4f0d,c8bd3d2d610c8218,1647789810096,frontend-2,31.107,310,30.455,1.3254999999999981,43849.491,0.652000000000001,0.331779705771408,-0.1015834984315116,-0.1015834984315116,6058653
c1ff529b8e59b8c393aad9589ea35574,2fb676321fcf84ee,1647790107118,frontend-2,59.269,1234,58.5025,1.5610000000000035,53318.439,0.7665000000000006,0.33120067264573944,-0.1015834984315116,-0.1015834984315116,6061761
00a000eb4c0cf139db9ea95cd8b27392,d57458aece3c0a1b,1647790077173,frontend-2,31.098,310,30.455,1.3254999999999981,43849.491,0.6430000000000007,0.3271999245567718,-0.1015834984315116,-0.1015834984315116,9114682
04b85043f55754b0c2fa970559cfa8f7,7c081fa5e03b5f97,1647788998069,frontend-0,59.252,1234,58.5025,1.5610000000000035,53318.439,0.7495000000000047,0.3238550608584254,-0.1015834984315116,-0.1015834984315116,6050003
9717aff150ba1cf4ab681b23d1de9f3d,b1b62c9cfdae1370,1647789288542,frontend-0,59.25,1234,58.5025,1.5610000000000035,53318.439,0.7475000000000023,0.3229908712363872,-0.1015834984315116,-0.1015834984315116,6053142
e75aa28fde805a1c8dfbb09d0dd8636b,b01cad0ce6f0b8f7,1647789283540,frontend-0,59.249,1234,58.5025,1.5610000000000035,53318.439,0.7465000000000046,0.32255877642536956,-0.1015834984315116,-0.1015834984315116,9106230
e80846489db37890fc8b3818d9c153ac,670f17844dc48b9e,1647789429732,frontend-2,58.978,147,58.031,1.9810000000000016,60000.328,0.9470000000000027,0.32243891973750693,-0.1015834984315116,-0.1015834984315116,9107750
d311ddc654e9208b8ba3176d9b53638c,49dbe332d5ed944b,1647788452020,frontend-0,58.977,147,58.031,1.9810000000000016,60000.328,0.945999999999998,0.32209843513376984,-0.1015834984315116,-0.1015834984315116,4519537
279fe7a256cf21baeafdf00df74527ff,6e0dbe408f1df9cc,1647789219365,frontend-2,31.086,310,30.455,1.3254999999999981,43849.491,0.6310000000000002,0.3210935496039236,-0.10212266670065656,-0.10212266670065656,7580773
82ab120035e54edc5b5175d86de3e9fd,10e392af0ae886cb,1647789926551,frontend-2,59.244,1234,58.5025,1.5610000000000035,53318.439,0.741500000000002,0.3203983023702756,-0.10212266670065656,-0.10212266670065656,7588169
ca67ae03e717a8f213dcdf2fd8dbaf1c,0760047a05a2731d,1647790197406,frontend-2,59.244,1234,58.5025,1.5610000000000035,53318.439,0.741500000000002,0.3203983023702756,-0.10212266670065656,-0.10212266670065656,7591011
0cf69cd4c72b1acef75a6940bd2bd4dc,28073a02b98a6f20,1647789818860,frontend-2,31.084,310,30.455,1.3254999999999981,43849.491,0.6290000000000013,0.3200758204451162,-0.10212266670065656,-0.10212266670065656,7587097
c6a953eb35ee016e84c4ef08b1310735,0482cb8d58533403,1647789176459,frontend-0,59.24,1234,58.5025,1.5610000000000035,53318.439,0.7375000000000043,0.31866992312620224,-0.10212266670065656,-0.10212266670065656,3000923
0341d84aa25719b20f9560c516fcd9cc,972dfa1fe6f4bf5f,1647790022278,frontend-2,58.964,147,58.031,1.9810000000000016,60000.328,0.9329999999999998,0.31767213528520916,-0.10212266670065656,-0.10212266670065656,9114006
230dde3d46ef1819bed0c49029688c07,767ef2fd5403126a,1647789518841,frontend-2,59.236,1234,58.5025,1.5610000000000035,53318.439,0.7334999999999994,0.31694154388212586,-0.10212266670065656,-0.10212266670065656,3004494
97eba891830dba2da765a2f9ac25cda3,47013df01eb445e9,1647788543246,frontend-0,68.217,362,67.275,2.0080000000000027,27147.171,0.9419999999999931,0.3164238047808738,-0.10212266670065656,-0.10212266670065656,2994271
fd1b926b04fcbb50b95088dd172e59f2,94d1e3adbbf6efcc,1647789515877,frontend-2,59.234,1234,58.5025,1.5610000000000035,53318.439,0.731500000000004,0.3160773542600907,-0.10136734219835875,-0.10136734219835875,9108744
6033ecb470c92d7ef6f0cc885f798665,84cbf21f2d57b83f,1647790042698,frontend-2,59.229,1234,58.5025,1.5610000000000035,53318.439,0.7265000000000015,0.31391688020499675,-0.10136734219835875,-0.10136734219835875,9114288
d0698af4e55fcda36446ec83e0749c6e,bfa4a85c39461f67,1647789783649,frontend-0,59.227,1234,58.5025,1.5610000000000035,53318.439,0.724499999999999,0.31305269058295854,-0.10136734219835875,-0.10136734219835875,6058382
9bc7eb7b1f9419392b41d223f4574005,4325022a6553cd7e,1647789107750,frontend-2,58.947,147,58.031,1.9810000000000016,60000.328,0.9160000000000039,0.31188389702170727,-0.10142698739067313,-0.10142698739067313,3000129
bd6c841f92bfda8a927ec8cf5dfe49d3,760de7a970573f69,1647789464267,frontend-2,31.064,310,30.455,1.3254999999999981,43849.491,0.6090000000000018,0.30989852885703645,-0.10142698739067313,-0.10142698739067313,7583332
e699a95be2c427fa8300b417ef9a138a,4ef34de58acec948,1647788578932,frontend-2,59.218,1234,58.5025,1.5610000000000035,53318.439,0.7155000000000058,0.30916383728379426,-0.10142698739067313,-0.10142698739067313,9098872
e1a3ff6d80877cca2ae69fc932316fb4,d7d1930729e0f558,1647788853396,frontend-0,59.214,1234,58.5025,1.5610000000000035,53318.439,0.7115000000000009,0.30743545803971783,-0.10142698739067313,-0.10142698739067313,7576808
3f155dee53c304f47dd4aef69983ebe3,6531ae2f2368b569,1647789843086,frontend-2,59.213,1234,58.5025,1.5610000000000035,53318.439,0.7105000000000032,0.30700336322870025,-0.10142698739067313,-0.10142698739067313,3007945
ddd504093113ed0cc15a9507219a9bf9,93ac3f3c9417a143,1647789000439,frontend-0,58.93,147,58.031,1.9810000000000016,60000.328,0.8990000000000009,0.306095658758203,-0.10142698739067313,-0.10142698739067313,6050029
e97f54a8f415b48ba44813322ff97cae,b8aae6468c687513,1647788756634,frontend-2,59.21,1234,58.5025,1.5610000000000035,53318.439,0.7075000000000031,0.3057070787956445,-0.10142698739067313,-0.10142698739067313,7575792
c945fbae314471303c3d74c73f781b2d,a40f49ae405b795e,1647789404427,frontend-2,59.207,1234,58.5025,1.5610000000000035,53318.439,0.704500000000003,0.30441079436258867,-0.10192708449826171,-0.10192708449826171,6054352
65724d2d7272d1ec51f401f458df1bd8,6bdc717a2724a69b,1647788693930,frontend-0,31.053,310,30.455,1.3254999999999981,43849.491,0.5980000000000025,0.3043010184835928,-0.10192708449826171,-0.10192708449826171,2995814
35867900201c1cdb751811bafb4b23ff,65cfbc453720befe,1647788914977,frontend-2,68.177,362,67.275,2.0080000000000027,27147.171,0.902000000000001,0.30298754980079673,-0.10192708449826171,-0.10192708449826171,2998134
82afff7b3551ab0f282de34c06b30834,b30460dda6cd9bc1,1647789975507,frontend-2,59.202,1234,58.5025,1.5610000000000035,53318.439,0.6995000000000005,0.3022503203074947,-0.10074944240684386,-0.10074944240684386,4535636
b0d8017ba75683c28f17f2984c5e9383,6906bee995088b98,1647789772823,frontend-0,59.196,1234,58.5025,1.5610000000000035,53318.439,0.6935000000000002,0.2996577514413831,-0.10074944240684386,-0.10074944240684386,7586592
a69885992a1f80765e185480e8eda58b,1ea18806bed6e4a9,1647789142969,frontend-0,68.16,362,67.275,2.0080000000000027,27147.171,0.8849999999999909,0.2972771414342595,-0.10074944240684386,-0.10074944240684386,7579950
308b16966b4374a75d5e53eaa6161974,c668e0694e25b4b1,1647789619144,frontend-2,59.19,1234,58.5025,1.5610000000000035,53318.439,0.6875,0.2970651825752716,-0.10074944240684386,-0.10074944240684386,4531915
456bc009aabfaff964a00de651407b7c,dcef3308a6d02020,1647789156571,frontend-2,68.158,362,67.275,2.0080000000000027,27147.171,0.8829999999999956,0.2966053286852571,-0.10074944240684386,-0.10074944240684386,4526956
9f9fa2cbc4952572d7e900a985346daa,2a32f659dddfed25,1647790030062,frontend-2,11.526,204,11.328,0.4504999999999999,16.977,0.1980000000000004,0.29645061043285303,-0.10074944240684386,-0.10074944240684386,9114114
9bef79cbefedbcf9777d30cb80c163a8,064b754226c61b09,1647789944795,frontend-2,59.188,1234,58.5025,1.5610000000000035,53318.439,0.6855000000000047,0.29620099295323643,-0.10074944240684386,-0.10074944240684386,4535343
0c120f15fc42441511fa050d123a5cdf,e1146f4435001f0a,1647788798394,frontend-2,0.188,207,0.181,0.015999999999999986,0.938,0.007000000000000006,0.29509375000000054,-0.10074944240684386,-0.10074944240684386,2996834
9ea4053764076b14d4777022f0cfe139,b3e86ad9b757b1ca,1647789733453,frontend-0,0.188,207,0.181,0.015999999999999986,0.938,0.007000000000000006,0.29509375000000054,-0.10074944240684386,-0.10074944240684386,3006821
3b46e4077064546348c60e711783677f,e300c125f0a2bed7,1647789151877,frontend-0,0.188,207,0.181,0.015999999999999986,0.938,0.007000000000000006,0.29509375000000054,-0.10074944240684386,-0.10074944240684386,4526868
7270d6cbf3853415712fb62d69f0f388,193e062bbb1cca0e,1647790103206,frontend-0,0.188,207,0.181,0.015999999999999986,0.938,0.007000000000000006,0.29509375000000054,-0.10074944240684386,-0.10074944240684386,4537035
4078637fdbaec2cd1b89207b4418c1d6,3674a660d14172ff,1647789827926,frontend-2,0.188,207,0.181,0.015999999999999986,0.938,0.007000000000000006,0.29509375000000054,-0.10074944240684386,-0.10074944240684386,7587173
2a14d2249fed3883463e57685a22b508,035719ed9d9ddbc6,1647789849765,frontend-0,0.188,207,0.181,0.015999999999999986,0.938,0.007000000000000006,0.29509375000000054,-0.10074944240684386,-0.10074944240684386,7587374
31e5af7bebbadad65bfa4c98dc5d21e7,ca22851c37a98036,1647788512297,frontend-2,0.188,207,0.181,0.015999999999999986,0.938,0.007000000000000006,0.29509375000000054,-0.10074944240684386,-0.10074944240684386,9098235
60d94a162e4e3932043d4e889c361f7d,37612c9f104203a5,1647789431040,frontend-0,59.184,1234,58.5025,1.5610000000000035,53318.439,0.6814999999999998,0.29447261370916,-0.09968253606627675,-0.09968253606627675,9107767
6f30f7382fade17cc59bb2e64ebb8d8b,7f9613b5fbbfbe62,1647789085209,frontend-0,59.183,1234,58.5025,1.5610000000000035,53318.439,0.6805000000000021,0.2940405188981425,-0.09968253606627675,-0.09968253606627675,2999923
f16ffb2a58311472618053ef149c8b3e,4e3ec09364cf2194,1647788653547,frontend-2,58.876,147,58.031,1.9810000000000016,60000.328,0.8449999999999989,0.287709490156486,-0.09968253606627675,-0.09968253606627675,4521581
877de4323b4209c28e1e72c03e3f4656,5340f9461765ad6c,1647790061667,frontend-2,31.016,310,30.455,1.3254999999999981,43849.491,0.5609999999999999,0.28547302904564353,-0.09968253606627675,-0.09968253606627675,9114512
364996c64513b619acfd09acc0ccd0a0,5d3803c0ea4f9119,1647789102051,frontend-2,31.015,310,30.455,1.3254999999999981,43849.491,0.5600000000000023,0.28496416446624073,-0.09968253606627675,-0.09968253606627675,3000087
a39c7dd39856e96a940bd8b1bc19c9a5,fd288e00aaf6ac6a,1647789591759,frontend-0,68.12,362,67.275,2.0080000000000027,27147.171,0.8449999999999989,0.2838408864541825,-0.09968253606627675,-0.09968253606627675,3005327
d4d2a7990b71eb285e15a4bed8dca091,140636022e500585,1647788476285,frontend-0,68.119,362,67.275,2.0080000000000027,27147.171,0.8439999999999941,0.2835049800796789,-0.09968253606627675,-0.09968253606627675,7573018
2dc2613e1ae3aae1638f040d2c6187b8,6ddf76b56ae40aa9,1647788827775,frontend-2,68.117,362,67.275,2.0080000000000027,27147.171,0.8419999999999987,0.2828331673306765,-0.09968253606627675,-0.09968253606627675,2997192
78025724f59669bb9bd710503047cf0c,e1aa78d08f80bce7,1647788864898,frontend-0,59.148,1234,58.5025,1.5610000000000035,53318.439,0.6455000000000055,0.27891720051249375,-0.0989425616319281,-0.0989425616319281,9101747
20698191c71318fda63c0362d4d75d45,e9f2dcd48fc16f7d,1647789123766,frontend-0,68.105,362,67.275,2.0080000000000027,27147.171,0.8299999999999983,0.2788022908366524,-0.0989425616319281,-0.0989425616319281,4526523
7268ad905dbd656ede48e7f983790d58,6dd9c534922d3420,1647788933166,frontend-2,31.001,310,30.455,1.3254999999999981,43849.491,0.5460000000000029,0.27784006035458503,-0.0989425616319281,-0.0989425616319281,6049304
747c000ad2988c81810abb19ac66a9cb,d0e77800ed5d76c8,1647789221017,frontend-0,59.141,1234,58.5025,1.5610000000000035,53318.439,0.6385000000000005,0.2758925368353616,-0.0989425616319281,-0.0989425616319281,9105573
2df6a912a2f9567f6afe7bc48bb13d29,017c3699d5e6d273,1647790092407,frontend-0,59.135,1234,58.5025,1.5610000000000035,53318.439,0.6325000000000003,0.27329996796925,-0.0989425616319281,-0.0989425616319281,6061588
73b8bc862bf565187ebe2e16f6ffc52a,af69f3f43447b709,1647788970619,frontend-0,30.99,310,30.455,1.3254999999999981,43849.491,0.5350000000000001,0.27224254998113967,-0.0989425616319281,-0.0989425616319281,7577995
4bc6a7b5a5c73e2083a038cd3510500f,182c46c6ed55189f,1647789152222,frontend-0,59.131,1234,58.5025,1.5610000000000035,53318.439,0.6285000000000025,0.27157158872517667,-0.09875110525200143,-0.09875110525200143,7580086
05c488af564b120ae4c22477d55a601a,cc37a75c73d2df24,1647789307911,frontend-0,59.13,1234,58.5025,1.5610000000000035,53318.439,0.6275000000000048,0.27113949391415904,-0.09875110525200143,-0.09875110525200143,4528555
f04dc0eec770f717db6015a68be03767,a3d4a7d30da0a019,1647788871126,frontend-2,11.508,204,11.328,0.4504999999999999,16.977,0.17999999999999972,0.26950055493895636,-0.09875110525200143,-0.09875110525200143,2997656
b8e0124518d50e0f681db6506feb6149,acc5e0c2ff31df88,1647789231252,frontend-2,11.508,204,11.328,0.4504999999999999,16.977,0.17999999999999972,0.26950055493895636,-0.09875110525200143,-0.09875110525200143,4527733
c599ee8cc45e0472cf40f2b21727dae3,c3a47a3dbdd82319,1647789776991,frontend-2,68.072,362,67.275,2.0080000000000027,27147.171,0.796999999999997,0.2677173804780863,-0.09875110525200143,-0.09875110525200143,6058295
5b6eeb8aad4d447d79cb94833233ec8c,5dc3cda8fdac8de3,1647789144358,frontend-2,30.979,310,30.455,1.3254999999999981,43849.491,0.5240000000000009,0.26664503960769603,-0.09875110525200143,-0.09875110525200143,3000533
8a4beb23657acfbcd0e7829cfead4e1a,4ff0ba1bfc0db141,1647788724479,frontend-2,11.506,204,11.328,0.4504999999999999,16.977,0.17800000000000082,0.2665061043285252,-0.09875110525200143,-0.09875110525200143,7575438
ca8b777dbb9cf08141ce17ea5437d6af,4172760a7305d352,1647790197369,frontend-2,30.977,310,30.455,1.3254999999999981,43849.491,0.522000000000002,0.2656273104488886,-0.09902250025320736,-0.09902250025320736,4538131
d95e47ff360fd5e1dafbc33b6fc9579d,4fa3665dac8142c5,1647789173412,frontend-0,59.115,1234,58.5025,1.5610000000000035,53318.439,0.6125000000000043,0.2646580717488802,-0.09902250025320736,-0.09902250025320736,7580318
734de234c93c1df22343bcc5df6410ba,bdb890689bbfc772,1647789142290,frontend-2,30.974,310,30.455,1.3254999999999981,43849.491,0.5190000000000019,0.2641007167106766,-0.09902250025320736,-0.09902250025320736,3000515
e6771eaa96eb8a8506501405c1ba97a0,796642d87debcc36,1647788924674,frontend-2,30.973,310,30.455,1.3254999999999981,43849.491,0.5180000000000007,0.26359185213127195,-0.09902250025320736,-0.09902250025320736,7577557
91f1ba3324afe1091359c2c49b486d2f,813df88c1b62241c,1647789780171,frontend-0,68.058,362,67.275,2.0080000000000027,27147.171,0.7830000000000013,0.2630146912350598,-0.09924711026479538,-0.09924711026479538,4533622
277b8357d79639e5f486116799d431f4,625399a9473f3e99,1647789691941,frontend-2,59.109,1234,58.5025,1.5610000000000035,53318.439,0.606500000000004,0.2620655028827686,-0.09924711026479538,-0.09924711026479538,4532716
952bbba3f5ed550cc134726be35ebbf8,d681cd30fa487a1b,1647789550420,frontend-0,11.503,204,11.328,0.4504999999999999,16.977,0.1750000000000007,0.2620144284128757,-0.09924711026479538,-0.09924711026479538,3004783
7eced14c37c86ec27b40959b820f1196,ff49c07ed3f15452,1647788455558,frontend-2,59.107,1234,58.5025,1.5610000000000035,53318.439,0.6045000000000016,0.2612013132607304,-0.09924711026479538,-0.09924711026479538,6044336
35dc64e3942b100551acdd9952699984,1159d382ae0578dd,1647789044073,frontend-2,59.106,1234,58.5025,1.5610000000000035,53318.439,0.6035000000000039,0.26076921844971285,-0.09924711026479538,-0.09924711026479538,4525674
8a2bfce496a92987353acc5b24434e19,42617ed6dacbb0ad,1647788755932,frontend-2,30.965,310,30.455,1.3254999999999981,43849.491,0.5100000000000016,0.2595209354960404,-0.09985428705411076,-0.09985428705411076,7575788
6e2ebd6f59881c46d003abf4af18f05b,92bc786de6eb9375,1647788717344,frontend-2,11.501,204,11.328,0.4504999999999999,16.977,0.17300000000000004,0.25901997780244185,-0.09985428705411076,-0.09985428705411076,7575374
0aec9ba47d42136320ebbc79ca39eac4,605ce47826490ebc,1647790133601,frontend-2,59.101,1234,58.5025,1.5610000000000035,53318.439,0.5985000000000014,0.25860874439461884,-0.09985428705411076,-0.09985428705411076,6062046
3141639fe5e4ff7ffc15bb2a1b5e3c6e,589e40bd288a51f4,1647789628205,frontend-2,59.095,1234,58.5025,1.5610000000000035,53318.439,0.5925000000000011,0.2560161755285073,-0.09959838625867357,-0.09959838625867357,6056742
3ebbd8e83688dca54e4904434169cea2,6ff110ab72a13521,1647789410366,frontend-2,59.095,1234,58.5025,1.5610000000000035,53318.439,0.5925000000000011,0.2560161755285073,-0.09959838625867357,-0.09959838625867357,7582722
3fabc8bf1a3b27590d01e4fae49a3ca8,7500d6a83a2bf65c,1647789448243,frontend-0,11.498,204,11.328,0.4504999999999999,16.977,0.16999999999999993,0.2545283018867924,-0.09959838625867357,-0.09959838625867357,7583161
1828024dd5fc48054ca4911779e307fd,4201e4bfa5341502,1647789396286,frontend-2,59.088,1234,58.5025,1.5610000000000035,53318.439,0.5855000000000032,0.25299151185137814,-0.09959838625867357,-0.09959838625867357,7582571
a69f14db0a13e8dd2a07f70635dea973,8ebaa4030e2dfd1d,1647789390746,frontend-0,0.187,207,0.181,0.015999999999999986,0.938,0.006000000000000005,0.2529375000000004,-0.09959838625867357,-0.09959838625867357,3003128
30c5ea58afd9afe444965ef4cbf9ad9e,a506e54d8b19179c,1647788641650,frontend-2,0.187,207,0.181,0.015999999999999986,0.938,0.006000000000000005,0.2529375000000004,-0.09959838625867357,-0.09959838625867357,6046266
7ce91e2c3ccd3e206fe6d725d33669c1,c53aa372e54bd617,1647789465300,frontend-2,0.187,207,0.181,0.015999999999999986,0.938,0.006000000000000005,0.2529375000000004,-0.09959838625867357,-0.09959838625867357,7583355
e2842c076e680be8365760415bdba774,e4d108a2726a92d8,1647789501925,frontend-0,0.187,207,0.181,0.015999999999999986,0.938,0.006000000000000005,0.2529375000000004,-0.09959838625867357,-0.09959838625867357,7583802
1cc721cf817131063b8bb20358dc00de,64a7f321b4b1ca84,1647789287102,frontend-2,30.952,310,30.455,1.3254999999999981,43849.491,0.49700000000000344,0.25290569596378937,-0.09959838625867357,-0.09959838625867357,6053127
655beb8ac878fd7020fc526050a07b05,f34fbd4442b48d63,1647789991282,frontend-2,59.086,1234,58.5025,1.5610000000000035,53318.439,0.5835000000000008,0.2521273222293399,-0.09959838625867357,-0.09959838625867357,7588789
2fd4aecf1cf0c40e54fc400e827b7de6,f5c1200e21939451,1647788980761,frontend-2,30.948,310,30.455,1.3254999999999981,43849.491,0.4930000000000021,0.25087023764617267,-0.09959838625867357,-0.09959838625867357,9102922
0a0c727f1747afc931ad8bdeafb84385,ecfb191d976cae81,1647789085662,frontend-2,59.08,1234,58.5025,1.5610000000000035,53318.439,0.5775000000000006,0.2495347533632284,-0.09959838625867357,-0.09959838625867357,4526139
ea4126692545400f60d1159bcc2d3368,7709358f68c69145,1647789227191,frontend-2,59.078,1234,58.5025,1.5610000000000035,53318.439,0.5755000000000052,0.24867056374119323,-0.09959838625867357,-0.09959838625867357,9105639
9de9136a978b42b40614757c0edd3533,39bc4283ef611869,1647788908907,frontend-2,68.012,362,67.275,2.0080000000000027,27147.171,0.7369999999999948,0.24756299800796602,-0.09959838625867357,-0.09959838625867357,2998057
009671839b11203ef5d7e057a4995c25,d086d2369301a6d3,1647789719269,frontend-2,59.073,1234,58.5025,1.5610000000000035,53318.439,0.5705000000000027,0.24651008968609925,-0.10076407942721194,-0.10076407942721194,7586081
78ec02a465626c181d5e3d628282f6e8,da874aaa38716c0c,1647789150392,frontend-2,30.938,310,30.455,1.3254999999999981,43849.491,0.48300000000000054,0.2457815918521319,-0.10076407942721194,-0.10076407942721194,9104839
3889e04ac8245e5c5f6b59f0753c189e,fcf3d1cddccbffd6,1647789551150,frontend-2,59.062,1234,58.5025,1.5610000000000035,53318.439,0.5594999999999999,0.2417570467648937,-0.10076407942721194,-0.10076407942721194,4531188
7f4f83e5b300b24b18f8bf98d9f6fc3c,2eed0a022c90e8a8,1647790126477,frontend-0,59.054,1234,58.5025,1.5610000000000035,53318.439,0.5515000000000043,0.238300288276747,-0.10049410771226136,-0.10049410771226136,3010879
fa1c93a054a8800fd4eb091d3733c042,05d80ab2615f12e2,1647788480531,frontend-2,11.486,204,11.328,0.4504999999999999,16.977,0.15800000000000125,0.23656159822419726,-0.10049410771226136,-0.10049410771226136,9097888
fcc58f38dcc1f4ffc23ef1d2ab634540,d13117267ad64aba,1647789566535,frontend-2,30.916,310,30.455,1.3254999999999981,43849.491,0.4610000000000021,0.2345865711052447,-0.10127687209961594,-0.10127687209961594,6056089
718c17b0615eba9bd4a37e044312a3c2,2c9cbd2566344486,1647789650273,frontend-0,59.045,1234,58.5025,1.5610000000000035,53318.439,0.542500000000004,0.23441143497757966,-0.10127687209961594,-0.10127687209961594,7585355
2f7fbc6d3ef7251d3ecc28c79420e8a4,c7991b28d80e0e58,1647789499893,frontend-0,30.915,310,30.455,1.3254999999999981,43849.491,0.46000000000000085,0.23407770652584006,-0.10127687209961594,-0.10127687209961594,4530682
03a8ecfb6c303b4118ec1258503bc134,0d6c430320885a4a,1647788470761,frontend-0,59.042,1234,58.5025,1.5610000000000035,53318.439,0.5395000000000039,0.2331151505445239,-0.10127687209961594,-0.10127687209961594,2993543
8c2f8b73438d2d4ad0369f46512fc52d,0c4f8d144e8ce945,1647789570599,frontend-2,30.911,310,30.455,1.3254999999999981,43849.491,0.45600000000000307,0.2320422482082252,-0.10144004694814979,-0.10144004694814979,7584485
6e9faa6e3fc1c1b6a0ceb3dfb3d053df,ded5443f09eb72ae,1647790056978,frontend-2,67.965,362,67.275,2.0080000000000027,27147.171,0.6899999999999977,0.23177539840637343,-0.10144004694814979,-0.10144004694814979,9114456
1fa5239cd5d3de6f44904a699fec9d88,19a81d4d97623b5d,1647789936676,frontend-2,59.032,1234,58.5025,1.5610000000000035,53318.439,0.5294999999999987,0.2287942024343359,-0.10171185609715577,-0.10171185609715577,4535249
7bab0923d9f0732c15fc1309303421b9,09f4474a40c03046,1647789199711,frontend-0,59.029,1234,58.5025,1.5610000000000035,53318.439,0.5265000000000057,0.2274979180012832,-0.10261789473122401,-0.10261789473122401,6052237
b2f01f0d698d1fe114e29539f6af0377,02648b554577be86,1647789254185,frontend-0,59.029,1234,58.5025,1.5610000000000035,53318.439,0.5265000000000057,0.2274979180012832,-0.10261789473122401,-0.10261789473122401,9105927
f4dba188e160ad3c13c6b3d4ddef4b4b,3a416f341d8a462b,1647789027162,frontend-2,59.026,1234,58.5025,1.5610000000000035,53318.439,0.5235000000000056,0.22620163356822742,-0.10261789473122401,-0.10261789473122401,2999303
ce6c3363987fd873947c3e1ae0c3534f,0be0f5b9eafc1f6c,1647789306152,frontend-2,59.026,1234,58.5025,1.5610000000000035,53318.439,0.5235000000000056,0.22620163356822742,-0.10261789473122401,-0.10261789473122401,4528518
38e868af35385b656709b3933931dc60,07b2540dec9cb686,1647789820469,frontend-0,67.941,362,67.275,2.0080000000000027,27147.171,0.6659999999999968,0.22371364541832534,-0.10261789473122401,-0.10261789473122401,7587110
0a91ceff3592fa20e0586f5371928098,0620ca79ab53c7bd,1647789316339,frontend-2,59.02,1234,58.5025,1.5610000000000035,53318.439,0.5175000000000054,0.22360906470211586,-0.10261789473122401,-0.10261789473122401,7581745
5f7ae14673935794c803b815a097e890,e73c1f0a20c92def,1647788979684,frontend-0,30.894,310,30.455,1.3254999999999981,43849.491,0.43900000000000006,0.22339155035835567,-0.10261789473122401,-0.10261789473122401,9102902
f99f8f0fb13977dfb7141e6e5b62ea20,50656830359acc0a,1647789489675,frontend-2,59.012,1234,58.5025,1.5610000000000035,53318.439,0.5095000000000027,0.2201523062139661,-0.10261789473122401,-0.10261789473122401,6055283
25369414e90b4d8fd571315cc75f6490,d8ee6b13008d0ea6,1647788652179,frontend-2,11.475,204,11.328,0.4504999999999999,16.977,0.14700000000000024,0.22009211986681504,-0.10261789473122401,-0.10261789473122401,2995423
2bd4da991624ce0212d6da7337df8488,af8f1071701f4127,1647789332150,frontend-0,59.011,1234,58.5025,1.5610000000000035,53318.439,0.5085000000000051,0.2197202114029485,-0.10261789473122401,-0.10261789473122401,3002498
b72352ec24eb0486e704b48dd7b82aff,878d430179d4c4d2,1647789057961,frontend-0,59.011,1234,58.5025,1.5610000000000035,53318.439,0.5085000000000051,0.2197202114029485,-0.10261789473122401,-0.10261789473122401,9103787
fa27034fd7c55e956403d2fa39e8c51e,19d6b425fb86ce5d,1647789130220,frontend-2,11.474,204,11.328,0.4504999999999999,16.977,0.1460000000000008,0.21859489456159947,-0.10302917388968386,-0.10302917388968386,4526587
0656e188cb4a76e4f4700bda04fcf54b,79d15a19eec1d3ea,1647789841733,frontend-0,30.88,310,30.455,1.3254999999999981,43849.491,0.4250000000000007,0.21626744624670002,-0.10302917388968386,-0.10302917388968386,4534269
d977c6e222ce9df2751a3c7178d108a8,2ba4d6802ba9c3fc,1647789541278,frontend-0,59.003,1234,58.5025,1.5610000000000035,53318.439,0.5005000000000024,0.21626345291479876,-0.10302917388968386,-0.10302917388968386,6055795
1def9af1f439e5df11b2117b7e35f5a6,06c4801d15caafe4,1647788668670,frontend-2,11.471,204,11.328,0.4504999999999999,16.977,0.14300000000000068,0.21410321864595,-0.10302917388968386,-0.10302917388968386,7574918
12871bbf17926c857d257513361ed6f2,497374a26adde1da,1647790182641,frontend-0,58.997,1234,58.5025,1.5610000000000035,53318.439,0.49450000000000216,0.21367088404868717,-0.10302917388968386,-0.10302917388968386,9115820
7d2e8b88d479f247419f9f17133c8b49,8e643d10bc877c2e,1647789165258,frontend-0,0.186,207,0.181,0.015999999999999986,0.938,0.0050000000000000044,0.21078125000000036,-0.10193097880142593,-0.10193097880142593,3000787
ec0fcb397b1cc39481261b62f74d4154,747eac5d3a3f5abe,1647789628256,frontend-0,0.186,207,0.181,0.015999999999999986,0.938,0.0050000000000000044,0.21078125000000036,-0.10193097880142593,-0.10193097880142593,3005707
522dde71b54ad371b94ff9e90a247e3b,d0503254294ceb86,1647789051968,frontend-0,0.186,207,0.181,0.015999999999999986,0.938,0.0050000000000000044,0.21078125000000036,-0.10193097880142593,-0.10193097880142593,7578939
c9e7be66d1e9d8fac7c404e2f3b7d798,1cc215aa19518857,1647789342729,frontend-2,0.186,207,0.181,0.015999999999999986,0.938,0.0050000000000000044,0.21078125000000036,-0.10193097880142593,-0.10193097880142593,7582023
eaed8005277cd8627f669030664392cb,f302a42dfe433136,1647789790443,frontend-2,11.467,204,11.328,0.4504999999999999,16.977,0.13900000000000112,0.20811431742508496,-0.10193097880142593,-0.10193097880142593,9111623
06ba537900470c12bb5992fd417efdd9,4764530108801ff2,1647790037842,frontend-2,58.984,1234,58.5025,1.5610000000000035,53318.439,0.48150000000000404,0.2080536515054465,-0.10193097880142593,-0.10193097880142593,4536356
62133c95baac9419f9e94dcd03d7f2d3,908bebfade22dc17,1647789587726,frontend-2,58.984,1234,58.5025,1.5610000000000035,53318.439,0.48150000000000404,0.2080536515054465,-0.10193097880142593,-0.10193097880142593,6056309
9679b3b09d8a4c679b18ddc230d8999f,19160d0413ad03c2,1647788746384,frontend-2,58.984,1234,58.5025,1.5610000000000035,53318.439,0.48150000000000404,0.2080536515054465,-0.10193097880142593,-0.10193097880142593,9100481
adc28be256d38ec400c38820241e573f,fea125cd83e8b102,1647788649231,frontend-2,30.863,310,30.455,1.3254999999999981,43849.491,0.40800000000000125,0.2076167483968323,-0.10193097880142593,-0.10193097880142593,4521517
a1f4fdbf5717ab9e9b4c7630259f2b09,183b983a3b0fa2bb,1647789165801,frontend-2,30.862,310,30.455,1.3254999999999981,43849.491,0.40700000000000003,0.2071078838174277,-0.10193097880142593,-0.10193097880142593,3000805
39f6b1dda446d6d814eb4c33bff9c69e,78d60e86cef92f99,1647790099023,frontend-2,58.981,1234,58.5025,1.5610000000000035,53318.439,0.4785000000000039,0.2067573670723907,-0.10193097880142593,-0.10193097880142593,6061668
212aa555d807a24cf576b7ef51701ca7,b078744cce63c25d,1647789879792,frontend-0,58.98,1234,58.5025,1.5610000000000035,53318.439,0.47749999999999915,0.2063252722613701,-0.10193097880142593,-0.10193097880142593,7587661
8f06b3a8c5d74052542edf7e7dae481c,eff56310935bb631,1647789034132,frontend-2,30.859,310,30.455,1.3254999999999981,43849.491,0.40400000000000347,0.20558129007921747,-0.10193097880142593,-0.10193097880142593,2999389
e875906f8536de1a903973e894c48cf2,d4ee5137a6523153,1647789916538,frontend-2,67.885,362,67.275,2.0080000000000027,27147.171,0.6099999999999994,0.20490288844621468,-0.10148290263511572,-0.10148290263511572,7588078
308a418fdb1721312d2fb93f19c337f7,3e5ca1e640e4080d,1647789006129,frontend-0,58.976,1234,58.5025,1.5610000000000035,53318.439,0.47350000000000136,0.20459689301729672,-0.10148290263511572,-0.10148290263511572,9103216
5b42c01da8ad1a66a056a4ebed159ee5,6ebebf86cf962930,1647789696039,frontend-2,67.882,362,67.275,2.0080000000000027,27147.171,0.6069999999999993,0.20389516932270868,-0.10148290263511572,-0.10148290263511572,7585836
20b0684d924001c26642b44d7ecdd5f1,eec94c00cb99d261,1647789193893,frontend-2,58.971,1234,58.5025,1.5610000000000035,53318.439,0.4684999999999988,0.20243641896220274,-0.10148290263511572,-0.10148290263511572,9105308
7174e6c2412398245edad576e20ef450,d72af3e5b455c066,1647790031401,frontend-0,58.963,1234,58.5025,1.5610000000000035,53318.439,0.46050000000000324,0.19897966047405605,-0.10148290263511572,-0.10148290263511572,9114130
52aa034295253e6724340aaae6cc5361,824e53101abd0d13,1647788623421,frontend-2,67.867,362,67.275,2.0080000000000027,27147.171,0.5919999999999987,0.1988565737051786,-0.10148290263511572,-0.10148290263511572,7574516
62bde67381f208376df2db6dd6a47b33,f5bd80274d7730de,1647790030075,frontend-2,67.864,362,67.275,2.0080000000000027,27147.171,0.5889999999999986,0.1978488545816726,-0.10148290263511572,-0.10148290263511572,6060914
df157a279b305426fdec181cf57e4012,3129f03612c8c47a,1647789727135,frontend-0,67.862,362,67.275,2.0080000000000027,27147.171,0.5869999999999891,0.19717704183266538,-0.10148290263511572,-0.10148290263511572,7586137
b01b690f229db4d25e500c2880b2bbc4,ce6774afb3c1f2cb,1647789485597,frontend-0,67.856,362,67.275,2.0080000000000027,27147.171,0.5809999999999889,0.19516160358565338,-0.10148290263511572,-0.10148290263511572,6055219
0c06464f2c48f5f29645be138f7df0fb,d922ab6471b5b1fd,1647789336600,frontend-2,95.86,102,93.9525,6.612499999999997,6746.74,1.9074999999999989,0.19457221172022682,-0.10148290263511572,-0.10148290263511572,6053605
ab36863ab227bb218de16edf6db96754,29a2da5f5bbadb71,1647789685171,frontend-2,67.854,362,67.275,2.0080000000000027,27147.171,0.5789999999999935,0.19448979083665097,-0.10148290263511572,-0.10148290263511572,4532601
957421980795cefad9c10a9f1ef40989,ca5a5db4f0ed6e10,1647789962737,frontend-0,67.847,362,67.275,2.0080000000000027,27147.171,0.5719999999999885,0.19213844621513534,-0.10148290263511572,-0.10148290263511572,3009117
a9e1255fdc219bc53281a88f996f0b9c,9e7a7872f634e5ee,1647788771026,frontend-2,58.947,1234,58.5025,1.5610000000000035,53318.439,0.444500000000005,0.19206614349775958,-0.10148290263511572,-0.10148290263511572,7575924
4808f5fdd6bb1c75cec5af87e57d2296,f005955b49cbea26,1647789684881,frontend-2,58.945,1234,58.5025,1.5610000000000035,53318.439,0.44250000000000256,0.19120195387572136,-0.10148290263511572,-0.10148290263511572,4532598
4ece403ff9e626167ed850fd9ddb0304,9fd5c9c203480aee,1647788659527,frontend-0,67.842,362,67.275,2.0080000000000027,27147.171,0.5669999999999931,0.1904589143426269,-0.10148290263511572,-0.10148290263511572,2995507
073e3efd4ee645e21353c22ec698716d,36cde169eab7b937,1647789513960,frontend-0,30.829,310,30.455,1.3254999999999981,43849.491,0.37400000000000233,0.1903153526970969,-0.10148290263511572,-0.10148290263511572,9108722
cbcea17d3f508b547c9e7ac6128f8718,815b4160773d4d0c,1647789687182,frontend-0,95.813,102,93.9525,6.612499999999997,6746.74,1.8605000000000018,0.1897780340264653,-0.10148290263511572,-0.10148290263511572,6057362
4bd6166d8572e10cf7180f3173c826de,d51c2cee309812fc,1647789207163,frontend-2,67.839,362,67.275,2.0080000000000027,27147.171,0.563999999999993,0.1894511952191209,-0.10148290263511572,-0.10148290263511572,3001248
11f3b562077e3ea6017c7c01b9495509,63d448ef3f58a995,1647789409800,frontend-0,58.94,1234,58.5025,1.5610000000000035,53318.439,0.4375,0.18904147982062738,-0.10148290263511572,-0.10148290263511572,4529642
e5c5f075423d1e76fe040c8091ee34b0,c2b35a8c68df77ba,1647790085347,frontend-0,58.94,1234,58.5025,1.5610000000000035,53318.439,0.4375,0.18904147982062738,-0.10148290263511572,-0.10148290263511572,9114757
c4d9895bd2380d01c1ad54af8815d1cf,7e6a18c29a457797,1647788548556,frontend-0,58.586,147,58.031,1.9810000000000016,60000.328,0.5549999999999997,0.18896895507319508,-0.10148290263511572,-0.10148290263511572,2994332
1a0480b0447b900467cf0d9d17633377,fd6bd84178f79b67,1647789332396,frontend-2,11.454,204,11.328,0.4504999999999999,16.977,0.12600000000000122,0.18865038845727158,-0.10148290263511572,-0.10148290263511572,6053543
6705bb35a3852bb4f45a779b3b28057e,ebb1778c292a5fab,1647788522948,frontend-2,58.938,1234,58.5025,1.5610000000000035,53318.439,0.43550000000000466,0.18817729019859225,-0.10148290263511572,-0.10148290263511572,4520260
490638925dd5698de553c265acaa2a7a,84959b71b26f7aaa,1647788766258,frontend-2,67.835,362,67.275,2.0080000000000027,27147.171,0.5599999999999881,0.18810756972111128,-0.10148290263511572,-0.10148290263511572,6047495
38d7fad3c20766d4738b52b2260b9fb0,65a316a368679a33,1647788724491,frontend-2,67.828,362,67.275,2.0080000000000027,27147.171,0.5529999999999973,0.18575622509960044,-0.10263191795712479,-0.10263191795712479,7575448
6db2ded7b78f9c8efcbdb5ce61e187ca,6baf12c02c5a2ab1,1647789190814,frontend-2,58.93,1234,58.5025,1.5610000000000035,53318.439,0.427500000000002,0.18472053171044245,-0.10263191795712479,-0.10263191795712479,3001063
07a08403216f87be62c58caedcb8761c,6f61e16c5e6538b5,1647789052133,frontend-2,58.929,1234,58.5025,1.5610000000000035,53318.439,0.4265000000000043,0.1842884368994249,-0.10263191795712479,-0.10263191795712479,9103708
cd66dee020ee4868dfd82144037c369c,18a3a8c86b78e378,1647789097858,frontend-2,58.567,147,58.031,1.9810000000000016,60000.328,0.5360000000000014,0.1824997476022214,-0.10263191795712479,-0.10263191795712479,9104252
9d7670db82282420ba9bec20513fb3b8,13e073bd4ef94aca,1647789691685,frontend-0,58.924,1234,58.5025,1.5610000000000035,53318.439,0.42150000000000176,0.18212796284433092,-0.10263191795712479,-0.10263191795712479,4532714
7b645a70197f74beab299bf192b7cff6,9ed6284522e0ca07,1647789945394,frontend-0,11.448,204,11.328,0.4504999999999999,16.977,0.120000000000001,0.17966703662597266,-0.10263191795712479,-0.10263191795712479,4535340
0f654b51f20b6afa14628a91d46bba91,3ec2041af3dc48d4,1647788436043,frontend-0,67.809,362,67.275,2.0080000000000027,27147.171,0.5339999999999918,0.17937400398406075,-0.10263191795712479,-0.10263191795712479,4519354
5716acef4de8566018c978cbe4a0adcb,35a4a3e7a8520f96,1647789882513,frontend-2,58.916,1234,58.5025,1.5610000000000035,53318.439,0.4134999999999991,0.17867120435618114,-0.10378663832824192,-0.10378663832824192,6059335
c560d7ade00c7e1af5814d3f516daafe,33c4eb484860bf9e,1647790008321,frontend-2,58.915,1234,58.5025,1.5610000000000035,53318.439,0.4125000000000014,0.17823910954516356,-0.10378663832824192,-0.10378663832824192,9113852
85413a69dd7f6a519cd4d58c3ba47fe4,33d679a1cbbd05b7,1647788568872,frontend-2,58.91,1234,58.5025,1.5610000000000035,53318.439,0.40749999999999886,0.17607863549006958,-0.10378663832824192,-0.10378663832824192,7574000
1a11f10cd2234c14b5fbe32431481239,9b64f40333b5f547,1647789521937,frontend-2,58.91,1234,58.5025,1.5610000000000035,53318.439,0.40749999999999886,0.17607863549006958,-0.10378663832824192,-0.10378663832824192,7584013
ce74f76f25db54a770bf7976062ec1bb,9bee923dc537bb27,1647789821539,frontend-0,67.798,362,67.275,2.0080000000000027,27147.171,0.5229999999999961,0.1756790338645403,-0.10378663832824192,-0.10378663832824192,9111956
a033a388b6107b6fa067c66e2bbc11db,23c78eddd5b30c07,1647789493826,frontend-0,58.909,1234,58.5025,1.5610000000000035,53318.439,0.4065000000000012,0.175646540679052,-0.10378663832824192,-0.10378663832824192,4530593
4b717c33d0f0bb9163aa7f13887d0920,e34460b099be2a37,1647789583979,frontend-0,30.8,310,30.455,1.3254999999999981,43849.491,0.3450000000000024,0.17555827989438094,-0.10378663832824192,-0.10378663832824192,3005195
c8a887d71b6bdd5929bf6a4ac6893b2f,cbbbbfc6346f8681,1647788493546,frontend-0,30.799,310,30.455,1.3254999999999981,43849.491,0.3440000000000012,0.17504941531497634,-0.10378663832824192,-0.10378663832824192,7573235
eea5acd0bf9be2c521b00a5b9fb594a3,135358cb6d60f7c1,1647789804256,frontend-0,58.902,1234,58.5025,1.5610000000000035,53318.439,0.3995000000000033,0.17262187700192286,-0.10378663832824192,-0.10378663832824192,7586921
572f94358f19a89e56e63d3cc60c3476,2bec2e9bfdfaf77a,1647789502622,frontend-2,30.793,310,30.455,1.3254999999999981,43849.491,0.33800000000000097,0.17199622783855223,-0.10378663832824192,-0.10378663832824192,4530710
611567829df8a56006cb3ff2c59865ad,323372b008aa9661,1647789353965,frontend-2,30.793,310,30.455,1.3254999999999981,43849.491,0.33800000000000097,0.17199622783855223,-0.10378663832824192,-0.10378663832824192,9106934
c54608c660c32c2c8e5ebe0e9c8ada9b,97b31c82e6fb9fe3,1647788832830,frontend-2,58.9,1234,58.5025,1.5610000000000035,53318.439,0.39750000000000085,0.1717576873798847,-0.10378663832824192,-0.10378663832824192,4523385
cd5cdb953eeb307b0da8337d55e01365,1bf64c640a0e33e5,1647788839974,frontend-2,58.897,1234,58.5025,1.5610000000000035,53318.439,0.39450000000000074,0.17046140294682888,-0.10378663832824192,-0.10378663832824192,7576665
5649d7e1d5fc6c6772ce95f0955e4642,12d20aaea88f33e0,1647789279841,frontend-2,58.897,1234,58.5025,1.5610000000000035,53318.439,0.39450000000000074,0.17046140294682888,-0.10378663832824192,-0.10378663832824192,9106187
72af9de9e9d5b9a77e792de9e26ad8c1,ef92531e15d19075,1647788590665,frontend-0,58.896,1234,58.5025,1.5610000000000035,53318.439,0.39350000000000307,0.17002930813581132,-0.10378663832824192,-0.10378663832824192,2994780
28ee81ff17e089d491f9dbaa73b67067,38686bc714687bbb,1647788992829,frontend-2,0.185,207,0.181,0.015999999999999986,0.938,0.0040000000000000036,0.1686250000000003,-0.10378663832824192,-0.10378663832824192,2998885
6790c9e36deffc77388bc388ae23bbf6,ddcf2d27142f4452,1647789155226,frontend-0,0.185,207,0.181,0.015999999999999986,0.938,0.0040000000000000036,0.1686250000000003,-0.10378663832824192,-0.10378663832824192,4526911
a8fc2b9230d00483de9e61a0cf046e8a,aac726344e68890d,1647789636182,frontend-0,0.185,207,0.181,0.015999999999999986,0.938,0.0040000000000000036,0.1686250000000003,-0.10378663832824192,-0.10378663832824192,4532066
768f2ecf490cab32b83a9988b14aae29,ec72f8cc751c1e6a,1647788454697,frontend-0,0.185,207,0.181,0.015999999999999986,0.938,0.0040000000000000036,0.1686250000000003,-0.10378663832824192,-0.10378663832824192,9097629
a9ad840d4997d90a238abec377eccb31,d3b5890b45d9ffbd,1647789816570,frontend-0,0.185,207,0.181,0.015999999999999986,0.938,0.0040000000000000036,0.1686250000000003,-0.10378663832824192,-0.10378663832824192,9111883
6902164bb5ba3d6fcece6c447230733b,6c064d233bd1db4e,1647790187497,frontend-0,0.185,207,0.181,0.015999999999999986,0.938,0.0040000000000000036,0.1686250000000003,-0.10378663832824192,-0.10378663832824192,9115854
adf6f7c04f878da4321d20f655cb1a91,8049e314402484a0,1647789120125,frontend-2,67.777,362,67.275,2.0080000000000027,27147.171,0.5019999999999953,0.16862499999999822,-0.10378663832824192,-0.10378663832824192,3000276
3bccf32aca7d666bfbdc6cc954941a7b,2613b6b577d70260,1647788599004,frontend-2,58.889,1234,58.5025,1.5610000000000035,53318.439,0.3865000000000052,0.16700464445868218,-0.10378663832824192,-0.10378663832824192,6045820
559ab8cd31e98adfd8f5d807dda8dc9f,72c63a65736d1cde,1647788768825,frontend-2,11.439,204,11.328,0.4504999999999999,16.977,0.11100000000000065,0.1661920088790243,-0.10378663832824192,-0.10378663832824192,4522693
eb42eb524571dc28c6a92ac02d4654d3,0c96ec772e435b1c,1647789371123,frontend-2,58.886,1234,58.5025,1.5610000000000035,53318.439,0.38350000000000506,0.1657083600256264,-0.10378663832824192,-0.10378663832824192,3002910
271b67b6bb5f196e993143d5b12fc288,97673f47b6dec5d7,1647790018381,frontend-2,58.886,1234,58.5025,1.5610000000000035,53318.439,0.38350000000000506,0.1657083600256264,-0.10378663832824192,-0.10378663832824192,4536115
da7483971f57340bfd959b19b9f990e3,5c01cc6f8fac8adb,1647788569503,frontend-2,58.884,1234,58.5025,1.5610000000000035,53318.439,0.3815000000000026,0.16484417040358817,-0.10378663832824192,-0.10378663832824192,9098784
47da72743b49b9b35c8455c850b41e80,591384fb7a895444,1647789179472,frontend-0,58.882,1234,58.5025,1.5610000000000035,53318.439,0.37950000000000017,0.16397998078155002,-0.10378663832824192,-0.10378663832824192,3000954
80a759cde632ee27376a086f61fa04f8,30ef336793d2b4a7,1647789339543,frontend-2,67.755,362,67.275,2.0080000000000027,27147.171,0.47999999999998977,0.16123505976095254,-0.10378663832824192,-0.10378663832824192,6053627
53f8bb42702d1271cee21bf8a90ad6e2,ea640689c700d428,1647788561399,frontend-2,11.432,204,11.328,0.4504999999999999,16.977,0.10400000000000098,0.15571143174250981,-0.10414893820176879,-0.10414893820176879,2994448
1d2b6c9df029ad647ca250f9b595698c,6dc3c66a39056054,1647788537136,frontend-2,58.862,1234,58.5025,1.5610000000000035,53318.439,0.35950000000000415,0.15533808456118017,-0.10414893820176879,-0.10414893820176879,7573676
e6e7130b553394d90837ee0dc553bbab,179a87ed819cd251,1647789723245,frontend-2,58.862,1234,58.5025,1.5610000000000035,53318.439,0.35950000000000415,0.15533808456118017,-0.10414893820176879,-0.10414893820176879,9110945
d8a6efde5c4c2192d9a3bb0fd71553f7,3b9e4ee32d1ca978,1647789481589,frontend-0,67.737,362,67.275,2.0080000000000027,27147.171,0.4619999999999891,0.15518874501991645,-0.10414893820176879,-0.10414893820176879,9108341
0260d24b3e7488cfc2c2834ec37fe28f,3860a8f623fee436,1647790159790,frontend-2,95.435,102,93.9525,6.612499999999997,6746.74,1.4825000000000017,0.15122060491493408,-0.10414893820176879,-0.10414893820176879,3011283
66c623c376f503e9b9d5054985cbde1a,bc0cfb72d257d2df,1647789790455,frontend-2,67.725,362,67.275,2.0080000000000027,27147.171,0.44999999999998863,0.15115786852589239,-0.10414893820176879,-0.10414893820176879,4533746
a220b0e3b5bdddbbe34e6cc6972e80ec,db5282c0b7bad39e,1647788907479,frontend-2,67.72,362,67.275,2.0080000000000027,27147.171,0.4449999999999932,0.14947833665338395,-0.10414893820176879,-0.10414893820176879,6049019
4b973819e1cec8c29644a09e1e539eb8,35288cada9951e81,1647789180277,frontend-0,58.846,1234,58.5025,1.5610000000000035,53318.439,0.3434999999999988,0.14842456758488065,-0.10573280776710187,-0.10573280776710187,7580404
8304a8532f83f053c9baaaea6b0c00db,ab88d14baaeafa35,1647788533036,frontend-2,58.464,147,58.031,1.9810000000000016,60000.328,0.43299999999999983,0.14742983341746574,-0.10623278028685279,-0.10623278028685279,6045129
bc421561f029638944a9faafe154c7ac,057c6c5820762cb6,1647788819705,frontend-2,58.843,1234,58.5025,1.5610000000000035,53318.439,0.3405000000000058,0.1471282831518279,-0.10623278028685279,-0.10623278028685279,7576446
d769bba44352759db2a22c312c2b35ad,f207dd57ba39cdc0,1647790099995,frontend-2,58.843,1234,58.5025,1.5610000000000035,53318.439,0.3405000000000058,0.1471282831518279,-0.10623278028685279,-0.10623278028685279,7589999
cf26322c7c2828314ce9b4af3bde98cf,470d419ce73f2d7c,1647789200954,frontend-2,58.839,1234,58.5025,1.5610000000000035,53318.439,0.3365000000000009,0.1453999039077515,-0.10623278028685279,-0.10623278028685279,7580591
9cde3d80c1addfd260f6ef114d88dec7,aac55b3cc9ae93a1,1647788856002,frontend-2,58.837,1234,58.5025,1.5610000000000035,53318.439,0.33450000000000557,0.14453571428571635,-0.10623278028685279,-0.10623278028685279,7576834
3444ff5126048e9f94c33c960858aa2a,f46507cddc3cce82,1647788447079,frontend-2,11.424,204,11.328,0.4504999999999999,16.977,0.09600000000000009,0.14373362930077707,-0.10623278028685279,-0.10623278028685279,2993287
51ec981c769bce4fafce7150e048a198,0b5f4920cc8744ac,1647788661808,frontend-2,58.833,1234,58.5025,1.5610000000000035,53318.439,0.3305000000000007,0.14280733504163995,-0.10623278028685279,-0.10623278028685279,7574858
ac671e002d5f78bacab1192ea8f83895,cc2787c755cde538,1647789465008,frontend-2,30.735,310,30.455,1.3254999999999981,43849.491,0.28000000000000114,0.14248208223312037,-0.10623278028685279,-0.10623278028685279,7583354
8a243498f213a01f88b3a31b08870bdf,8c63f7aad2cfc4da,1647789653489,frontend-2,67.699,362,67.275,2.0080000000000027,27147.171,0.4239999999999924,0.14242430278884188,-0.10623278028685279,-0.10623278028685279,4532251
3a0188351f081cf15d3a9a5558dc2299,2c670dfdab54aab6,1647789794964,frontend-2,95.331,102,93.9525,6.612499999999997,6746.74,1.3785000000000025,0.14061221172022717,-0.10623278028685279,-0.10623278028685279,9111679
348c2ba635c0806e7554d1ddf9817b41,82b3f73ef1e9d508,1647789796380,frontend-0,67.693,362,67.275,2.0080000000000027,27147.171,0.41799999999999216,0.14040886454182985,-0.10623278028685279,-0.10623278028685279,4533815
b367cb15f7c1c6804b21e0d2eb1bffd7,cb6175a0de96e378,1647789900833,frontend-2,58.443,147,58.031,1.9810000000000016,60000.328,0.41199999999999903,0.14027965673902026,-0.10623278028685279,-0.10623278028685279,4534811
9585dabd748e5ffebf77574dbca9eb04,429678f41c0d3419,1647788823910,frontend-2,30.728,310,30.455,1.3254999999999981,43849.491,0.27300000000000324,0.13892003017729343,-0.10584489671643776,-0.10584489671643776,4523307
9145083734066976c6dc94f834cdcb8f,910aeb5e8bca4526,1647789857518,frontend-2,58.823,1234,58.5025,1.5610000000000035,53318.439,0.32050000000000267,0.13848638693145504,-0.10584489671643776,-0.10584489671643776,6059126
65b4f9a00d16f361bcf1aec5fca60b2d,d4a08df759f5a91d,1647788758695,frontend-2,58.822,1234,58.5025,1.5610000000000035,53318.439,0.319500000000005,0.13805429212043746,-0.10584489671643776,-0.10584489671643776,4522618
8fa511c5a25baa92c5a4143906619dd8,50f5b70c6e887c7d,1647788548544,frontend-0,11.42,204,11.328,0.4504999999999999,16.977,0.09200000000000053,0.13774472807991203,-0.10584489671643776,-0.10584489671643776,9098565
655993d3815a1813522ea288b49033eb,15100ec5fb9f8114,1647789040786,frontend-0,58.821,1234,58.5025,1.5610000000000035,53318.439,0.3185000000000002,0.13762219730941683,-0.10584489671643776,-0.10584489671643776,2999506
56d8614ccbb61b17e4348bb83dd68e46,3649cbe0986437c4,1647789532011,frontend-2,58.434,147,58.031,1.9810000000000016,60000.328,0.4029999999999987,0.13721529530540075,-0.10584489671643776,-0.10584489671643776,6055731
84633cbf13505e1de35e8e6d1bd9b59a,1d3db04e418935fe,1647789574028,frontend-2,67.683,362,67.275,2.0080000000000027,27147.171,0.40800000000000125,0.13704980079681298,-0.10584489671643776,-0.10584489671643776,3005082
27237d464e42243708f10469134c52f1,265bcf999af86a25,1647788692805,frontend-0,67.683,362,67.275,2.0080000000000027,27147.171,0.40800000000000125,0.13704980079681298,-0.10584489671643776,-0.10584489671643776,7575182
ca6af526818f18421788df8b876d16f8,61ffbeb7c75df3ee,1647789107990,frontend-2,67.682,362,67.275,2.0080000000000027,27147.171,0.4069999999999965,0.1367138944223094,-0.10584489671643776,-0.10584489671643776,9104353
248e55dd4d05554edf628ac87adda2d9,5b31d60d0b873338,1647789221646,frontend-0,58.818,1234,58.5025,1.5610000000000035,53318.439,0.3155000000000001,0.13632591287636103,-0.10584489671643776,-0.10584489671643776,4527631
b00777dc20510e21c81f0cd4ac499402,3a11ec5347f3a090,1647789339612,frontend-2,67.678,362,67.275,2.0080000000000027,27147.171,0.4029999999999916,0.1353702689242998,-0.10584489671643776,-0.10584489671643776,7581989
1c1e1c2777d4fab5425ad94b25139cb7,2a38b06a1f520cea,1647789902434,frontend-0,67.676,362,67.275,2.0080000000000027,27147.171,0.40099999999999625,0.13469845617529735,-0.10584489671643776,-0.10584489671643776,7587884
fd8ea697b16aee1be9db11244aaa9e58,f5a0e579763d0660,1647789812263,frontend-2,67.673,362,67.275,2.0080000000000027,27147.171,0.39799999999999613,0.13369073705179135,-0.10584489671643776,-0.10584489671643776,4533966
27f809c74f6e5d7c903cf6012f192e26,ffb98aeba58c9ede,1647789151878,frontend-0,30.717,310,30.455,1.3254999999999981,43849.491,0.26200000000000045,0.13332251980384802,-0.10584489671643776,-0.10584489671643776,3000642
378cc45bf0cb27661f0decea7461fa69,308cfd778a63de9c,1647789782060,frontend-2,95.25,102,93.9525,6.612499999999997,6746.74,1.2974999999999994,0.1323499054820416,-0.10595922431066757,-0.10595922431066757,9111539
2a85850a15dea4c05bd76553aef2360b,77c3ef2e95557404,1647789854538,frontend-0,95.249,102,93.9525,6.612499999999997,6746.74,1.2964999999999947,0.13224790170132275,-0.10595922431066757,-0.10595922431066757,7587424
4f5165f64e545ace7429f488dd367766,725df308eec06efe,1647789136268,frontend-2,58.807,1234,58.5025,1.5610000000000035,53318.439,0.30450000000000443,0.13157286995515857,-0.10595922431066757,-0.10595922431066757,9104681
6c41be6acae20b63b74c0c8fd91dcce0,65cf8cd8e4adf4b1,1647789603374,frontend-2,58.805,1234,58.5025,1.5610000000000035,53318.439,0.302500000000002,0.13070868033312036,-0.10595922431066757,-0.10595922431066757,7584886
a52f4bc4f982dd3d89770c95226548a9,10f66a5a541d7d60,1647789275561,frontend-0,58.804,1234,58.5025,1.5610000000000035,53318.439,0.3015000000000043,0.1302765855221028,-0.10595922431066757,-0.10595922431066757,9106144
9ce5f873416dc63a2d4674d9efc3e831,82ca3c72f506e5e7,1647789149356,frontend-2,58.802,1234,58.5025,1.5610000000000035,53318.439,0.2995000000000019,0.1294123959000646,-0.10595922431066757,-0.10595922431066757,6051709
b1c8c72e2270e012c6c6d56622765ad0,7e29e4b16d83d3da,1647788832460,frontend-0,58.802,1234,58.5025,1.5610000000000035,53318.439,0.2995000000000019,0.1294123959000646,-0.10595922431066757,-0.10595922431066757,9101416
8cd3ca2a17c17ae239d97c463f95f3f4,e9c12c9d2426f6a8,1647790180167,frontend-2,58.411,147,58.031,1.9810000000000016,60000.328,0.38000000000000256,0.12938414941948587,-0.10595922431066757,-0.10595922431066757,3011507
dd48c599f47bc2e92b53d52effa52924,8363a5c246c3da0e,1647789646768,frontend-0,11.414,204,11.328,0.4504999999999999,16.977,0.0860000000000003,0.1287613762486131,-0.10595922431066757,-0.10595922431066757,3005888
d1f0c3637fc27f37c3da7a35669648d0,317fdcea32bea5ad,1647789447921,frontend-2,58.8,1234,58.5025,1.5610000000000035,53318.439,0.29749999999999943,0.12854820627802638,-0.10595922431066757,-0.10595922431066757,6054844
ef382c3ffc2d12bede546f15377532d6,c2a98e22baaa1cde,1647788835915,frontend-2,67.655,362,67.275,2.0080000000000027,27147.171,0.37999999999999545,0.12764442231075526,-0.10595922431066757,-0.10595922431066757,4523437
f2ba9f1e61e2f98aa42c9c9fed5e776b,4170156260af0f18,1647788693929,frontend-0,0.184,207,0.181,0.015999999999999986,0.938,0.0030000000000000027,0.1264687500000002,-0.10595922431066757,-0.10595922431066757,2995808
55179899e894f9afd67d66031ef4b016,bfa3c28d0d86fc8d,1647788824429,frontend-0,0.184,207,0.181,0.015999999999999986,0.938,0.0030000000000000027,0.1264687500000002,-0.10595922431066757,-0.10595922431066757,4523305
a51e6678e579f08bcbec3a4febb7f513,2a5056c9913ef801,1647789109083,frontend-2,0.184,207,0.181,0.015999999999999986,0.938,0.0030000000000000027,0.1264687500000002,-0.10595922431066757,-0.10595922431066757,4526356
7c59369da037e677c433eef056d11714,d723a4848d04641e,1647789522992,frontend-0,0.184,207,0.181,0.015999999999999986,0.938,0.0030000000000000027,0.1264687500000002,-0.10595922431066757,-0.10595922431066757,4530909
8c50f564f72fd55bd7af662554219819,8fa450fb6b4618db,1647789259673,frontend-2,0.184,207,0.181,0.015999999999999986,0.938,0.0030000000000000027,0.1264687500000002,-0.10595922431066757,-0.10595922431066757,9105971
fa0ac1cc3fb439c09eaf3cc5b74d1441,10b13def7ef9d03b,1647790026878,frontend-0,67.649,362,67.275,2.0080000000000027,27147.171,0.3739999999999952,0.12562898406374326,-0.10595922431066757,-0.10595922431066757,3009774
9785bb5d23d3bf0713e5d7d5cf1fda34,7ea47d81ee8a7943,1647789967049,frontend-0,58.793,1234,58.5025,1.5610000000000035,53318.439,0.29050000000000153,0.12552354260089724,-0.10595922431066757,-0.10595922431066757,7588565
4e1c942004bc353baf00fdaffc41b03c,3b67bae2d6912dd4,1647789626286,frontend-2,58.381,147,58.031,1.9810000000000016,60000.328,0.3500000000000014,0.11916961130742088,-0.10620210674026204,-0.10620210674026204,9109948
e5f2a46c199d9155c00ed89bff76101f,599b72099cdda352,1647789896975,frontend-0,58.776,1234,58.5025,1.5610000000000035,53318.439,0.2735000000000056,0.1181779308135832,-0.10620210674026204,-0.10620210674026204,3008438
10dac95ba182c1bd230ddf5ff69bec23,f6c2eadc706fe936,1647788983833,frontend-0,58.775,1234,58.5025,1.5610000000000035,53318.439,0.27250000000000085,0.11774583600256257,-0.10620210674026204,-0.10620210674026204,2998824
8fe5fdd35eaf3e6bf32b392819e926d2,cb299a3340275ef3,1647788583853,frontend-2,30.685,310,30.455,1.3254999999999981,43849.491,0.23000000000000043,0.11703885326292003,-0.10620210674026204,-0.10620210674026204,6045677
19bb389e69029d3d85661f554fa549a7,3d5f5c5fc2004040,1647788454038,frontend-2,30.685,310,30.455,1.3254999999999981,43849.491,0.23000000000000043,0.11703885326292003,-0.10620210674026204,-0.10620210674026204,7572830
40dbe06b9b8a8c7c9652d28edf85e6ba,c998d0178632c997,1647789779312,frontend-2,11.406,204,11.328,0.4504999999999999,16.977,0.07800000000000118,0.11678357380688303,-0.10620210674026204,-0.10620210674026204,6058304
7b9fc34d254a6cdb17e01b7e46938559,d916f4d32603ea1f,1647789735517,frontend-2,58.772,1234,58.5025,1.5610000000000035,53318.439,0.26950000000000074,0.11644955156950677,-0.10620210674026204,-0.10620210674026204,9111057
c0e9e0c4c39e68a493b8df737938db6d,6f3da96edbce961d,1647789188337,frontend-0,58.771,1234,58.5025,1.5610000000000035,53318.439,0.26850000000000307,0.11601745675848922,-0.10620210674026204,-0.10620210674026204,3001035
1544d8bb5d56f7c632a6aadb29e4e89f,78ea7b166997e4d6,1647789084328,frontend-0,58.77,1234,58.5025,1.5610000000000035,53318.439,0.2675000000000054,0.11558536194747164,-0.10620210674026204,-0.10620210674026204,7579327
2dd5f59d6d7c01dccecab520df462f34,16c5074bcf9a2650,1647790107699,frontend-0,58.769,1234,58.5025,1.5610000000000035,53318.439,0.2665000000000006,0.115153267136451,-0.10620210674026204,-0.10620210674026204,3010693
91cfbe3ffcce7bfa04594ec64d4c5f8c,8467123dced3f166,1647789388225,frontend-2,58.767,1234,58.5025,1.5610000000000035,53318.439,0.2645000000000053,0.11428907751441587,-0.10620210674026204,-0.10620210674026204,3003086
2d651b88a1f8cd8ee96a6f5537f3a2f9,ea77aaa6d3a40f47,1647788457081,frontend-0,58.766,1234,58.5025,1.5610000000000035,53318.439,0.2635000000000005,0.11385698270339523,-0.10620210674026204,-0.10620210674026204,9097657
3cb5c51d0e22a33ea4c48e348b3fc747,349b8f4fa835ecf0,1647789741783,frontend-0,58.764,1234,58.5025,1.5610000000000035,53318.439,0.2615000000000052,0.11299279308136008,-0.10620210674026204,-0.10620210674026204,3006921
45a3f3da5e6fae4c81bfb5b1dda4282a,9342589e50aea157,1647789886074,frontend-2,11.403,204,11.328,0.4504999999999999,16.977,0.07500000000000107,0.11229189789123357,-0.10620210674026204,-0.10620210674026204,6059357
ec5cce449fbd46aca38a612a26aae8f7,f45e78e8c391ca06,1647788996079,frontend-0,58.76,1234,58.5025,1.5610000000000035,53318.439,0.2575000000000003,0.11126441383728367,-0.10620210674026204,-0.10620210674026204,2998954
ab1f8cb125ee118dff4328a2bece5771,5ae7ea342aed0be1,1647790053443,frontend-2,30.673,310,30.455,1.3254999999999981,43849.491,0.21799999999999997,0.11093247831007182,-0.10620210674026204,-0.10620210674026204,3010107
1fa57cd171b33b2d7da3a3b4f4a7b4bd,63a9e178af858842,1647788416123,frontend-2,58.759,1234,58.5025,1.5610000000000035,53318.439,0.2565000000000026,0.11083231902626609,-0.10620210674026204,-0.10620210674026204,6043873
dafcbd16b64e33927a17744977fedd64,b472375c67af5261,1647789748486,frontend-2,58.758,1234,58.5025,1.5610000000000035,53318.439,0.25550000000000495,0.11040022421524853,-0.10620210674026204,-0.10620210674026204,6058001
a00062b84c5fa651dc4e35e230814a83,13cf36c49bbc86fc,1647789469462,frontend-0,58.758,1234,58.5025,1.5610000000000035,53318.439,0.25550000000000495,0.11040022421524853,-0.10620210674026204,-0.10620210674026204,7583429
b9c16c420d6dcebc760a5886e858b404,bf92f0af98b0c892,1647788956457,frontend-0,67.599,362,67.275,2.0080000000000027,27147.171,0.32399999999999807,0.10883366533864462,-0.10620210674026204,-0.10620210674026204,7577902
1e677417eb90e8e59bc095c598bd4c1c,85e7f0aa1131d476,1647789300851,frontend-0,58.748,1234,58.5025,1.5610000000000035,53318.439,0.24549999999999983,0.10607927610506054,-0.10620210674026204,-0.10620210674026204,4528477
d0bbb7ed38cea3f137a30d93d0f24947,357a568d497b5fce,1647789622192,frontend-0,30.657,310,30.455,1.3254999999999981,43849.491,0.20200000000000173,0.10279064503960873,-0.10620210674026204,-0.10620210674026204,3005668
5a161113d34529464be1f31529128dbc,49fdbee18a571a7a,1647788977779,frontend-0,58.735,1234,58.5025,1.5610000000000035,53318.439,0.2325000000000017,0.10046204356181987,-0.10630541233710028,-0.10630541233710028,9102885
efd19801522c9741506f9eb01f9aacbb,694502cdc342dfb3,1647789254667,frontend-2,67.574,362,67.275,2.0080000000000027,27147.171,0.2989999999999924,0.10043600597609292,-0.10630541233710028,-0.10630541233710028,3001738
3dca9d5f74486d44ed5767109ba74a7e,c9b20328e6626164,1647789268737,frontend-2,58.732,1234,58.5025,1.5610000000000035,53318.439,0.2295000000000016,0.09916575912876407,-0.10630541233710028,-0.10630541233710028,9106079
a9994cd048937dc464d18ad08430cc38,5c527b003e3203e7,1647788561216,frontend-0,58.73,1234,58.5025,1.5610000000000035,53318.439,0.22749999999999915,0.09830156950672586,-0.10630541233710028,-0.10630541233710028,6045420
89dee7ea5b47014b9ea8bdcc089f2ebe,f1034d3b5db77502,1647790018072,frontend-2,58.728,1234,58.5025,1.5610000000000035,53318.439,0.2255000000000038,0.09743737988469073,-0.10630541233710028,-0.10630541233710028,9113961
4e4a23a8693d34ff2027fce1f480db15,625ff7f97f6fd365,1647789770665,frontend-2,58.726,1234,58.5025,1.5610000000000035,53318.439,0.22350000000000136,0.09657319026265251,-0.10630541233710028,-0.10630541233710028,3007172
2e4aa74304ca01fc20eb1246af8c6c39,13f5b25637a6fba8,1647789524558,frontend-2,58.725,1234,58.5025,1.5610000000000035,53318.439,0.2225000000000037,0.09614109545163495,-0.10630541233710028,-0.10630541233710028,6055672
d2ad96ad4398d26bf97bee143362219f,d0329c80895e2921,1647789227399,frontend-2,30.638,310,30.455,1.3254999999999981,43849.491,0.18300000000000338,0.09312221803093357,-0.10630541233710028,-0.10630541233710028,7580854
7b0b8c98a19467752b3f242646c0bb9b,de136a25479a8f44,1647790120413,frontend-0,58.718,1234,58.5025,1.5610000000000035,53318.439,0.2155000000000058,0.09311643177450582,-0.10630541233710028,-0.10630541233710028,3010812
989411b5f1867698492ae6c48f4c5b9c,806d67029bf32e5f,1647789482737,frontend-0,30.634,310,30.455,1.3254999999999981,43849.491,0.17900000000000205,0.09108675971331691,-0.10630541233710028,-0.10630541233710028,7583575
d43821481d24b5aaa50082ca6f182271,9dc931ec1ddc11db,1647788953192,frontend-2,67.544,362,67.275,2.0080000000000027,27147.171,0.26899999999999125,0.0903588147410328,-0.10630541233710028,-0.10630541233710028,4524690
c7d02e7a10e0bb2970c6e626b2472e23,867f5c9d26aa0ec9,1647788530076,frontend-2,58.71,1234,58.5025,1.5610000000000035,53318.439,0.20750000000000313,0.08965967328635605,-0.10630541233710028,-0.10630541233710028,7573598
a2213fe85a3171aae7b15ccdd6adecaa,93bbd25bd0bd54e9,1647789848635,frontend-2,30.629,310,30.455,1.3254999999999981,43849.491,0.17400000000000304,0.0885424368162974,-0.10630541233710028,-0.10630541233710028,3007994
3e9535fe29e47fd444b45c9d1c865906,8a7b720d3243c27f,1647789191874,frontend-2,58.706,1234,58.5025,1.5610000000000035,53318.439,0.20350000000000534,0.0879312940422827,-0.10630541233710028,-0.10630541233710028,7580515
c5ae95471cf7ded78b12e48b06081e6f,fa05970c4d449a6a,1647789374420,frontend-0,67.535,362,67.275,2.0080000000000027,27147.171,0.2599999999999909,0.08733565737051475,-0.10630541233710028,-0.10630541233710028,9107160
8d066284ce61a66a81ad41b0b13b5e6f,491f88da3e4eba31,1647789565628,frontend-0,67.533,362,67.275,2.0080000000000027,27147.171,0.25799999999999557,0.08666384462151235,-0.10630541233710028,-0.10630541233710028,6056082
3c7593fb2c02477e6caf7b3717588941,3d56ea51bd6de437,1647788411702,frontend-2,58.703,1234,58.5025,1.5610000000000035,53318.439,0.20050000000000523,0.08663500960922692,-0.10630541233710028,-0.10630541233710028,6043831
4ceef640270865ba5a6f2b42552b18d2,a81db45bcb0fb977,1647789062792,frontend-0,94.789,102,93.9525,6.612499999999997,6746.74,0.8365000000000009,0.0853261625708886,-0.10630541233710028,-0.10630541233710028,2999677
c8bd76027a97bd89811949fe7cf2e0dc,e434896550ae0708,1647789066889,frontend-0,30.621,310,30.455,1.3254999999999981,43849.491,0.16600000000000037,0.08447152018106406,-0.10630541233710028,-0.10630541233710028,2999727
c7982c34bc7a6b312002012420982825,70692f3c8f247c39,1647789759405,frontend-0,0.183,207,0.181,0.015999999999999986,0.938,0.0020000000000000018,0.08431250000000015,-0.10630541233710028,-0.10630541233710028,3007046
3ee8d5979a7cafce4278e6bf37426e3e,247c0a3eeb4ce212,1647788454037,frontend-2,0.183,207,0.181,0.015999999999999986,0.938,0.0020000000000000018,0.08431250000000015,-0.10630541233710028,-0.10630541233710028,4519545
12ce0f2130f6171b24a18842867eabc5,08056c9ce6641c19,1647788734163,frontend-0,0.183,207,0.181,0.015999999999999986,0.938,0.0020000000000000018,0.08431250000000015,-0.10630541233710028,-0.10630541233710028,9100370
2db74f95f684f31665b3211774ce5d29,409b15ea3fe45fdf,1647789150161,frontend-0,0.183,207,0.181,0.015999999999999986,0.938,0.0020000000000000018,0.08431250000000015,-0.10630541233710028,-0.10630541233710028,9104822
867af2b0da5bda39265db82507ae7d78,b2a0778646fb28af,1647789492733,frontend-0,67.525,362,67.275,2.0080000000000027,27147.171,0.25,0.08397659362549789,-0.10630541233710028,-0.10630541233710028,3004221
b90868e410276e3764d1fb4afad53b83,609371c375b8957d,1647789113442,frontend-0,11.384,204,11.328,0.4504999999999999,16.977,0.05600000000000094,0.08384461709212129,-0.10630541233710028,-0.10630541233710028,3000190
b3007e718a89e35e29e7ab5429c1c0ae,da6b01d7dea3d0e2,1647788833151,frontend-0,67.522,362,67.275,2.0080000000000027,27147.171,0.2469999999999999,0.08296887450199189,-0.10630541233710028,-0.10630541233710028,9101430
ded76b9d169b1e5e98af3b19e3c5bb3d,d19dfaa871e6a7fb,1647788764624,frontend-0,58.272,147,58.031,1.9810000000000016,60000.328,0.24099999999999966,0.08205678950025222,-0.10630541233710028,-0.10630541233710028,7575890
3ad701f701b4fb6c32c4057d58b4b171,8ebfb2e32a4624d7,1647789828199,frontend-0,58.692,1234,58.5025,1.5610000000000035,53318.439,0.18950000000000244,0.08188196668802138,-0.10630541233710028,-0.10630541233710028,6058838
fed3f448ccf74a1e29e5175739390082,5a0f4a7db8d2921f,1647789708149,frontend-2,58.686,1234,58.5025,1.5610000000000035,53318.439,0.18350000000000222,0.07928939782190982,-0.10595489424345977,-0.10595489424345977,6057618
2c508a364311d5cbcfbc45a920a1478a,daaaf3d110b61e9e,1647790172031,frontend-0,11.379,204,11.328,0.4504999999999999,16.977,0.051000000000000156,0.07635849056603798,-0.10595489424345977,-0.10595489424345977,6062481
96ed9d9804584648282e97006708b140,27a0f5bad12f3522,1647788709657,frontend-2,58.678,1234,58.5025,1.5610000000000035,53318.439,0.17549999999999955,0.07583263933376004,-0.10595489424345977,-0.10595489424345977,9100172
e93d18d589f38487a8d1244540d34673,8edd88e2fdc14a52,1647788412161,frontend-0,11.378,204,11.328,0.4504999999999999,16.977,0.05000000000000071,0.07486126526082239,-0.10595489424345977,-0.10595489424345977,6043826
7328474214e92ff54fde45900245800b,db6ce2bf47cb3df7,1647788750121,frontend-2,67.497,362,67.275,2.0080000000000027,27147.171,0.2219999999999942,0.07457121513944019,-0.10595489424345977,-0.10595489424345977,9100518
6de3861448ca90f34d4fecadb43eaa79,787c179dae5bf844,1647788574600,frontend-0,30.597,310,30.455,1.3254999999999981,43849.491,0.142000000000003,0.07225877027536942,-0.10637445895364417,-0.10637445895364417,7574037
bbeadbf9982169c7dfe9aeb7ff4f2de5,eedb7127353829c7,1647789579463,frontend-0,58.669,1234,58.5025,1.5610000000000035,53318.439,0.1664999999999992,0.07194378603459271,-0.10637445895364417,-0.10637445895364417,3005144
27b81c0a1d621ce870f25d1472464b27,1a8a1b8db8ea00a9,1647788792362,frontend-2,30.594,310,30.455,1.3254999999999981,43849.491,0.1390000000000029,0.07073217653715735,-0.10637445895364417,-0.10637445895364417,6047784
e939cd1e42dcba9f3616698fecf24fc6,1d5d0eb0f12de662,1647789054353,frontend-2,58.666,1234,58.5025,1.5610000000000035,53318.439,0.1634999999999991,0.07064750160153692,-0.10637445895364417,-0.10637445895364417,6050678
8ee42761cc2c1903d6bef7aeea6f8042,79449461f74f868a,1647788593682,frontend-2,11.375,204,11.328,0.4504999999999999,16.977,0.0470000000000006,0.07036958934517294,-0.10637445895364417,-0.10637445895364417,2994820
60c54c4a610adb9874d4a901e518b9c9,35d699f5fd45ddea,1647789135261,frontend-2,94.64,102,93.9525,6.612499999999997,6746.74,0.6875,0.07012759924385636,-0.10637445895364417,-0.10637445895364417,9104660
b29caa09378faf6ad00249db5b716f8b,4a3385260edd7757,1647789053404,frontend-2,58.662,1234,58.5025,1.5610000000000035,53318.439,0.1595000000000013,0.06891912235746357,-0.10652229416145031,-0.10652229416145031,2999603
125beb467ab942f446d2e2bc8f3664ba,f04bd1d754dc2d9b,1647789337188,frontend-0,67.479,362,67.275,2.0080000000000027,27147.171,0.20399999999999352,0.06852490039840411,-0.10652229416145031,-0.10652229416145031,6053606
68dcf54a466d2b00ef7402b757d687b0,e75f5e54eefd42c9,1647789593042,frontend-0,30.588,310,30.455,1.3254999999999981,43849.491,0.13300000000000267,0.06767898906073325,-0.10652229416145031,-0.10652229416145031,7584773
02eecda383e9a63eee0aad2d0a3ee82f,ca1f99b7b8bb7c5e,1647789064536,frontend-2,58.223,147,58.031,1.9810000000000016,60000.328,0.19200000000000017,0.06537304391721353,-0.10652229416145031,-0.10652229416145031,7579099
550e316ebef11e2624030aaabeded6ec,6027b4e76c204102,1647789507864,frontend-0,94.587,102,93.9525,6.612499999999997,6746.74,0.6345000000000027,0.0647213988657848,-0.10652229416145031,-0.10652229416145031,6055515
ffbdb1c17a09cabfab3effd6c6a35eb0,b824e74ceda9efae,1647789255690,frontend-2,30.582,310,30.455,1.3254999999999981,43849.491,0.12700000000000244,0.06462580158430915,-0.10652229416145031,-0.10652229416145031,7581188
26ac8c323d9aef55e7f0555d2b87134c,e57f6c3742ca86ff,1647788605179,frontend-2,11.371,204,11.328,0.4504999999999999,16.977,0.04300000000000104,0.06438068812430789,-0.10652229416145031,-0.10652229416145031,6045896
f2f2c598a142b87017fea7891077f68b,df2e9b859bfa9758,1647788605992,frontend-0,58.649,1234,58.5025,1.5610000000000035,53318.439,0.14650000000000318,0.06330188981422288,-0.10652229416145031,-0.10652229416145031,6045927
dea1b4e108ff68afa20ac6e1b438a9ee,20adfea81eaa0930,1647788778328,frontend-2,11.37,204,11.328,0.4504999999999999,16.977,0.041999999999999815,0.06288346281908963,-0.10652229416145031,-0.10652229416145031,2996598
7083a5099b2f2e72702eaa35985b03ab,2d43ef1dfbeec4e8,1647788948147,frontend-2,58.646,1234,58.5025,1.5610000000000035,53318.439,0.14350000000000307,0.0620056053811671,-0.10652229416145031,-0.10652229416145031,6049448
ad7878985a6583c4f3f76161eecb9df8,1daf2304728b498f,1647788807429,frontend-2,30.574,310,30.455,1.3254999999999981,43849.491,0.11900000000000333,0.0605548849490776,-0.10652229416145031,-0.10652229416145031,4523105
345ff005bbfc6dbb7ebccbe53a82885e,11ee85a77de5f490,1647788666295,frontend-2,58.637,1234,58.5025,1.5610000000000035,53318.439,0.13450000000000273,0.05811675208199976,-0.10652229416145031,-0.10652229416145031,9099768
4971b3b068e2c52ff8f5407f82ccd3b1,f4f449ae05a53605,1647789806664,frontend-2,67.448,362,67.275,2.0080000000000027,27147.171,0.1729999999999876,0.058111802788840386,-0.10652229416145031,-0.10652229416145031,6058632
c6e4d749fac8655e048b5076f8a96a01,c52ee7b8ed39a1ad,1647789564959,frontend-2,67.446,362,67.275,2.0080000000000027,27147.171,0.17099999999999227,0.05743999003983796,-0.10652229416145031,-0.10652229416145031,7584423
07ced4ee1169cc98de7eaf278efc2e78,dd68c3cb533c78a9,1647789891288,frontend-0,11.366,204,11.328,0.4504999999999999,16.977,0.038000000000000256,0.056894561598224584,-0.10652229416145031,-0.10652229416145031,7587777
a9c2902087a516e948288350694698de,a74b961514f4b62b,1647789640213,frontend-0,58.632,1234,58.5025,1.5610000000000035,53318.439,0.12950000000000017,0.055956278026905774,-0.10652229416145031,-0.10652229416145031,6056853
9cf9eb06c41d8729ee5991a6025c75a3,50b93f40899c7b93,1647789986212,frontend-2,11.365,204,11.328,0.4504999999999999,16.977,0.03700000000000081,0.05539733629300899,-0.10652229416145031,-0.10652229416145031,6060402
22f46bc79fd374b408a5779ebaa691db,2fdf7c98dc4bf7d5,1647788945052,frontend-2,67.439,362,67.275,2.0080000000000027,27147.171,0.16399999999998727,0.05508864541832234,-0.10652229416145031,-0.10652229416145031,9102569
7b2be51246890f659447eadd593fdaa8,3ea3a6c26240cc01,1647789275797,frontend-2,58.629,1234,58.5025,1.5610000000000035,53318.439,0.12650000000000006,0.054659993593849994,-0.10652229416145031,-0.10652229416145031,7581380
39d61c40a30754f92ed2ac069b5adf92,d94f32929a08176f,1647788529910,frontend-0,58.625,1234,58.5025,1.5610000000000035,53318.439,0.12250000000000227,0.052931614349776654,-0.10652229416145031,-0.10652229416145031,4520331
683e58a04493c4d8e1c99a22e75cd2f5,2d057ba697271dfb,1647789827928,frontend-2,30.559,310,30.455,1.3254999999999981,43849.491,0.10400000000000276,0.05292191625801732,-0.10652229416145031,-0.10652229416145031,7587186
08ba806d3ef5353d98fd7fc6f11ba186,e9e6fc333b29d93c,1647788982532,frontend-2,58.624,1234,58.5025,1.5610000000000035,53318.439,0.1215000000000046,0.052499519538759074,-0.10652229416145031,-0.10652229416145031,7578156
1d42129f24d8d837950abbb533686774,a2a565dc3912e161,1647790175433,frontend-0,30.557,310,30.455,1.3254999999999981,43849.491,0.10200000000000031,0.05190418709920808,-0.10652229416145031,-0.10652229416145031,9115738
ca87b44f96904b1c380b3edfb12db57e,bb90f2477f0ed055,1647788494682,frontend-2,67.425,362,67.275,2.0080000000000027,27147.171,0.14999999999999147,0.05038595617529587,-0.10652229416145031,-0.10652229416145031,4519963
77b23dcd9abb0807cc4a6080651fd0c8,dc51eeaa0b274b1c,1647789371829,frontend-2,11.361,204,11.328,0.4504999999999999,16.977,0.03300000000000125,0.04940843507214395,-0.10652229416145031,-0.10652229416145031,6054007
5d5b48090790386a636013ecb2f1a643,a3f0a4d0c53e7fe5,1647790028747,frontend-2,30.551,310,30.455,1.3254999999999981,43849.491,0.09600000000000009,0.04885099962278397,-0.10652229416145031,-0.10652229416145031,7589219
82f5b2ae2953b7adda7de23d60918665,64cfd6f6fbf9e780,1647788488419,frontend-0,94.423,102,93.9525,6.612499999999997,6746.74,0.47050000000000125,0.047992778827977464,-0.10652229416145031,-0.10652229416145031,2993718
8255acc72545703e29d3388bb8cf0a41,0af1cab815c981a0,1647789693969,frontend-2,67.412,362,67.275,2.0080000000000027,27147.171,0.13700000000000045,0.046019173306773,-0.10652229416145031,-0.10652229416145031,6057462
a415797f4f42aea603ad498976df3f20,ff399fa9a9d8b745,1647788733897,frontend-2,58.607,1234,58.5025,1.5610000000000035,53318.439,0.10450000000000159,0.045153907751441964,-0.10652229416145031,-0.10652229416145031,2996156
b5130625dd0c6e5b4237645f26bda66a,02d642ce8b5d4208,1647790190105,frontend-2,58.606,1234,58.5025,1.5610000000000035,53318.439,0.10350000000000392,0.0447218129404244,-0.10652229416145031,-0.10652229416145031,9115885
68982be7e2acf727744013c01b797eda,2d2dba59f42dee74,1647788593694,frontend-2,58.159,147,58.031,1.9810000000000016,60000.328,0.1280000000000001,0.04358202927814236,-0.10652229416145031,-0.10652229416145031,9099026
154d37bdbd91d6fec7db67e635e98de2,28a47e9f4fd7193a,1647789450119,frontend-2,67.401,362,67.275,2.0080000000000027,27147.171,0.12599999999999056,0.04232420318724777,-0.10652229416145031,-0.10652229416145031,6054854
a3eb3c6b12e55aca5e62cc84c177e896,b38c7288bb22cf3c,1647789679850,frontend-2,0.182,207,0.181,0.015999999999999986,0.938,0.0010000000000000009,0.042156250000000076,-0.10652229416145031,-0.10652229416145031,3006234
45e64426fc8f8d428c2f5d7cbe9bc6ee,df372af7f6e3e8c7,1647790028746,frontend-2,0.182,207,0.181,0.015999999999999986,0.938,0.0010000000000000009,0.042156250000000076,-0.10652229416145031,-0.10652229416145031,3009796
238410a5bb0e942d453bf7a90952e781,ae0364739dc3c8cf,1647789268422,frontend-0,0.182,207,0.181,0.015999999999999986,0.938,0.0010000000000000009,0.042156250000000076,-0.10652229416145031,-0.10652229416145031,6052930
888246e0f317d813ef81ed8136f17dc8,6cf0348c3b8712b8,1647789593041,frontend-0,0.182,207,0.181,0.015999999999999986,0.938,0.0010000000000000009,0.042156250000000076,-0.10652229416145031,-0.10652229416145031,6056393
7bb5c8654d3ebe82b87856b18a3de09d,a69e19c85adce43d,1647789848634,frontend-2,0.182,207,0.181,0.015999999999999986,0.938,0.0010000000000000009,0.042156250000000076,-0.10652229416145031,-0.10652229416145031,9112185
91ae5dc6d2dd6b5db75ccc2e413e788b,652506ff29894960,1647789632289,frontend-0,58.598,1234,58.5025,1.5610000000000035,53318.439,0.09550000000000125,0.04126505445227463,-0.10652229416145031,-0.10652229416145031,3005747
7f27a2da96ba02945cf1f9c86d1a710d,fae5a267c6b697b2,1647788497752,frontend-2,67.394,362,67.275,2.0080000000000027,27147.171,0.11899999999999977,0.03997285856573692,-0.10652229416145031,-0.10652229416145031,6044765
5279009f3f60a4ca93864e2c721740f7,af381e0cc60ed795,1647789829224,frontend-2,58.595,1234,58.5025,1.5610000000000035,53318.439,0.09250000000000114,0.03996877001921885,-0.10652229416145031,-0.10652229416145031,7587195
28e5168b48137ce1a7250c9bf1714b72,36513d39c4d89237,1647789241990,frontend-0,94.34,102,93.9525,6.612499999999997,6746.74,0.38750000000000284,0.039526465028355696,-0.10652229416145031,-0.10652229416145031,9105807
e148eef5974b8f6082f0d8e0ad79f36f,0f7ffe1ae225e09e,1647789792990,frontend-2,58.147,147,58.031,1.9810000000000016,60000.328,0.11599999999999966,0.03949621403331636,-0.10652229416145031,-0.10652229416145031,4533765
6e4a3f19d5f84b122bf995a4a64a01e1,47511db80734e7d4,1647789891300,frontend-0,58.141,147,58.031,1.9810000000000016,60000.328,0.10999999999999943,0.03745330641090336,-0.10591891860428149,-0.10591891860428149,9112622
e2e0e3b12f8aff3c40daca7c1122dc60,460716e31ee66374,1647788805383,frontend-2,58.589,1234,58.5025,1.5610000000000035,53318.439,0.08650000000000091,0.03737620115310729,-0.10591891860428149,-0.10591891860428149,4523086
e2946ef34c4da8bb9d108e00fe7d5d50,bc355fd7afe42f5f,1647789978092,frontend-2,58.58,1234,58.5025,1.5610000000000035,53318.439,0.07750000000000057,0.033487347853939954,-0.10623098191186214,-0.10623098191186214,7588673
a61fca4eb4a70b728b6828c8dd88b857,8ab75de3bd0bf122,1647788728561,frontend-2,67.374,362,67.275,2.0080000000000027,27147.171,0.09899999999998954,0.03325473107569365,-0.10623098191186214,-0.10623098191186214,6047115
82ff362e8b350c4c2ba8d5174f6af523,df2a4421019fe563,1647789341697,frontend-2,30.519,310,30.455,1.3254999999999981,43849.491,0.06400000000000006,0.03256733308185598,-0.10623098191186214,-0.10623098191186214,3002599
50a76bc5dedd93603769a0970224505e,e6e317f8714c8b15,1647789455188,frontend-2,94.265,102,93.9525,6.612499999999997,6746.74,0.3125,0.03187618147448017,-0.10623098191186214,-0.10623098191186214,9108058
674e731bb97ef18fccc602a52fea0881,333d42275c676b1e,1647788568731,frontend-0,58.123,147,58.031,1.9810000000000016,60000.328,0.09199999999999875,0.03132458354366437,-0.10623098191186214,-0.10623098191186214,4520765
ae95f4febb45838d4b033f0d82e5b28a,0fc43ba75b31f691,1647789187032,frontend-2,67.368,362,67.275,2.0080000000000027,27147.171,0.09299999999998931,0.031239292828681625,-0.10623098191186214,-0.10623098191186214,9105232
b71431f5b8effba98c0fdd9fe88ca092,1bc1fee074078a1c,1647789081213,frontend-0,58.573,1234,58.5025,1.5610000000000035,53318.439,0.07050000000000267,0.030462684176810823,-0.10623098191186214,-0.10623098191186214,6050948
e3c6f0058861bfe7ec36a5d52ca87c0a,5f549b1046e0d4e0,1647790155904,frontend-2,11.348,204,11.328,0.4504999999999999,16.977,0.02000000000000135,0.029944506104330554,-0.10623098191186214,-0.10623098191186214,6062323
68e0a4396cd393b317feda8b610093e1,de7951b19ab77e68,1647789882144,frontend-0,58.571,1234,58.5025,1.5610000000000035,53318.439,0.06850000000000023,0.029598494554772613,-0.10623098191186214,-0.10623098191186214,3008301
8903d13799f0e3b4c3e5d5ea5f222644,81c4f64e60f5a34a,1647789424613,frontend-2,67.36,362,67.275,2.0080000000000027,27147.171,0.08499999999999375,0.028552041832667185,-0.10651722234739092,-0.10651722234739092,6054542
9287c5690ac5c34aa966fcbf96e5d737,8dccfded2c8d2cea,1647788879306,frontend-2,58.567,1234,58.5025,1.5610000000000035,53318.439,0.06450000000000244,0.027870115310699262,-0.10651722234739092,-0.10651722234739092,9101862
8f72af663257cacb11f006e285ed6e48,0b9322f1dcfb7d6d,1647789657913,frontend-0,67.357,362,67.275,2.0080000000000027,27147.171,0.08199999999999363,0.02754432270916117,-0.10651722234739092,-0.10651722234739092,9110244
486471808d3dbc51afc8759ba4ed94f7,01c0f5ecb7c2630f,1647789750905,frontend-0,58.564,1234,58.5025,1.5610000000000035,53318.439,0.06150000000000233,0.026573830877643485,-0.10651722234739092,-0.10651722234739092,9111210
f853284a1cb6d3d16f5fbabbed5b07f8,0570b0e90886ceb7,1647789584523,frontend-0,58.563,1234,58.5025,1.5610000000000035,53318.439,0.06050000000000466,0.026141736066625915,-0.10651722234739092,-0.10651722234739092,3005211
0ace704dc5e39294facbe4c7b5ca6f1e,e8df9facf1fbadbd,1647788755447,frontend-0,58.563,1234,58.5025,1.5610000000000035,53318.439,0.06050000000000466,0.026141736066625915,-0.10651722234739092,-0.10651722234739092,4522582
9701361f7576f1c4d5beea081e8aed6f,e9ac7ac15dc4e347,1647789509005,frontend-0,58.562,1234,58.5025,1.5610000000000035,53318.439,0.059499999999999886,0.025709641255605275,-0.10651722234739092,-0.10651722234739092,4530761
f2c59b08847b1e492c3d2171b3e062d9,9f79fd510e7d2a99,1647789878168,frontend-0,58.561,1234,58.5025,1.5610000000000035,53318.439,0.05850000000000222,0.0252775464445877,-0.10651722234739092,-0.10651722234739092,3008260
4ef97dcb6da8fcf79f34e1e4c782cb6a,f02342b0622fd092,1647789497256,frontend-2,58.56,1234,58.5025,1.5610000000000035,53318.439,0.05750000000000455,0.024845451633570135,-0.10651722234739092,-0.10651722234739092,6055392
00cb15ad4a1d774ff70ee38e2cbd51cb,2762ee978a42c296,1647788687886,frontend-2,67.348,362,67.275,2.0080000000000027,27147.171,0.07299999999999329,0.024521165338643132,-0.10651722234739092,-0.10651722234739092,9099986
ce6e8de76404b748d0b88f87bcd76d45,23e88099a946b30e,1647788760344,frontend-0,58.559,1234,58.5025,1.5610000000000035,53318.439,0.05649999999999977,0.024413356822549494,-0.10651722234739092,-0.10651722234739092,2996426
9121304936af1447a48c9ee72a890e0a,2335f47d400b16bb,1647789846146,frontend-2,58.559,1234,58.5025,1.5610000000000035,53318.439,0.05649999999999977,0.024413356822549494,-0.10651722234739092,-0.10651722234739092,4534310
00db5665f1626f5baac93adb35b743a8,d00f87018229bd74,1647789922101,frontend-2,67.347,362,67.275,2.0080000000000027,27147.171,0.07199999999998852,0.024185258964139537,-0.10651722234739092,-0.10651722234739092,4535090
2af8696e0d5c3e6e766f74f5be25131d,0897c7ab0195aeec,1647788623236,frontend-2,58.557,1234,58.5025,1.5610000000000035,53318.439,0.054500000000004434,0.023549167200514354,-0.10651722234739092,-0.10651722234739092,7574503
29800853584ae76aa472d0c2b783b387,a272662d02a423c9,1647789063464,frontend-2,58.556,1234,58.5025,1.5610000000000035,53318.439,0.05349999999999966,0.023117072389493714,-0.10651722234739092,-0.10651722234739092,4525865
a5f10b914bb9d17920a324cf2e783ca6,dfaa3b1350517688,1647789877085,frontend-0,58.556,1234,58.5025,1.5610000000000035,53318.439,0.05349999999999966,0.023117072389493714,-0.10651722234739092,-0.10651722234739092,9112490
1e74bf4cfaf13344b76e1d29d348466d,0a028443f4647853,1647788971414,frontend-2,58.553,1234,58.5025,1.5610000000000035,53318.439,0.050499999999999545,0.021820787956437934,-0.10651722234739092,-0.10651722234739092,7578012
8481c83b58a816037893f7905c2abe84,8c68b6194091db3d,1647789724422,frontend-0,30.497,310,30.455,1.3254999999999981,43849.491,0.04200000000000159,0.021372312334968776,-0.10651722234739092,-0.10651722234739092,4533073
8f4712915319965bd4279164acf1e8ec,a2ee29f8e0ebbf02,1647789363484,frontend-0,67.336,362,67.275,2.0080000000000027,27147.171,0.06099999999999284,0.020490288844619082,-0.10651722234739092,-0.10651722234739092,7582238
ddad0a4d59608de1dd6b52bc34eef615,14555084de230494,1647789555880,frontend-2,11.341,204,11.328,0.4504999999999999,16.977,0.0129999999999999,0.019463928967813394,-0.10651722234739092,-0.10651722234739092,3004844
1c323d303746c29cdec3267084764685,5fdf06783f9be8a8,1647789370005,frontend-2,30.492,310,30.455,1.3254999999999981,43849.491,0.037000000000002586,0.018827989437949288,-0.10651722234739092,-0.10651722234739092,7582317
26829cb14e3da292f5d303ef9969b9d4,fd4e186b0a9502c5,1647789942226,frontend-2,30.492,310,30.455,1.3254999999999981,43849.491,0.037000000000002586,0.018827989437949288,-0.10651722234739092,-0.10651722234739092,7588328
0c896019bf09b4aac3a43f97ae6e0599,fa4580689f21428e,1647788555747,frontend-2,58.546,1234,58.5025,1.5610000000000035,53318.439,0.04350000000000165,0.018796124279308806,-0.10651722234739092,-0.10651722234739092,7573818
b87257141fa20841ae3e70261f57871d,08b1c1094bc3f308,1647789416860,frontend-0,58.544,1234,58.5025,1.5610000000000035,53318.439,0.041499999999999204,0.017931934657270596,-0.10651722234739092,-0.10651722234739092,6054459
1f2ac6c18f56a117c4f047a7d9cad630,e22383eac519edf2,1647789163698,frontend-2,58.544,1234,58.5025,1.5610000000000035,53318.439,0.041499999999999204,0.017931934657270596,-0.10651722234739092,-0.10651722234739092,9104985
52564cc5b57cb29e0249ddd7f4588495,8b3208660ede11c6,1647788729837,frontend-2,58.542,1234,58.5025,1.5610000000000035,53318.439,0.039500000000003865,0.017067745035235456,-0.10651722234739092,-0.10651722234739092,2996113
efc283385f1ca5672ad7d693d0d9c1c6,3501cc8a52610fb4,1647789487575,frontend-2,58.542,1234,58.5025,1.5610000000000035,53318.439,0.039500000000003865,0.017067745035235456,-0.10651722234739092,-0.10651722234739092,9108413
720893a9ed9d52063e79229071477325,4ddc9a9d927f733f,1647789996549,frontend-0,58.079,147,58.031,1.9810000000000016,60000.328,0.04800000000000182,0.016343260979303987,-0.10651722234739092,-0.10651722234739092,3009458
465249b74657af0ac8d8f8ed0a64b1ac,5d6588c2f080142c,1647790104536,frontend-2,58.54,1234,58.5025,1.5610000000000035,53318.439,0.03750000000000142,0.016203555413197245,-0.10651722234739092,-0.10651722234739092,4537072
3ec5f9e895df8da39825cc3ea01c98f5,2849de070201056f,1647790052909,frontend-2,67.32,362,67.275,2.0080000000000027,27147.171,0.044999999999987494,0.01511578685258542,-0.10651722234739092,-0.10651722234739092,6061157
41c02e2727d68db69fe9e65eae35f14b,581ce8a4c8c41966,1647789729550,frontend-0,58.536,1234,58.5025,1.5610000000000035,53318.439,0.03350000000000364,0.014475176169123896,-0.10651722234739092,-0.10651722234739092,9111013
8fbc06c24469075e579a41b2d8be87f8,24148dee9a92f3d6,1647788480544,frontend-2,67.317,362,67.275,2.0080000000000027,27147.171,0.04199999999998738,0.014108067729079408,-0.10651722234739092,-0.10651722234739092,4519805
30b2695e9a4c21203b11b653d2ebc4ec,bff68460f81582cc,1647789795123,frontend-0,58.533,1234,58.5025,1.5610000000000035,53318.439,0.030500000000003524,0.013178891736068118,-0.10676155017707512,-0.10676155017707512,3007438
71d8c70e8290b89a8bbf87d1c548eb71,595dd6d100d71b6f,1647789765854,frontend-2,67.308,362,67.275,2.0080000000000027,27147.171,0.03300000000000125,0.011084910358566142,-0.10676155017707512,-0.10676155017707512,6058184
ad4aa5f62f80dcab079aa45e683a20aa,bc425895ba2a5f3e,1647790029766,frontend-0,58.524,1234,58.5025,1.5610000000000035,53318.439,0.021500000000003183,0.009290038436900778,-0.10676155017707512,-0.10676155017707512,3009830
c2a6f2a31ad0cfaa6f0900bb63a969d5,634a4770c27914ae,1647789495726,frontend-0,67.302,362,67.275,2.0080000000000027,27147.171,0.027000000000001023,0.009069472111554115,-0.10676155017707512,-0.10676155017707512,6055372
c0d4025cbf0fe0cfadc611eeeb69d557,36c64ad3eda82863,1647788720195,frontend-0,58.521,1234,58.5025,1.5610000000000035,53318.439,0.01850000000000307,0.007993754003845,-0.10676155017707512,-0.10676155017707512,2996039
f4071db4577a7bd7243a861321d9ce3d,ebc14a5ee2ad5ab7,1647788643384,frontend-0,58.518,1234,58.5025,1.5610000000000035,53318.439,0.015500000000002956,0.006697469570789219,-0.10676155017707512,-0.10676155017707512,6046301
630e6b0e59baca045607b07f58f91795,a55bf15077b907c4,1647790151728,frontend-2,30.465,310,30.455,1.3254999999999981,43849.491,0.010000000000001563,0.005088645794040787,-0.10676155017707512,-0.10676155017707512,7590600
d3a1e72a51cb0a14df886ecb3a3a8026,ea1f8379a3efe460,1647788498640,frontend-2,58.513,1234,58.5025,1.5610000000000035,53318.439,0.010500000000000398,0.004536995515695229,-0.10676155017707512,-0.10676155017707512,9098067
7b20be7355e83b24c07e7f32635c558d,933afe02bdc38d73,1647789166758,frontend-2,58.511,1234,58.5025,1.5610000000000035,53318.439,0.008500000000005059,0.003672805893660089,-0.10676155017707512,-0.10676155017707512,9105024
a7117396f6aba66d6126b4bc936a6ff2,c4e3c75a04a6234c,1647790029568,frontend-2,58.511,1234,58.5025,1.5610000000000035,53318.439,0.008500000000005059,0.003672805893660089,-0.10676155017707512,-0.10676155017707512,9114092
ea596c32de3b32f939995475a234f5fa,aa64bc359a0f4a76,1647788564346,frontend-0,58.509,1234,58.5025,1.5610000000000035,53318.439,0.006500000000002615,0.0028086162716218794,-0.10676155017707512,-0.10676155017707512,2994500
05ef1194318282f277ea75ec1b625408,cb2805f1193c0c0d,1647788656467,frontend-0,58.509,1234,58.5025,1.5610000000000035,53318.439,0.006500000000002615,0.0028086162716218794,-0.10676155017707512,-0.10676155017707512,7574820
a35c1026644802c893fb807648bc726d,02e8152a7c136175,1647788891484,frontend-2,58.506,1234,58.5025,1.5610000000000035,53318.439,0.003500000000002501,0.0015123318385660998,-0.10676155017707512,-0.10676155017707512,7577177
d188b64ed2a1153d902e89de0adc50eb,aafcd003630e57ca,1647789762039,frontend-0,58.035,147,58.031,1.9810000000000016,60000.328,0.003999999999997783,0.0013619384149411926,-0.10676155017707512,-0.10676155017707512,4533467
adfaa38c70fac9de61fb5bff4e6cfcd8,58f7b44250781759,1647789575097,frontend-2,67.279,362,67.275,2.0080000000000027,27147.171,0.003999999999990678,0.0013436254980048348,-0.10676155017707512,-0.10676155017707512,9109349
b320614f4c5a7b26524c70a9d04c1578,c86d37e532c746b0,1647788579493,frontend-2,58.503,1234,58.5025,1.5610000000000035,53318.439,0.0005000000000023874,0.00021604740551032,-0.10676155017707512,-0.10676155017707512,6045630
88ec8a0e50fec7eb5c35a293df00efe4,761be62c1e8b8429,1647790063224,frontend-0,0.181,207,0.181,0.015999999999999986,0.938,0.0,0.0,-0.10676155017707512,,3010210
76464767d2b04dce7a59d62e473803d1,49f36441d1de1760,1647789868700,frontend-0,0.181,207,0.181,0.015999999999999986,0.938,0.0,0.0,-0.10676155017707512,,6059210
c30d8ba80361cb27db342a7e02851956,55ced1e6cb808611,1647788835520,frontend-0,58.502,1234,58.5025,1.5610000000000035,53318.439,-0.000499999999995282,-0.0002160474055072498,-0.10676155017707512,,4523432
34b4f190df15d7e6d3c8421e167f264e,780e153623e5b5a9,1647789253466,frontend-0,30.454,310,30.455,1.3254999999999981,43849.491,-0.0009999999999976694,-0.0005088645794028132,-0.10676155017707512,,3001715
a7785a72c5811bccd394d6fcb61d004a,85d5ea7e1a7e4011,1647789404807,frontend-0,58.497,1234,58.5025,1.5610000000000035,53318.439,-0.00549999999999784,-0.0023765214606012394,-0.10676155017707512,,3003262
f2267f9baf5005123c58becea6ef4354,039b652c3fecf065,1647790126885,frontend-0,58.497,1234,58.5025,1.5610000000000035,53318.439,-0.00549999999999784,-0.0023765214606012394,-0.10676155017707512,,7590277
d77f304d538cda9ca9f84161da5ac438,4c4e2fe4b8348a81,1647789238855,frontend-0,67.257,362,67.275,2.0080000000000027,27147.171,-0.018000000000000682,-0.006046314741036078,-0.10738641627370604,,6052607
7dc3b24098b64815bb6496771a2157b6,a793c813f4a07009,1647789088388,frontend-0,58.486,1234,58.5025,1.5610000000000035,53318.439,-0.016500000000000625,-0.007129564381806788,-0.10738641627370604,,2999950
b8272c75235c03c691b4f696168f7e1f,a5396b2f083ef370,1647790063225,frontend-0,30.439,310,30.455,1.3254999999999981,43849.491,-0.015999999999998238,-0.00814183327046309,-0.10738641627370604,,3010224
f849ee3c22331e47090da592528146a1,31d35c79a9a4deef,1647789262391,frontend-0,30.435,310,30.455,1.3254999999999981,43849.491,-0.019999999999999574,-0.010177291588079767,-0.10616636239596866,,6052878
af54df1ecba9ac8d7cc0a279298c7057,f70d5ca79450785e,1647789504858,frontend-2,58.477,1234,58.5025,1.5610000000000035,53318.439,-0.025500000000000966,-0.011018417680974129,-0.10616636239596866,,3004381
622f9364d509a8d04e6b3a2d0a3a6392,d9316595842c6983,1647789097327,frontend-0,57.995,147,58.031,1.9810000000000016,60000.328,-0.036000000000001364,-0.012257445734477991,-0.10616636239596866,,7579459
9acb29289436fe0923634b4d0c143b42,88469ecd46598b9a,1647790150137,frontend-0,67.236,362,67.275,2.0080000000000027,27147.171,-0.03900000000000148,-0.013100348605578167,-0.10616636239596866,,3011195
d2c136218fdd84b7b974132c1ae6686f,20a15affc97fe488,1647790128928,frontend-0,11.319,204,11.328,0.4504999999999999,16.977,-0.008999999999998565,-0.013475027746945688,-0.10616636239596866,,9115186
b18b5a6afe9f276a772bd01571e4c7f5,cd51cf0059343cc6,1647789328120,frontend-0,67.233,362,67.275,2.0080000000000027,27147.171,-0.04200000000000159,-0.01410806772908418,-0.10616636239596866,,9106671
975404d711c007d179181c7c347eec87,17f86df7fb7d9827,1647789148324,frontend-2,30.427,310,30.455,1.3254999999999981,43849.491,-0.027999999999998693,-0.014248208223311314,-0.10616636239596866,,9104789
103cecb56e747d418187da0a70d883e6,b2a15b974bb87adc,1647788914662,frontend-2,58.462,1234,58.5025,1.5610000000000035,53318.439,-0.04049999999999443,-0.017499839846249955,-0.10616636239596866,,6049079
f35d3c88ce2db728bfe7c7c92c0a691e,74ddeeb95cdb4d4a,1647789876027,frontend-2,58.461,1234,58.5025,1.5610000000000035,53318.439,-0.041499999999999204,-0.017931934657270596,-0.10616636239596866,,9112468
110fba7fcab47334b888db7722cc0133,47c6a1543974ca1f,1647789763785,frontend-2,67.219,362,67.275,2.0080000000000027,27147.171,-0.056000000000011596,-0.018810756972115424,-0.10616636239596866,,7586487
4eb15731de51d68891f1f657cbdc7c1f,07672a1c7ee0d9cd,1647789981151,frontend-2,58.456,1234,58.5025,1.5610000000000035,53318.439,-0.04649999999999466,-0.020092408712361516,-0.10616636239596866,,6060372
bd6cf4412a549ae21848923cf2bae5d2,8d8d383cb2238403,1647788668682,frontend-2,67.215,362,67.275,2.0080000000000027,27147.171,-0.060000000000002274,-0.020154382470120257,-0.10616636239596866,,2995575
786a443325536b21f021de5c2b13c7d6,74701b4c0ac6a961,1647788870959,frontend-0,58.454,1234,58.5025,1.5610000000000035,53318.439,-0.0484999999999971,-0.020956598334399723,-0.10616636239596866,,7576963
2ab40496f9d828eb7df5e25277b3438a,1216f6dae81a8aa3,1647789154574,frontend-2,58.454,1234,58.5025,1.5610000000000035,53318.439,-0.0484999999999971,-0.020956598334399723,-0.10616636239596866,,9104879
c3fe5deae67caf03b050878c33639a88,2de287251000ad46,1647788845058,frontend-2,93.742,102,93.9525,6.612499999999997,6746.74,-0.21049999999999613,-0.021471795841209444,-0.10616636239596866,,2997430
9d9747ff402d35218ecfacf3e7c0ee1a,398243173a79a01c,1647789619025,frontend-0,93.739,102,93.9525,6.612499999999997,6746.74,-0.21349999999999625,-0.021777807183364466,-0.10616636239596866,,7585037
abc8f2541ed00c7b2067e7f0335d540f,7048c95b7aa8930f,1647789486615,frontend-2,58.452,1234,58.5025,1.5610000000000035,53318.439,-0.050499999999999545,-0.021820787956437934,-0.10616636239596866,,4530487
c477a89f39de874f774748520b860632,94960890c958889e,1647790058476,frontend-2,30.41,310,30.455,1.3254999999999981,43849.491,-0.04499999999999815,-0.022898906073179022,-0.10616636239596866,,7589575
191417712aee26d74c4d251b9c3b0cc6,2a09dbfdbb03d48d,1647789148102,frontend-0,93.723,102,93.9525,6.612499999999997,6746.74,-0.2295000000000016,-0.023409867674858396,-0.10616636239596866,,6051696
4a73b0f20df6d26c032d38d40c95ebb6,833ca1e1bcd0f295,1647789252530,frontend-2,58.446,1234,58.5025,1.5610000000000035,53318.439,-0.05649999999999977,-0.024413356822549494,-0.10626621678300147,,9105912
4cc2b963acf6e6699ce63bf320e86dd1,32a2ed393e1a98c8,1647789201771,frontend-0,58.445,1234,58.5025,1.5610000000000035,53318.439,-0.05749999999999744,-0.02484545163356706,-0.10626621678300147,,4527437
a9bc9abc93b8cf0213e70b702b1b28da,fc0b480c1e039a5e,1647788622971,frontend-2,67.2,362,67.275,2.0080000000000027,27147.171,-0.07500000000000284,-0.025192978087650322,-0.10626621678300147,,2995098
5d43cfa847b4945b5cafcbafd5c1f121,77f00823ea9bcf98,1647790075982,frontend-0,67.195,362,67.275,2.0080000000000027,27147.171,-0.0800000000000125,-0.026872509960163524,-0.10626621678300147,,7589779
2780dff399a984780970883010b3e164,c86eece53083721a,1647788940295,frontend-0,30.401,310,30.455,1.3254999999999981,43849.491,-0.053999999999998494,-0.02747868728781519,-0.10626621678300147,,4524539
aed34a30098fa4e47e20db4264a52e42,7fd9947bcc0c3fac,1647789468041,frontend-2,30.399,310,30.455,1.3254999999999981,43849.491,-0.055999999999997385,-0.028496416446622628,-0.10626621678300147,,9108201
d86443cf10a57f307d4e034b0c143a40,2c6ee704b5e3e1c9,1647789015189,frontend-0,58.434,1234,58.5025,1.5610000000000035,53318.439,-0.06850000000000023,-0.029598494554772613,-0.10626621678300147,,9103325
0c14abcb750e468157052beb279bc152,67033e70acc9d279,1647788465439,frontend-0,58.433,1234,58.5025,1.5610000000000035,53318.439,-0.0694999999999979,-0.030030589365790183,-0.10626621678300147,,6044433
b572ff4f3a912dd2c655ceeb286e7db4,52646b488b4f61d2,1647789872636,frontend-2,58.431,1234,58.5025,1.5610000000000035,53318.439,-0.07150000000000034,-0.030894778987828393,-0.10626621678300147,,7587585
d8af4be214646ea0fa42b93fea3f36e6,c7586132b653f44d,1647788687048,frontend-2,58.43,1234,58.5025,1.5610000000000035,53318.439,-0.07249999999999801,-0.03132687379884596,-0.10626621678300147,,7575112
c6074d31ed9300d47789b5216a434050,3419004c3985de10,1647789988285,frontend-0,58.43,1234,58.5025,1.5610000000000035,53318.439,-0.07249999999999801,-0.03132687379884596,-0.10626621678300147,,7588767
0e3bf0395e8b84bda1bd60d422a0c532,58f3f31aafb112fd,1647788747444,frontend-2,58.421,1234,58.5025,1.5610000000000035,53318.439,-0.08149999999999835,-0.0352157270980133,-0.10626621678300147,,4522479
582f8b219c9783e90d67993899bae7c3,ea589cfe77f3dda3,1647789453274,frontend-0,58.418,1234,58.5025,1.5610000000000035,53318.439,-0.08449999999999847,-0.03651201153106908,-0.10626621678300147,,4530149
9f988a5388ae94c20cd54d0400b2e381,e7f0033a80f1bea4,1647789864879,frontend-2,58.417,1234,58.5025,1.5610000000000035,53318.439,-0.08549999999999613,-0.03694410634208665,-0.10626621678300147,,6059185
78ac8d0c39efc5567190e4d72f83ef90,acacfaa8e49fa0ae,1647789351754,frontend-2,67.163,362,67.275,2.0080000000000027,27147.171,-0.11200000000000898,-0.03762151394422607,-0.10626621678300147,,3002684
0b21fbc838da66a5140d3fc1cc87e1ab,6669c7ecc9782397,1647789681938,frontend-2,30.381,310,30.455,1.3254999999999981,43849.491,-0.07399999999999807,-0.03765597887589495,-0.10626621678300147,,7585686
a62570110d11fcb972b2d1723488bcfb,568910407bc3275c,1647789163477,frontend-2,58.412,1234,58.5025,1.5610000000000035,53318.439,-0.09049999999999869,-0.03910458039718064,-0.10626621678300147,,4527011
0518dcc6b046fb4cb4a4b3d69182009c,8d72eec0e21bdcf2,1647790116178,frontend-2,58.409,1234,58.5025,1.5610000000000035,53318.439,-0.0934999999999988,-0.04040086483023642,-0.10626621678300147,,9115045
e0572be88575b5386ec41a5818ea8e54,d4b4d324be83b61d,1647788937199,frontend-2,30.375,310,30.455,1.3254999999999981,43849.491,-0.0799999999999983,-0.04070916635231907,-0.10626621678300147,,6049337
710cfda7d40722dca39997eb2d5a7a3b,0ea807e1a4458a76,1647789052492,frontend-2,30.374,310,30.455,1.3254999999999981,43849.491,-0.08099999999999952,-0.041218030931723694,-0.10626621678300147,,9103730
b8223ff4e5e3739b3d449d3852311ede,f4e0493399d2d03e,1647788712284,frontend-2,58.405,1234,58.5025,1.5610000000000035,53318.439,-0.09749999999999659,-0.04212924407430976,-0.10626621678300147,,9100192
c2eb59443a849980bbc94111719d91cb,2a32c6cb061687db,1647788740194,frontend-0,0.18,207,0.181,0.015999999999999986,0.938,-0.0010000000000000009,-0.042156250000000076,-0.10626621678300147,,4522399
96ee1af5719ce405a6f6c1325e45cde3,22f381371ac625a0,1647789227398,frontend-2,0.18,207,0.181,0.015999999999999986,0.938,-0.0010000000000000009,-0.042156250000000076,-0.10626621678300147,,4527683
d599471423281d33b7152fff8d6b9eab,49e5e956cdb97229,1647790086205,frontend-2,0.18,207,0.181,0.015999999999999986,0.938,-0.0010000000000000009,-0.042156250000000076,-0.10626621678300147,,7589876
815a39116c0a06e71a9d4beaebacac2b,85be8ef3501c31ae,1647788746897,frontend-2,0.18,207,0.181,0.015999999999999986,0.938,-0.0010000000000000009,-0.042156250000000076,-0.10626621678300147,,9100482
c45c8c782d8e7ce90eeed161dade0cb6,7ca4e28e0e8c7622,1647789526024,frontend-0,0.18,207,0.181,0.015999999999999986,0.938,-0.0010000000000000009,-0.042156250000000076,-0.10626621678300147,,9108817
46d69ade9dd8ded500afec701f1f3861,cd638135c9ba1026,1647789676040,frontend-2,57.905,147,58.031,1.9810000000000016,60000.328,-0.12599999999999767,-0.04290106007067055,-0.10626621678300147,,4532479
a3c2c460812f777cdcc20687e0d2da49,94b681f3d3c44c79,1647788988167,frontend-2,58.403,1234,58.5025,1.5610000000000035,53318.439,-0.09949999999999903,-0.04299343369634798,-0.10626621678300147,,4525018
f854a15cdabc6e918b8f0f33aeaa5a9e,5dae8d1604a91b73,1647789445861,frontend-2,58.402,1234,58.5025,1.5610000000000035,53318.439,-0.1004999999999967,-0.04342552850736555,-0.10626621678300147,,7583137
298e70bb904785711899953669b769e9,e43a50d5de61c9e1,1647788731206,frontend-2,58.401,1234,58.5025,1.5610000000000035,53318.439,-0.10149999999999437,-0.04385762331838312,-0.10626621678300147,,6047134
385db6bd49f8251ff835b9572efabcfe,9a4e455bdcc77f99,1647789678510,frontend-0,58.4,1234,58.5025,1.5610000000000035,53318.439,-0.10249999999999915,-0.044289718129403764,-0.10626621678300147,,3006219
4a785139ac3dcae031baf2707d7094ae,9de903bb499f13ed,1647789537071,frontend-2,58.399,1234,58.5025,1.5610000000000035,53318.439,-0.10349999999999682,-0.04472181294042133,-0.10626621678300147,,3004658
59fd799fe34dd4e96fcae10568fb73ce,2646332ee492d4ed,1647788457159,frontend-2,67.139,362,67.275,2.0080000000000027,27147.171,-0.1360000000000099,-0.045683266932274175,-0.10626621678300147,,7572861
e5fa16f641ab12f95ea4c8c66ae763bf,a05aef66190306b8,1647790052704,frontend-0,58.395,1234,58.5025,1.5610000000000035,53318.439,-0.1074999999999946,-0.046450192184494685,-0.10626621678300147,,7589496
c720da0c3f2fbab846800069c8553d3a,5ca1cd914914aff8,1647789768678,frontend-2,11.296,204,11.328,0.4504999999999999,16.977,-0.03200000000000003,-0.04791120976692569,-0.10626621678300147,,9111384
c6fb1947931f67798859f396815bc00b,3de5e02220cbc491,1647789663391,frontend-0,58.391,1234,58.5025,1.5610000000000035,53318.439,-0.11149999999999949,-0.0481785714285711,-0.10626621678300147,,9110298
f2367c6e7e0430e6aa23a5139a12b48f,d73e7d4610c37373,1647789272530,frontend-0,30.36,310,30.455,1.3254999999999981,43849.491,-0.09499999999999886,-0.04834213504337934,-0.10626621678300147,,4528198
b8bdd48b335a17d29cabd48182d601f2,8d58e120abbefd91,1647788484384,frontend-2,58.387,1234,58.5025,1.5610000000000035,53318.439,-0.11549999999999727,-0.04990695067264445,-0.10648485610810332,,2993693
6ca10bc0eee2cc541ef5cd08cede008f,dc2d6ae00c7cd675,1647788730131,frontend-0,30.356,310,30.455,1.3254999999999981,43849.491,-0.09899999999999665,-0.05037759336099422,-0.10770371415005653,,7575490
9ed4ba97fa87b46556b69987c3684e7d,89ce2d7e3c422916,1647789317968,frontend-0,11.294,204,11.328,0.4504999999999999,16.977,-0.03399999999999892,-0.05090566037735688,-0.10770371415005653,,7581754
4679592b2fad37d029b99fae65ac9f4b,a6d9e19c2aa1bd79,1647789144845,frontend-0,30.354,310,30.455,1.3254999999999981,43849.491,-0.10099999999999909,-0.05139532251980345,-0.10770371415005653,,4526751
e7987450033e1a24250a0e489ab3eb9f,e94dbceea88120d4,1647789558394,frontend-0,58.38,1234,58.5025,1.5610000000000035,53318.439,-0.12249999999999517,-0.05293161434977357,-0.10770371415005653,,6055991
51e4ba18c6ae192399e0fa539e57a0c1,54d438933ed32ed3,1647789306724,frontend-0,58.374,1234,58.5025,1.5610000000000035,53318.439,-0.1284999999999954,-0.05552418321588514,-0.10770371415005653,,9106449
a4410f1a47f2bbf5f4d721a27f7b3051,249c3c9801911e75,1647788844034,frontend-2,58.372,1234,58.5025,1.5610000000000035,53318.439,-0.13049999999999784,-0.05638837283792335,-0.10770371415005653,,2997413
90dff8fbaaa3c97020cb9c6a1ff61c0f,bcff4f577e9d929d,1647789320841,frontend-0,58.371,1234,58.5025,1.5610000000000035,53318.439,-0.1314999999999955,-0.056820467648940914,-0.10770371415005653,,7581803
0a2475ce24566207f5217c923eaee625,357eae89158bb617,1647790085051,frontend-0,93.395,102,93.9525,6.612499999999997,6746.74,-0.5575000000000045,-0.05686710775047307,-0.10770371415005653,,7589860
926a81971714519bccdf54bdfed64cba,52db02e63b9dbb0d,1647789891916,frontend-0,58.369,1234,58.5025,1.5610000000000035,53318.439,-0.13349999999999795,-0.05768465727097913,-0.10770371415005653,,7587788
97345281171e1228d4481ac6ceb56eef,4ce7db0b7f6d12f9,1647789118620,frontend-0,58.362,1234,58.5025,1.5610000000000035,53318.439,-0.14049999999999585,-0.06070932094810825,-0.10770371415005653,,4526456
519fd0018cb7f58201db7fb37e9c73ae,ca8dbcd1f3b36ca4,1647789718067,frontend-0,67.094,362,67.275,2.0080000000000027,27147.171,-0.1810000000000116,-0.060799053784864374,-0.10770371415005653,,9110906
a4188270d3e875b0d78e272f66760a9b,61f3398ab109d376,1647788911942,frontend-0,58.359,1234,58.5025,1.5610000000000035,53318.439,-0.14349999999999596,-0.062005605381164036,-0.10770371415005653,,9102236
28fe3383b3fb123bff1cf51f55e98078,1259e4dd581061d9,1647789006566,frontend-2,67.09,362,67.275,2.0080000000000027,27147.171,-0.18500000000000227,-0.062142679282869207,-0.10770371415005653,,9103226
5cab1826e188c135a5e20ebf2658f3d6,10ea2281f1ecf1f7,1647789491657,frontend-0,67.088,362,67.275,2.0080000000000027,27147.171,-0.18700000000001182,-0.0628144920318764,-0.10770371415005653,,7583676
e869160995faa6c052d82a95650447b3,52371592ece9bf9c,1647789595673,frontend-2,67.087,362,67.275,2.0080000000000027,27147.171,-0.1880000000000024,-0.06315039840637522,-0.10770371415005653,,3005368
9aec38222931b7a46ae8541b83866d48,61d008a2f43ce771,1647790143069,frontend-0,67.087,362,67.275,2.0080000000000027,27147.171,-0.1880000000000024,-0.06315039840637522,-0.10770371415005653,,3011094
204a321a67a6fc41e6f8872bc4befd14,43fe16578a041229,1647788563276,frontend-0,11.285,204,11.328,0.4504999999999999,16.977,-0.04299999999999926,-0.06438068812430524,-0.10817137614415473,,9098706
05a90fed4a5f9a19cbf8c900c00c7bb0,9bd70d89ebb90e30,1647788947834,frontend-0,58.353,1234,58.5025,1.5610000000000035,53318.439,-0.1494999999999962,-0.0645981742472756,-0.10817137614415473,,4524617
6d53c41645750036f8ff7ae9c42374e4,b732a5708a0ffe41,1647789712201,frontend-2,30.327,310,30.455,1.3254999999999981,43849.491,-0.12799999999999656,-0.06513466616371015,-0.10817137614415473,,3006621
aa29713adb160bc3f7e147f187d9570f,02b176a19d5a7352,1647789289602,frontend-0,58.351,1234,58.5025,1.5610000000000035,53318.439,-0.15149999999999864,-0.0654623638693138,-0.10817137614415473,,3002110
97bb3f37434b6495ad2473796f269066,d9f99eceb8da4e0d,1647789153282,frontend-0,58.351,1234,58.5025,1.5610000000000035,53318.439,-0.15149999999999864,-0.0654623638693138,-0.10817137614415473,,6051754
e3be52e12bcff43c61d45eed1435bcd0,c46b9471a3d983d4,1647790073754,frontend-2,58.35,1234,58.5025,1.5610000000000035,53318.439,-0.1524999999999963,-0.06589445868033138,-0.10817137614415473,,3010338
29fc13aca030bad68728693df7c8436e,b4880765dbc9702a,1647789202457,frontend-0,58.347,1234,58.5025,1.5610000000000035,53318.439,-0.15549999999999642,-0.06719074311338716,-0.10817137614415473,,4527449
3ce6184a2f719545d39fa5483c829f66,865efae0c967d544,1647790182979,frontend-2,58.347,1234,58.5025,1.5610000000000035,53318.439,-0.15549999999999642,-0.06719074311338716,-0.10817137614415473,,4537979
894c89f456c599d0aa354f36c0b0c93e,3cb1f41ce587f692,1647790161457,frontend-0,58.345,1234,58.5025,1.5610000000000035,53318.439,-0.15749999999999886,-0.06805493273542536,-0.10817137614415473,,4537760
a50b5298408e392f2009a4e766b221a5,8ba6f437793cb46e,1647789192397,frontend-0,58.344,1234,58.5025,1.5610000000000035,53318.439,-0.15849999999999653,-0.06848702754644294,-0.10817137614415473,,4527356
4b204cefc5e2877b3e7bb7630d2ade04,c59c82fc3642dfed,1647789156971,frontend-0,58.341,1234,58.5025,1.5610000000000035,53318.439,-0.16149999999999665,-0.0697833119794987,-0.10817137614415473,,4526959
9e6b2841a9643ac1fd37b75a5fa3c441,11e7361d657e3a86,1647789103678,frontend-2,58.341,1234,58.5025,1.5610000000000035,53318.439,-0.16149999999999665,-0.0697833119794987,-0.10817137614415473,,6051158
0d1291ede328696e65cb32b5c7e076bd,1254506923df4aea,1647790054100,frontend-0,93.262,102,93.9525,6.612499999999997,6746.74,-0.6905000000000001,-0.07043361058601139,-0.10817137614415473,,7589531
9ec4fe3af14514be41a38886e28ea783,e494a5d9393539aa,1647788714717,frontend-2,58.339,1234,58.5025,1.5610000000000035,53318.439,-0.1634999999999991,-0.07064750160153692,-0.10817137614415473,,9100210
af4cec4779d2808bf42d451160017110,11e35dc05a8c2e77,1647788936741,frontend-0,30.316,310,30.455,1.3254999999999981,43849.491,-0.13899999999999935,-0.07073217653715556,-0.10817137614415473,,6049334
5aa315cae32d2e3a42cf1900a3f71179,0f9a7618ad5ec97c,1647788952953,frontend-0,58.338,1234,58.5025,1.5610000000000035,53318.439,-0.16449999999999676,-0.0710795964125545,-0.10817137614415473,,4524688
7e2458a40bef97238f9f42bdc238982b,c2b49e81c85307ce,1647790170971,frontend-0,58.338,1234,58.5025,1.5610000000000035,53318.439,-0.16449999999999676,-0.0710795964125545,-0.10817137614415473,,4537844
ac8c6239a234eb4c2a9db8cf4fe334a0,63ec40b191a0c8d0,1647788680420,frontend-2,58.338,1234,58.5025,1.5610000000000035,53318.439,-0.16449999999999676,-0.0710795964125545,-0.10817137614415473,,7575042
e145d204e4632faa958bfc88d9c89bc1,a2e6119fd041891f,1647789778829,frontend-2,67.062,362,67.275,2.0080000000000027,27147.171,-0.21300000000000807,-0.07154805776892692,-0.10817137614415473,,9111489
552652d19db4976a5b5aca71ab2b1027,a48928a74a71f882,1647789259674,frontend-2,30.314,310,30.455,1.3254999999999981,43849.491,-0.14099999999999824,-0.071749905695963,-0.10817137614415473,,6052843
1ba82c5c9ac2e2020b3c66a12a29928a,5d06d093611a18dd,1647789159426,frontend-2,30.311,310,30.455,1.3254999999999981,43849.491,-0.14399999999999835,-0.07327649943417504,-0.10817137614415473,,3000733
b5e5636c06b40c84aaf9f3871951e542,673c5f34eff63802,1647789902422,frontend-0,11.279,204,11.328,0.4504999999999999,16.977,-0.04899999999999949,-0.07336403995560414,-0.10817137614415473,,6059512
2c80a1dbee87bcaad695165746b25cb1,eb376d985a5f02fb,1647789598967,frontend-2,58.331,1234,58.5025,1.5610000000000035,53318.439,-0.17149999999999466,-0.07410426008968363,-0.10817137614415473,,6056452
238e8fd639fbd627d4c08764f57e810e,53e231454a8e7a1a,1647789588524,frontend-2,11.275,204,11.328,0.4504999999999999,16.977,-0.05299999999999905,-0.07935294117646918,-0.10903055565790615,,3005248
2c2ad13fffbb2ce7d66ca9ac8ad36972,4b134344ac6b49e5,1647788640315,frontend-0,11.275,204,11.328,0.4504999999999999,16.977,-0.05299999999999905,-0.07935294117646918,-0.10903055565790615,,4521414
2554a7d49c0eb343001925695389f5d5,2a5dac02d9a3fe91,1647788438112,frontend-0,67.033,362,67.275,2.0080000000000027,27147.171,-0.24200000000000443,-0.08128934262948345,-0.10903055565790615,,4519386
785511af1aa7f328e9f2268163251890,5fe3811536437f63,1647788489508,frontend-2,58.313,1234,58.5025,1.5610000000000035,53318.439,-0.18949999999999534,-0.0818819666880183,-0.10903055565790615,,4519902
6e2eb702f08968bd5fa2ddb6b96c0ed2,a06fcceb23946460,1647788585692,frontend-0,93.148,102,93.9525,6.612499999999997,6746.74,-0.8045000000000044,-0.08206204158790219,-0.10903055565790615,,6045698
6236d803ab2b22ddc5fb987b0c90d2c8,4384a1ae651c8ab0,1647789457234,frontend-2,30.292,310,30.455,1.3254999999999981,43849.491,-0.1629999999999967,-0.08294492644285019,-0.10903055565790615,,6054940
a4a79b68d9f95c09ce16269428296218,9247b356f5c1c436,1647789144844,frontend-0,0.179,207,0.181,0.015999999999999986,0.938,-0.0020000000000000018,-0.08431250000000015,-0.10952757082080827,,4526740
c71798c058e041bde2547817de3d571d,c9e330712fe2e272,1647789299719,frontend-0,58.306,1234,58.5025,1.5610000000000035,53318.439,-0.19650000000000034,-0.08490663036515049,-0.10952757082080827,,7581612
490f7b7eb2eb223dc9beb551991f62a6,0d3fbe2b3508c4d1,1647789058000,frontend-0,30.288,310,30.455,1.3254999999999981,43849.491,-0.16699999999999804,-0.08498038476046686,-0.10952757082080827,,9103789
e3c7dfe3b3dac5e47efc69ca59a82abd,32c9892c5bd0896f,1647789240535,frontend-2,57.781,147,58.031,1.9810000000000016,60000.328,-0.25,-0.08512115093387171,-0.10952757082080827,,6052633
912bf38ccd5d9879e452fd647682ae41,dd6e8d6d56da5da1,1647789835284,frontend-2,58.305,1234,58.5025,1.5610000000000035,53318.439,-0.197499999999998,-0.08533872517616807,-0.10952757082080827,,6058887
99ff96973206568b6d1776c1aae6be34,da356c21b9b6a542,1647789918965,frontend-2,67.02,362,67.275,2.0080000000000027,27147.171,-0.25500000000000966,-0.0856561254980111,-0.10952757082080827,,6059724
156e4ae95d527738bc8da98d30567742,527bb3d6c3b47eb3,1647789604813,frontend-2,93.102,102,93.9525,6.612499999999997,6746.74,-0.8504999999999967,-0.08675421550094489,-0.10952757082080827,,6056519
8dc3b64d8508a47431a9ae1d73d621a7,3263b59988e8205b,1647788585622,frontend-2,58.3,1234,58.5025,1.5610000000000035,53318.439,-0.20250000000000057,-0.08749919923126206,-0.10952757082080827,,9098944
2deec7416fb6bcff953a5690fd87f34e,4f5af6a9ddda88d5,1647788639259,frontend-0,58.3,1234,58.5025,1.5610000000000035,53318.439,-0.20250000000000057,-0.08749919923126206,-0.10952757082080827,,9099464
716dde083ff68d48ecebb48a28b4a49e,a360177041875946,1647789728266,frontend-2,30.279,310,30.455,1.3254999999999981,43849.491,-0.17599999999999838,-0.08956016597510304,-0.10952757082080827,,9110993
c34cebaec2fbab1c948f2644fee42536,7041d6967c2f05c0,1647789130232,frontend-2,57.761,147,58.031,1.9810000000000016,60000.328,-0.269999999999996,-0.0919308430085801,-0.10952757082080827,,9104611
ebb98ba16f4b46a0cce3050d4615e5a6,1b9cfa88dda4e5e8,1647788910011,frontend-0,57.758,147,58.031,1.9810000000000016,60000.328,-0.27299999999999613,-0.0929522968197866,-0.10952757082080827,,6049046
d55424b5a198e92158483a01172729fa,b5e7124ce111a9d6,1647788435874,frontend-2,93.037,102,93.9525,6.612499999999997,6746.74,-0.9154999999999944,-0.09338446124763652,-0.10952757082080827,,7572610
d6ba9bf0e520a9823d9445a906861528,de001d85e1a41d3f,1647789496635,frontend-2,58.285,1234,58.5025,1.5610000000000035,53318.439,-0.21750000000000114,-0.09398062139654097,-0.10952757082080827,,4530630
26c264699a806eb0327ae9311978c149,4c3016d47705f253,1647789115873,frontend-2,11.265,204,11.328,0.4504999999999999,16.977,-0.06299999999999883,-0.09432519422863313,-0.10952757082080827,,7579638
f69d143d7c8a20a6f428f991242a1dcc,88bfa7b94cb32b66,1647788426828,frontend-2,58.284,1234,58.5025,1.5610000000000035,53318.439,-0.2184999999999988,-0.09441271620755852,-0.10952757082080827,,7572527
dd43e3db2af9f6b8eef61875f6708078,a63c29248aad2392,1647789408411,frontend-2,30.265,310,30.455,1.3254999999999981,43849.491,-0.18999999999999773,-0.09668427008675869,-0.10952757082080827,,7582695
b068d19068e02febfe25fd698f8f2581,6957971a5b8f034f,1647789941861,frontend-0,92.984,102,93.9525,6.612499999999997,6746.74,-0.9685000000000059,-0.09879066162570953,-0.10952757082080827,,7588333
d294b29299bb81ba345eaa380107f79f,0616a76c11323047,1647788416230,frontend-0,58.273,1234,58.5025,1.5610000000000035,53318.439,-0.2294999999999945,-0.099165759128761,-0.10952757082080827,,2992927
dfa1b399dd70b1f7f051bc66b033936c,962ab546278a7f62,1647789605968,frontend-0,66.978,362,67.275,2.0080000000000027,27147.171,-0.29700000000001125,-0.09976419322709529,-0.10952757082080827,,7584922
9ff2a0cf6fde33bca5dbb43489ff7f50,63c67c8bae3ab53c,1647789045459,frontend-2,30.258,310,30.455,1.3254999999999981,43849.491,-0.19699999999999918,-0.10024632214258743,-0.10910776686831697,,4525720
0665e82807e863790bcafa225787bc89,8a30362173610c88,1647788872364,frontend-2,11.261,204,11.328,0.4504999999999999,16.977,-0.06700000000000017,-0.10031409544950083,-0.10910776686831697,,4523782
67b96d3b49547c98f673a805d1bf9034,89504eed2927e184,1647789956604,frontend-0,66.975,362,67.275,2.0080000000000027,27147.171,-0.30000000000001137,-0.10077191235060129,-0.10910776686831697,,9113330
fcc48db41a063346e7b65699758fc0eb,e80891e6f3c5e70a,1647790145576,frontend-2,66.97,362,67.275,2.0080000000000027,27147.171,-0.3050000000000068,-0.10245144422310973,-0.10910776686831697,,4537584
a03b4e4e2d966a9c434657a032bba50e,57e1ff1d0ea23f67,1647789005799,frontend-2,66.97,362,67.275,2.0080000000000027,27147.171,-0.3050000000000068,-0.10245144422310973,-0.10910776686831697,,6050074
0d89d8cbb0b80ffb7d066b46ac871542,e4dcc8a30c9c9edc,1647789735829,frontend-2,58.265,1234,58.5025,1.5610000000000035,53318.439,-0.23749999999999716,-0.10262251761691078,-0.10910776686831697,,7586219
dd7090a7e35ee12c7a2ac636b0ed9ffb,80a42f580896961e,1647788812156,frontend-0,66.969,362,67.275,2.0080000000000027,27147.171,-0.3060000000000116,-0.10278735059761332,-0.10910776686831697,,6047998
72766bec990e7171690984ebde87e4ae,f025d6de34fb1ff9,1647789332408,frontend-2,57.729,147,58.031,1.9810000000000016,60000.328,-0.3019999999999996,-0.10282635032811689,-0.10910776686831697,,6053554
bf895e7685941ef59a953310b5e58612,049716dd4a4f2168,1647788788464,frontend-2,11.259,204,11.328,0.4504999999999999,16.977,-0.06899999999999906,-0.10330854605993202,-0.10910776686831697,,4522894
6eb570f5dc0843669ed4b1d738de7e5b,7a0107feda2d2b72,1647789187532,frontend-0,58.263,1234,58.5025,1.5610000000000035,53318.439,-0.2394999999999996,-0.103486707238949,-0.10910776686831697,,6052104
02a6061a7c066d16d4fc0aa76599bdd8,cddf3e834ff88e0d,1647789826635,frontend-0,58.262,1234,58.5025,1.5610000000000035,53318.439,-0.24049999999999727,-0.10391880204996655,-0.10910776686831697,,3007770
29bab2f0391b869fa73a58a12ed94236,abb233ee3083811d,1647789023313,frontend-0,58.259,1234,58.5025,1.5610000000000035,53318.439,-0.24349999999999739,-0.10521508648302234,-0.10910776686831697,,6050291
b245462d413e7ea36a48faaee2b85a59,6308f87e781190ad,1647789504757,frontend-2,58.258,1234,58.5025,1.5610000000000035,53318.439,-0.24449999999999505,-0.1056471812940399,-0.10910776686831697,,7583843
b23acbcc986f3b722125e437fe203239,b2e61c5eafb0d8c2,1647788679668,frontend-0,66.959,362,67.275,2.0080000000000027,27147.171,-0.3160000000000025,-0.10614641434263018,-0.10910776686831697,,9099891
4a364dffcc1ec5f58670a583aed87ab9,7af875dbb45be312,1647789072670,frontend-2,66.958,362,67.275,2.0080000000000027,27147.171,-0.3170000000000073,-0.10648232071713377,-0.10910776686831697,,4525982
725bd2dc3ba3bc4cccd6cba6e254d9fb,0810e2c94e198a86,1647788705661,frontend-2,58.256,1234,58.5025,1.5610000000000035,53318.439,-0.2464999999999975,-0.10651137091607811,-0.10910776686831697,,2995907
b3e08e4dc566c10394a3aa17002b9001,f77206a80bb10cb5,1647788593944,frontend-2,58.253,1234,58.5025,1.5610000000000035,53318.439,-0.2494999999999976,-0.10780765534913389,-0.10910776686831697,,4521006
f5c0564990ea8680ddefca01c6a1b421,a4d393922127407f,1647788434884,frontend-0,58.253,1234,58.5025,1.5610000000000035,53318.439,-0.2494999999999976,-0.10780765534913389,-0.10910776686831697,,7572600
02cddd193dbc297f5f721f2aa45eac3b,8a0cd70640796a25,1647789355998,frontend-2,30.243,310,30.455,1.3254999999999981,43849.491,-0.21199999999999974,-0.1078792908336477,-0.10910776686831697,,7582170
1c2d9aa45139d8c1d19a2778e2cc384a,0862ffffaaf7fa94,1647788975452,frontend-2,58.251,1234,58.5025,1.5610000000000035,53318.439,-0.25150000000000006,-0.1086718449711721,-0.10910776686831697,,9102868
e6d470fe1089d6d535dac553c13482d9,591581cc6df6a832,1647790070842,frontend-0,66.948,362,67.275,2.0080000000000027,27147.171,-0.3270000000000124,-0.10984138446215541,-0.10910776686831697,,3010302
0455d75a3cf2aabc03a3932d94d49704,468c380f4d111728,1647789789918,frontend-2,58.248,1234,58.5025,1.5610000000000035,53318.439,-0.25450000000000017,-0.1099681294042279,-0.10910776686831697,,7586763
6d019848cf16610c64b9092e5c263df0,e9d462d21848bc6f,1647788808930,frontend-0,57.708,147,58.031,1.9810000000000016,60000.328,-0.3230000000000004,-0.10997652700656238,-0.10910776686831697,,2996969
82a31b37194780c9bc5a88387541c2c8,1a71ba958c470fd2,1647790103477,frontend-2,57.708,147,58.031,1.9810000000000016,60000.328,-0.3230000000000004,-0.10997652700656238,-0.10910776686831697,,7590018
c935a590cdb382264991bd542a7d00a9,d9ee9fa51e71d741,1647790092522,frontend-0,58.244,1234,58.5025,1.5610000000000035,53318.439,-0.25849999999999795,-0.11169650864830123,-0.10910776686831697,,6061609
e0b000b6eb41ef4d724d2eedec2440f6,abb625650153268c,1647789097315,frontend-0,11.253,204,11.328,0.4504999999999999,16.977,-0.07499999999999929,-0.11229189789123092,-0.10910776686831697,,6051083
8a9dcdfdd7a56fc80663353a77e0ed19,9ae441d47d65220c,1647789838344,frontend-2,58.241,1234,58.5025,1.5610000000000035,53318.439,-0.26149999999999807,-0.11299279308135701,-0.10910776686831697,,4534230
3d6629374fa4ee9c5c2602b98f9a4e9a,6062d3a9901146c5,1647788442969,frontend-2,30.231,310,30.455,1.3254999999999981,43849.491,-0.22399999999999665,-0.1139856657864941,-0.10910776686831697,,4519424
f0038f2880414acb2cb2dba14b79b6ae,913a606c404f0b74,1647789351339,frontend-0,11.249,204,11.328,0.4504999999999999,16.977,-0.07899999999999885,-0.11828079911209596,-0.10910776686831697,,7582090
88c679bc475ada195349ebc2754284f5,eed56b19ea2549ae,1647790163272,frontend-0,66.912,362,67.275,2.0080000000000027,27147.171,-0.36299999999999955,-0.12193401394422279,-0.10910776686831697,,6062397
c95be09175c6ff87456d940b0b63c696,2cd3896bbbc89098,1647789216767,frontend-0,58.216,1234,58.5025,1.5610000000000035,53318.439,-0.28649999999999665,-0.12379516335682082,-0.10910776686831697,,3001327
e76d7a61fbdf44f9b6d6084cd4566484,2ffebebf873a67ca,1647789099918,frontend-2,58.213,1234,58.5025,1.5610000000000035,53318.439,-0.28949999999999676,-0.1250914477898766,-0.10910776686831697,,9104274
e639c4f818a5cac50038ff4bd314aa9e,ae365fba28997f29,1647788512980,frontend-2,0.178,207,0.181,0.015999999999999986,0.938,-0.0030000000000000027,-0.1264687500000002,-0.10917563328195318,,2993989
3ae9a09c6fffb491594846cf25934966,ff6f67cbadd54dd7,1647788975651,frontend-0,0.178,207,0.181,0.015999999999999986,0.938,-0.0030000000000000027,-0.1264687500000002,-0.10917563328195318,,4524888
294244deb4b0354ef0e6e1e7d65bd80d,6f9ba654fbd8c715,1647789927826,frontend-0,0.178,207,0.181,0.015999999999999986,0.938,-0.0030000000000000027,-0.1264687500000002,-0.10917563328195318,,4535155
ff4c9cbd14e6c2cc0f59bbcecdd44c84,23128a20b5aa30c0,1647789236334,frontend-2,66.891,362,67.275,2.0080000000000027,27147.171,-0.38400000000000034,-0.12898804780876488,-0.10917563328195318,,6052553
be80435f7e20e089c59a1a8f00a27cf2,ab299b7c8307ab00,1647789847207,frontend-2,58.202,1234,58.5025,1.5610000000000035,53318.439,-0.30049999999999955,-0.12984449071108214,-0.10917563328195318,,6059005
27c4e781b58fb91a8744659ee465ee42,eeab9a0d410c290c,1647790007950,frontend-2,58.199,1234,58.5025,1.5610000000000035,53318.439,-0.30349999999999966,-0.13114077514413794,-0.10917563328195318,,3009575
e9d544432082cd8508d5f27f7bc09cca,273365d02029a726,1647789585582,frontend-0,58.196,1234,58.5025,1.5610000000000035,53318.439,-0.3064999999999998,-0.1324370595771937,-0.10917563328195318,,9109475
9a836e96a660c1bbc00dfd3faa3561dd,f4000aef87df267c,1647789768690,frontend-2,66.879,362,67.275,2.0080000000000027,27147.171,-0.3960000000000008,-0.13301892430278892,-0.10899003273907282,,9111394
73a849a980860cec4cf27d51d3023332,138819cd8723864d,1647790159761,frontend-2,30.192,310,30.455,1.3254999999999981,43849.491,-0.2629999999999981,-0.13383138438325085,-0.10899003273907282,,4537732
5942864b5fc9faaac4fd94804a63de10,bf1ba3a07a7caa5f,1647788980716,frontend-0,58.191,1234,58.5025,1.5610000000000035,53318.439,-0.3114999999999952,-0.13459753363228463,-0.10899003273907282,,7578138
12badf1253c6889341d20ae97ff1c4d0,b3134e754c239ba6,1647789711209,frontend-2,58.19,1234,58.5025,1.5610000000000035,53318.439,-0.3125,-0.13502962844330527,-0.10899003273907282,,3006600
b7ac5cabd839bc4a4917bd22ddb4bd17,dd85a485d93f6536,1647788800815,frontend-0,58.186,1234,58.5025,1.5610000000000035,53318.439,-0.3164999999999978,-0.1367580076873786,-0.10899003273907282,,2996878
7f5b10be027f30ec1c04c3ae625bb3ba,6eb77e9976f2fd94,1647788737324,frontend-2,58.184,1234,58.5025,1.5610000000000035,53318.439,-0.3185000000000002,-0.13762219730941683,-0.10899003273907282,,2996200
fb3851d764a63694f62f0f0b77982027,7b9769c0c5d2f89a,1647788848119,frontend-2,58.184,1234,58.5025,1.5610000000000035,53318.439,-0.3185000000000002,-0.13762219730941683,-0.10899003273907282,,7576762
5fd181f830441d962d789a758f624cd0,5a410deb0a211c6c,1647790159097,frontend-2,58.182,1234,58.5025,1.5610000000000035,53318.439,-0.32049999999999557,-0.138486386931452,-0.10899003273907282,,7590643
3107be5910aeb9bf57e4e738f780e877,4079b559dc6ce8a1,1647789402346,frontend-2,58.181,1234,58.5025,1.5610000000000035,53318.439,-0.32150000000000034,-0.13891848174247262,-0.10899003273907282,,9107446
f097ad51363573fd349b973e5f7211a6,f4632c08860bbae9,1647789368977,frontend-2,58.179,1234,58.5025,1.5610000000000035,53318.439,-0.3234999999999957,-0.13978267136450775,-0.10899003273907282,,4529203
cc21d9eae2da9c1bb63da6c1b6c9dca5,56b2aa498b7c7aa3,1647789419560,frontend-2,58.179,1234,58.5025,1.5610000000000035,53318.439,-0.3234999999999957,-0.13978267136450775,-0.10899003273907282,,4529743
fcb67c321ed41bfdf58b2291bf1a051b,c42efeb123e8a1ce,1647790176108,frontend-2,57.616,147,58.031,1.9810000000000016,60000.328,-0.41499999999999915,-0.14130111055022676,-0.10899003273907282,,3011470
e84a8511d822c688d6851d64d9f3b20a,92518edabafb02a9,1647789147362,frontend-2,66.852,362,67.275,2.0080000000000027,27147.171,-0.4230000000000018,-0.14208839641434304,-0.10899003273907282,,9104770
7792635062ba9d9d5453b34a8aa496bd,413814eb3d0c6489,1647788626296,frontend-2,58.172,1234,58.5025,1.5610000000000035,53318.439,-0.3305000000000007,-0.14280733504163995,-0.10899003273907282,,2995140
503692fa4fe5aecd3258312494e8f124,93b7bff1065afa84,1647789100922,frontend-2,58.172,1234,58.5025,1.5610000000000035,53318.439,-0.3305000000000007,-0.14280733504163995,-0.10899003273907282,,3000079
540bb2b815d97af2be2809501626eb46,17b27dd1e83e18a3,1647788925118,frontend-0,11.232,204,11.328,0.4504999999999999,16.977,-0.09600000000000009,-0.14373362930077707,-0.10841188806670754,,2998235
38ac99c06c97a4914b5c8d7278423834,7b689aefeca46111,1647789064256,frontend-2,58.168,1234,58.5025,1.5610000000000035,53318.439,-0.33449999999999847,-0.1445357142857133,-0.10841188806670754,,4525886
f8a98cd7d0e791088e0816f6ef21d477,e6b870e0321066ef,1647789780159,frontend-0,11.231,204,11.328,0.4504999999999999,16.977,-0.09699999999999953,-0.14523085460599267,-0.10841188806670754,,3007270
0eb7b00411f44e531dcdc393c96fa57b,853ccc7adae6db4b,1647789536298,frontend-0,58.163,1234,58.5025,1.5610000000000035,53318.439,-0.339500000000001,-0.14669618834080728,-0.10841188806670754,,7584155
471c4c77586826bd9cdf083deedb55da,8a7867c39072de50,1647790079814,frontend-2,58.161,1234,58.5025,1.5610000000000035,53318.439,-0.34149999999999636,-0.14756037796284244,-0.10841188806670754,,4536849
f6518f645b5538e216d6a338852a422a,c3acf86e5d5ca49e,1647789550759,frontend-2,57.597,147,58.031,1.9810000000000016,60000.328,-0.4339999999999975,-0.14777031802120044,-0.10841188806670754,,7584255
fe2f12df1c77775dd6052ff8a116a98a,ca53eda6b45f967d,1647788900545,frontend-2,58.16,1234,58.5025,1.5610000000000035,53318.439,-0.34250000000000114,-0.14799247277386307,-0.10841188806670754,,2997960
9bd32e12a19a0b33bbcf5de19c2339db,90c8520023dfb28d,1647789494735,frontend-2,58.16,1234,58.5025,1.5610000000000035,53318.439,-0.34250000000000114,-0.14799247277386307,-0.10841188806670754,,3004263
81a58d31d83a30baecdc3bf3393f8d58,7dd9ad00b222d0d7,1647789628257,frontend-0,30.163,310,30.455,1.3254999999999981,43849.491,-0.29199999999999804,-0.14858845718596678,-0.10841188806670754,,6056749
e49df5bf478aae18f9f72233188a683c,41cc3af5d208fcab,1647789339531,frontend-2,11.228,204,11.328,0.4504999999999999,16.977,-0.09999999999999964,-0.1497225305216421,-0.10841188806670754,,6053623
0a2a4823564f0163b395a5f92ac5d227,0b2386234aef4d8a,1647788625491,frontend-2,92.457,102,93.9525,6.612499999999997,6746.74,-1.495500000000007,-0.15254665406427298,-0.10841188806670754,,7574532
bb8e3835652de71f5b0bb02319cb0dd8,fdae4fb90bd0f02b,1647788426436,frontend-0,66.817,362,67.275,2.0080000000000027,27147.171,-0.4580000000000126,-0.15384511952191637,-0.10841188806670754,,9097350
35101dc9e2aa2398d51b17347aa327e0,762f41f7b5c19004,1647788970720,frontend-0,58.145,1234,58.5025,1.5610000000000035,53318.439,-0.3574999999999946,-0.15447389493913888,-0.10841188806670754,,4524845
fac5f87b0dcc8e2874a73cdac86d5b77,d34f996ae5a8da79,1647788473745,frontend-2,11.224,204,11.328,0.4504999999999999,16.977,-0.1039999999999992,-0.15571143174250715,-0.10827758172629409,,4519738
f5e30b23e4874c8e95c500b057e5b8f6,65f0f7759c96c8ad,1647788999409,frontend-2,11.224,204,11.328,0.4504999999999999,16.977,-0.1039999999999992,-0.15571143174250715,-0.10827758172629409,,9103132
ab282b12b2be17805620665d06c6c871,b606da1d8b114a14,1647789830695,frontend-0,58.138,1234,58.5025,1.5610000000000035,53318.439,-0.3644999999999996,-0.1574985586162711,-0.10827758172629409,,4534177
ec3bf6a41b0f9babe64ec9baab4328e8,a8e231ee9bc6db92,1647789657909,frontend-2,58.138,1234,58.5025,1.5610000000000035,53318.439,-0.3644999999999996,-0.1574985586162711,-0.10827758172629409,,7585433
ef26f6824242702794c665fc14c25ef5,a78a70457fbb5ee0,1647788557616,frontend-0,57.563,147,58.031,1.9810000000000016,60000.328,-0.4679999999999964,-0.1593467945482066,-0.10827758172629409,,4520601
3444b62e4d9434af9b193121d9e6a6e8,5be4f4dce5c2c6dc,1647789644409,frontend-2,11.221,204,11.328,0.4504999999999999,16.977,-0.10699999999999932,-0.16020310765815662,-0.10827758172629409,,9110075
55ed00a322d35dd189f1c2debfc9a5b7,d69dbd2d1751ac35,1647789072377,frontend-2,58.131,1234,58.5025,1.5610000000000035,53318.439,-0.3714999999999975,-0.16052322229340021,-0.10827758172629409,,9103958
aa5135aa2cffe2c3a8d31de8d70d83dd,e5407e7ff32c089d,1647789053657,frontend-0,66.796,362,67.275,2.0080000000000027,27147.171,-0.4789999999999992,-0.1608991533864537,-0.10827758172629409,,7578981
be093bf65c3a48eb58239add6ec4cab0,b564f9cb9f6e5529,1647789788383,frontend-2,58.13,1234,58.5025,1.5610000000000035,53318.439,-0.37249999999999517,-0.16095531710441782,-0.10827758172629409,,7586739
81b37c58f140bd8f88e55528e5457da4,3816236fae1285f2,1647788886366,frontend-2,58.13,1234,58.5025,1.5610000000000035,53318.439,-0.37249999999999517,-0.16095531710441782,-0.10827758172629409,,9101955
b4fcc4f5185889bed9a42e90b1ea5af3,6d94b657a75ad385,1647788699873,frontend-0,66.795,362,67.275,2.0080000000000027,27147.171,-0.480000000000004,-0.16123505976095728,-0.10827758172629409,,2995879
ae87f1cbda4414bb71974abe16a0e87c,1d31be05e985dc6e,1647789749515,frontend-0,58.129,1234,58.5025,1.5610000000000035,53318.439,-0.37349999999999994,-0.16138741191543843,-0.10827758172629409,,3006980
38b5c5ddcaf4fb596688e6e1c13dae4d,54d092273213cecb,1647789464352,frontend-2,30.135,310,30.455,1.3254999999999981,43849.491,-0.31999999999999673,-0.16283666540927808,-0.10827758172629409,,3003931
d3a1d052e04134b01794668de619bf04,942bf3c3fe75a4e9,1647790137723,frontend-2,58.125,1234,58.5025,1.5610000000000035,53318.439,-0.3774999999999977,-0.1631157911595118,-0.10827758172629409,,9115308
e22bdf5e1e2df3a6ec7a1ec74969e8ae,fd4789059d621682,1647788697955,frontend-2,92.331,102,93.9525,6.612499999999997,6746.74,-1.6214999999999975,-0.16539913043478244,-0.10827758172629409,,6046836
16204a35fe35cfc005c53d5a84647af2,f870e7b8f7a48004,1647788793948,frontend-0,66.777,362,67.275,2.0080000000000027,27147.171,-0.49800000000000466,-0.16728137450199335,-0.10827758172629409,,6047795
4c343694e9b386d2591ace86d90afa69,ed5c31eef628ca41,1647789212576,frontend-0,11.216,204,11.328,0.4504999999999999,16.977,-0.1120000000000001,-0.16768923418423992,-0.10827758172629409,,3001285
a36a0191c1eed5914061df8960bc7a4c,46ddb575938e4298,1647789107978,frontend-2,11.216,204,11.328,0.4504999999999999,16.977,-0.1120000000000001,-0.16768923418423992,-0.10827758172629409,,7579534
36f29dfab556fc65ba2fd856f2f2974c,0f4ba9776d0bf997,1647789345280,frontend-0,58.113,1234,58.5025,1.5610000000000035,53318.439,-0.3894999999999982,-0.1683009288917349,-0.10827758172629409,,9106856
83e459e3130bfd762a35cdec119d3728,94494907d3f4cac4,1647790061666,frontend-2,0.177,207,0.181,0.015999999999999986,0.938,-0.0040000000000000036,-0.1686250000000003,-0.10827758172629409,,3010197
ae3e29d71f9eee8777d86c46b856f4a2,fc297915c0e0c7b6,1647790077171,frontend-2,0.177,207,0.181,0.015999999999999986,0.938,-0.0040000000000000036,-0.1686250000000003,-0.10827758172629409,,4536801
d28c14e818d3eaf8c4bb37603d6ed9fb,b9507863c2c41c47,1647789509686,frontend-2,0.177,207,0.181,0.015999999999999986,0.938,-0.0040000000000000036,-0.1686250000000003,-0.10827758172629409,,6055525
8e08b41bd2936c3b8224c6fd461efe3b,237e109dbc7d66b6,1647789939192,frontend-2,0.177,207,0.181,0.015999999999999986,0.938,-0.0040000000000000036,-0.1686250000000003,-0.10827758172629409,,6059926
9927544475cff74c774b5c1eff3efbd3,38b898b18a989828,1647789961016,frontend-0,0.177,207,0.181,0.015999999999999986,0.938,-0.0040000000000000036,-0.1686250000000003,-0.10827758172629409,,9113349
afc3cb51557c3d17ad3d053e5c1e9073,a3440411e48f8269,1647790058633,frontend-2,0.177,207,0.181,0.015999999999999986,0.938,-0.0040000000000000036,-0.1686250000000003,-0.10827758172629409,,9114478
8c02f7821f23d9691c6a5e5357a09d8b,2048c8da8d579f8c,1647788693108,frontend-2,58.112,1234,58.5025,1.5610000000000035,53318.439,-0.39049999999999585,-0.16873302370275248,-0.10827758172629409,,2995801
78d7e078c878bb7aed04211f1f6699bb,055087aa65961e0d,1647788797756,frontend-0,58.112,1234,58.5025,1.5610000000000035,53318.439,-0.39049999999999585,-0.16873302370275248,-0.10827758172629409,,9101033
faa746752a58dd4489ad30ffdd503ddd,ed0b664b3d28ce56,1647789720490,frontend-0,58.11,1234,58.5025,1.5610000000000035,53318.439,-0.3924999999999983,-0.16959721332479066,-0.10827758172629409,,9110930
319bed646c9d1eb5e9f9b98343dbad6a,a08ec98aa102094a,1647789957449,frontend-2,30.12,310,30.455,1.3254999999999981,43849.491,-0.3349999999999973,-0.17046963410033836,-0.10827758172629409,,6060130
5c5ba1d58f01d76599ad1132211d262a,0b4a21ba3528b279,1647789693240,frontend-2,66.765,362,67.275,2.0080000000000027,27147.171,-0.5100000000000051,-0.1713122509960174,-0.10795159788707864,,3006391
fde3f59273137298257f9a4a5cf0905f,81b5fcf91c32293e,1647789339221,frontend-0,57.523,147,58.031,1.9810000000000016,60000.328,-0.5079999999999956,-0.17296617869762582,-0.10795159788707864,,3002578
db0c64931f417fec55feb297742f982a,6f0e7a67f884a3c4,1647789578765,frontend-0,66.757,362,67.275,2.0080000000000027,27147.171,-0.5180000000000007,-0.17399950199203187,-0.10795159788707864,,4531495
339af2e4f37193493813299b8ef0a3ed,00ebe1ea7c0ecefe,1647788467138,frontend-2,58.098,1234,58.5025,1.5610000000000035,53318.439,-0.40449999999999875,-0.17478235105701379,-0.10795159788707864,,2993509
c3865dbcffe9a57447f7fa3382c26679,20fa8920904967ab,1647789379039,frontend-2,66.754,362,67.275,2.0080000000000027,27147.171,-0.5210000000000008,-0.17500722111553788,-0.10795159788707864,,6054105
e4abf6c26f66683a80106ee28212069b,4d4a90fcef488612,1647788752575,frontend-2,58.097,1234,58.5025,1.5610000000000035,53318.439,-0.4054999999999964,-0.17521444586803137,-0.10795159788707864,,7575745
a8619a0828b57194ef1f4acdeb605829,e441ae9cef6b2523,1647789002499,frontend-0,58.093,1234,58.5025,1.5610000000000035,53318.439,-0.4094999999999942,-0.1769428251121047,-0.10795159788707864,,2999032
a77d595ea274a36d5b4c27d5f380b8ae,21cb2752516ea070,1647790192315,frontend-0,92.215,102,93.9525,6.612499999999997,6746.74,-1.7374999999999972,-0.17723156899810943,-0.10795159788707864,,6062710
47a4050792cd9194a5edf9e3a11a9e89,aa5687179b152d9b,1647789962970,frontend-2,58.091,1234,58.5025,1.5610000000000035,53318.439,-0.41149999999999665,-0.17780701473414293,-0.10795159788707864,,9113386
18c13cc2111e346bf2867a4f0541b236,38dcfb38234c97d5,1647788782109,frontend-2,66.745,362,67.275,2.0080000000000027,27147.171,-0.5300000000000011,-0.17803037848605593,-0.10795159788707864,,9100846
4ccb494f2f151e852e1625d9bd9c3ab6,8bde42ce9dca6eaf,1647789436854,frontend-2,11.209,204,11.328,0.4504999999999999,16.977,-0.11899999999999977,-0.17816981132075443,-0.10795159788707864,,4529943
3ed850982101f2d147a92aef054f648e,876b58bb0c8d5eed,1647789331533,frontend-2,11.209,204,11.328,0.4504999999999999,16.977,-0.11899999999999977,-0.17816981132075443,-0.10795159788707864,,9106697
25371d1879dfa24c346ed97fac6409bd,784d3ebe0a0a3248,1647789040513,frontend-0,66.743,362,67.275,2.0080000000000027,27147.171,-0.5320000000000107,-0.17870219123506312,-0.10795159788707864,,9103606
b9d70c5d869d95953dab1fdfa8ec2156,3681f46f3c4b8897,1647789033602,frontend-0,30.101,310,30.455,1.3254999999999981,43849.491,-0.3539999999999992,-0.1801380611090153,-0.10795159788707864,,7578762
2062db1025baf91b1a8cfc2db6df4c23,b077dbdc18e1d275,1647789853471,frontend-0,66.733,362,67.275,2.0080000000000027,27147.171,-0.5420000000000016,-0.18206125498007997,-0.10795159788707864,,3008033
c8bd9311070309d33df5eb779e5aacdb,e9627daf82fd9611,1647789129165,frontend-2,92.163,102,93.9525,6.612499999999997,6746.74,-1.7895000000000039,-0.1825357655954636,-0.10795159788707864,,7579808
056d025ff4eeb858526a66d3837f1a19,964c666fa7b02bd8,1647788786522,frontend-2,30.096,310,30.455,1.3254999999999981,43849.491,-0.3589999999999982,-0.18268238400603481,-0.10795159788707864,,6047712
b5f1b92bc844c07fc09a4411433d6527,e1472dbbc6fef20a,1647789664982,frontend-0,66.727,362,67.275,2.0080000000000027,27147.171,-0.5480000000000018,-0.184076693227092,-0.10795159788707864,,4532372
c344eed313c2ceee64c3bde7517c83fb,5ac74b69380bf4d0,1647789438872,frontend-2,11.204,204,11.328,0.4504999999999999,16.977,-0.12399999999999878,-0.18565593784683504,-0.10795159788707864,,7583044
ce8d5fa746827793c27da60bdebdd25f,fcbc9d42d20d33ed,1647789080197,frontend-0,58.069,1234,58.5025,1.5610000000000035,53318.439,-0.4334999999999951,-0.18731310057655096,-0.10795159788707864,,4526081
604ec8808bc2375d87a31a7ec5f18cac,44f095e8da02f5b1,1647788949894,frontend-0,58.064,1234,58.5025,1.5610000000000035,53318.439,-0.43849999999999767,-0.18947357463164494,-0.10795159788707864,,2998517
0ea5243889a3ba3f953056cb3703b883,91f2707fdbe6aaaf,1647790059047,frontend-2,92.077,102,93.9525,6.612499999999997,6746.74,-1.8755000000000024,-0.1913080907372404,-0.10677455507801686,,4536618
ad54e203c77605c47716a61ca2e4c8aa,3397f29ddaec7cb9,1647788437571,frontend-0,92.065,102,93.9525,6.612499999999997,6746.74,-1.8875000000000028,-0.19253213610586048,-0.10677455507801686,,4519370
812df1599cca417beca4e34773d7ac38,66e4915c8e9edb2c,1647789401367,frontend-2,58.051,1234,58.5025,1.5610000000000035,53318.439,-0.4514999999999958,-0.1950908071748856,-0.10661156726202603,,4529552
872a6d9cdd3b43f5f708b2f0922d4871,1f499ac869b7eabb,1647788545272,frontend-2,30.071,310,30.455,1.3254999999999981,43849.491,-0.3839999999999968,-0.19540399849113407,-0.10661156726202603,,9098531
5c2589b9fa3e335b968a9aea44fe5a84,e14906c9532206cc,1647788634986,frontend-2,58.049,1234,58.5025,1.5610000000000035,53318.439,-0.45349999999999824,-0.19595499679692382,-0.10661156726202603,,4521374
5bf2d479888cc8ae096b9cb6c76ea823,7a78a22dc504519a,1647789240291,frontend-0,66.689,362,67.275,2.0080000000000027,27147.171,-0.5860000000000127,-0.19684113545817133,-0.10661156726202603,,4527854
2eced6ed7f249dc4f1c9397a9654cebe,b1fe91a6d82eda02,1647789886229,frontend-0,58.043,1234,58.5025,1.5610000000000035,53318.439,-0.45949999999999847,-0.1985475656630354,-0.10661156726202603,,3008353
b292e3ec82f89997e11b55b586d43b92,4ffa8def4d9d101e,1647789471105,frontend-2,11.195,204,11.328,0.4504999999999999,16.977,-0.13299999999999912,-0.1991309655937834,-0.10661156726202603,,6055084
6a065a1b4256f0d7e9e90a2e222ee434,ae28889231a9827d,1647789052345,frontend-2,58.041,1234,58.5025,1.5610000000000035,53318.439,-0.4615000000000009,-0.19941175528507363,-0.10661156726202603,,7578947
ae578d463e7f1482c09cde1468612973,77ddb0c9f273d1b9,1647789189592,frontend-0,58.038,1234,58.5025,1.5610000000000035,53318.439,-0.464500000000001,-0.2007080397181294,-0.10661156726202603,,9105259
ec3a04a73ccfa3e16a2c4f0018cf2d12,b8a6070dbc8fd52e,1647789668450,frontend-0,58.037,1234,58.5025,1.5610000000000035,53318.439,-0.4654999999999987,-0.20114013452914697,-0.10661156726202603,,7585537
19425ae2449d9033ab5119a97eb39434,d9dff15f83a5f686,1647789795768,frontend-0,58.035,1234,58.5025,1.5610000000000035,53318.439,-0.46750000000000114,-0.2020043241511852,-0.10661156726202603,,6058500
3f657d981f2a18906cc08e1a919d337d,e458fe8862844343,1647789591271,frontend-2,30.053,310,30.455,1.3254999999999981,43849.491,-0.40199999999999747,-0.2045635609204064,-0.10646566882434255,,9109549
b5af5a6e37e1a586e103e83c6462e5c8,8cc0f31e830d1173,1647789195110,frontend-2,58.029,1234,58.5025,1.5610000000000035,53318.439,-0.47349999999999426,-0.20459689301729367,-0.10646566882434255,,6052211
9a85c4ea959a145cb1132963587b08fd,6ff643777174b218,1647788682818,frontend-2,66.661,362,67.275,2.0080000000000027,27147.171,-0.6140000000000043,-0.2062465139442243,-0.10646566882434255,,4521874
ba3ac2b9b6d24f094e1af6aa6fcb416e,7441001a47d816ca,1647788610961,frontend-0,58.021,1234,58.5025,1.5610000000000035,53318.439,-0.48149999999999693,-0.20805365150544342,-0.10628111446748584,,2995000
5ebee0a9287871b13f93544491ab7f68,26a962c045181c69,1647789091958,frontend-2,91.909,102,93.9525,6.612499999999997,6746.74,-2.0434999999999945,-0.20844472589792012,-0.10628111446748584,,6051026
64b2763bc2661def16ac441d9b40bb30,9ffa07ab1956bdba,1647788734969,frontend-2,11.188,204,11.328,0.4504999999999999,16.977,-0.1399999999999988,-0.2096115427302979,-0.10628111446748584,,7575542
8de936701f1223c00f006bc4e39fd2b5,6a508146dbb0e4f5,1647790112200,frontend-2,11.188,204,11.328,0.4504999999999999,16.977,-0.1399999999999988,-0.2096115427302979,-0.10628111446748584,,7590122
90c07369946df4d82d8281414df7a737,484056e408d0744b,1647789737724,frontend-0,58.017,1234,58.5025,1.5610000000000035,53318.439,-0.4854999999999947,-0.2097820307495168,-0.10628111446748584,,6057921
00b583fc6453e298a1e663bcae93078a,079eb93b1c9e05e2,1647789146038,frontend-0,91.892,102,93.9525,6.612499999999997,6746.74,-2.0605000000000047,-0.21017879017013288,-0.10628111446748584,,3000554
9f051ae58fbc3e40326319dea1516299,843cc9521e458b04,1647789915470,frontend-2,66.649,362,67.275,2.0080000000000027,27147.171,-0.6260000000000048,-0.21027739043824833,-0.10628111446748584,,3008647
a34eff75f6db74b455c2a84b6ad780bd,b7c2b064f10c5d26,1647789068617,frontend-2,58.015,1234,58.5025,1.5610000000000035,53318.439,-0.48749999999999716,-0.21064622037155498,-0.10628111446748584,,2999759
46b9b564d8c5410254ec8600fbb96346,6c4cde88df7b0467,1647790146998,frontend-2,0.176,207,0.181,0.015999999999999986,0.938,-0.0050000000000000044,-0.21078125000000036,-0.10628111446748584,,3011134
1d5318f1b51fd301114b6050f1bde0c7,8dba6d7b75340213,1647788722111,frontend-2,0.176,207,0.181,0.015999999999999986,0.938,-0.0050000000000000044,-0.21078125000000036,-0.10628111446748584,,4522237
58e370b0876163e4d71cd897bc757e78,46dca7e93fc5d06d,1647788924673,frontend-2,0.176,207,0.181,0.015999999999999986,0.938,-0.0050000000000000044,-0.21078125000000036,-0.10628111446748584,,9102335
60a3e929912e308675fbe69d484756b8,5e7783f38064f03d,1647788475217,frontend-0,66.645,362,67.275,2.0080000000000027,27147.171,-0.6300000000000097,-0.21162101593625793,-0.10628111446748584,,6044520
2e9c3b1b0cf0ccee79d47c0f124edad4,3428dd29b23bf696,1647788860186,frontend-2,30.039,310,30.455,1.3254999999999981,43849.491,-0.4159999999999968,-0.21168766503206204,-0.10628111446748584,,9101684
5a90d1a0b840183144ac6111983db8b4,46c4cbe96fb1ca6f,1647788781147,frontend-2,58.01,1234,58.5025,1.5610000000000035,53318.439,-0.4924999999999997,-0.21280669442664898,-0.10688142971707737,,9100841
c8427ba3906d1973b6df21f2b555c0ef,ef9648734cd9b914,1647789015700,frontend-2,66.639,362,67.275,2.0080000000000027,27147.171,-0.6360000000000099,-0.21363645418326999,-0.10688142971707737,,6050202
067d3ff0c115447012a3cf65b7614530,3d45154e3653b9ad,1647789036844,frontend-0,91.837,102,93.9525,6.612499999999997,6746.74,-2.1154999999999973,-0.21578899810964064,-0.1068773096928376,,6050467
7403a861ba0e2da8c7833f917f0e67b3,6f3016398c39250c,1647788537035,frontend-0,57.998,1234,58.5025,1.5610000000000035,53318.439,-0.5045000000000002,-0.21799183215887208,-0.1068773096928376,,2994225
476fc16cf1f3b358fe54500cb4bd300d,e73af5ac845b9a2d,1647788836580,frontend-0,57.996,1234,58.5025,1.5610000000000035,53318.439,-0.5064999999999955,-0.21885602178090724,-0.10721912315976001,,9101476
5c46677705ffe62a35447a4873b27a1e,ee3471b943cba264,1647789124149,frontend-2,57.992,1234,58.5025,1.5610000000000035,53318.439,-0.5105000000000004,-0.22058440102498367,-0.10721912315976001,,6051389
82e4029cfd4927e670f38dfd5c003ad7,235ddb08db4e0714,1647789819140,frontend-0,57.381,147,58.031,1.9810000000000016,60000.328,-0.6499999999999986,-0.22131499242806596,-0.10721912315976001,,9111918
72feb2dcf6232c624a633a67e21f333e,de9fc2a0e2175a07,1647789371038,frontend-2,30.02,310,30.455,1.3254999999999981,43849.491,-0.4349999999999987,-0.22135609204073903,-0.10721912315976001,,3002899
a4ad721a3989986e3fe23fd116dd4834,784f25f4f8134066,1647789015038,frontend-2,57.988,1234,58.5025,1.5610000000000035,53318.439,-0.5144999999999982,-0.22231278026905701,-0.1067835731682929,,6050192
549ce6491fcd6a4b0b629e080a257073,039ee802285a4abf,1647789037668,frontend-0,57.986,1234,58.5025,1.5610000000000035,53318.439,-0.5165000000000006,-0.22317696989109523,-0.1067835731682929,,2999440
fc7a8bd300999117f69da0cd90b82d22,b4ba2f00c6e91c6c,1647789254548,frontend-2,91.763,102,93.9525,6.612499999999997,6746.74,-2.1894999999999953,-0.22333727788279734,-0.1067835731682929,,9105918
791e614ec3247e1978e5add7f066b69a,1698ca22ccf9a256,1647790188227,frontend-2,57.373,147,58.031,1.9810000000000016,60000.328,-0.6580000000000013,-0.22403886925795077,-0.1067835731682929,,9115868
ef385269543a9f4842cbe8e2abb6ed3e,7c43fd71fc5da57c,1647789414500,frontend-2,57.982,1234,58.5025,1.5610000000000035,53318.439,-0.5204999999999984,-0.22490534913516855,-0.1067835731682929,,9107579
5f6b43af8b9903d50ba350e65b50aebc,e547e1e1cab67d9f,1647788725123,frontend-0,30.013,310,30.455,1.3254999999999981,43849.491,-0.4419999999999966,-0.2249181440965659,-0.1067835731682929,,2996078
8fd21cc055380176844e34768d43950d,ef176727ff6165e4,1647789501315,frontend-2,57.981,1234,58.5025,1.5610000000000035,53318.439,-0.5214999999999961,-0.22533744394618616,-0.1067835731682929,,3004343
3b98c4097e946f7790da8689c51d1714,2379405f13f5c051,1647789770923,frontend-2,66.602,362,67.275,2.0080000000000027,27147.171,-0.6730000000000018,-0.22606499003984096,-0.1067835731682929,,9111413
d952187b0cb5b3a8577a14fa0be1817a,0b61e8487fc5ceb2,1647789586642,frontend-0,57.979,1234,58.5025,1.5610000000000035,53318.439,-0.5234999999999985,-0.22620163356822437,-0.1067835731682929,,7584694
92053a898d422945164d5c83e48a4958,b1f0b1baeb01977c,1647788924058,frontend-0,57.971,1234,58.5025,1.5610000000000035,53318.439,-0.5315000000000012,-0.22965839205637412,-0.10610898824246129,,2998227
34d2ce886e416fb734a65c84cf350222,6c6d48859ad0c065,1647789834561,frontend-2,57.97,1234,58.5025,1.5610000000000035,53318.439,-0.5324999999999989,-0.23009048686739167,-0.10610898824246129,,7587234
7bfcffe47d08bee80dc77f662bdb319f,2b0fa1a81659868f,1647789107738,frontend-2,11.174,204,11.328,0.4504999999999999,16.977,-0.15399999999999991,-0.23057269700332955,-0.10610898824246129,,3000124
b7abb07bb269a0bbcbc01d64996e0cc4,bcf548dc1d3ceefe,1647789318399,frontend-2,11.173,204,11.328,0.4504999999999999,16.977,-0.15499999999999936,-0.23206992230854517,-0.10704606190057248,,9106566
f5fa8930c32fc369a9e19b43e693034b,5125f3563a829513,1647790093964,frontend-2,57.964,1234,58.5025,1.5610000000000035,53318.439,-0.5384999999999991,-0.23268305573350323,-0.10704606190057248,,3010535
3c041e8c9b25ae3fa5a249d4188da2c5,4371a44994e0997e,1647790060764,frontend-0,11.172,204,11.328,0.4504999999999999,16.977,-0.1559999999999988,-0.23356714761376074,-0.10704606190057248,,3010184
52bdeb28e75cb9335df26228c5ac4688,a041672610ab039f,1647789913154,frontend-0,57.961,1234,58.5025,1.5610000000000035,53318.439,-0.5414999999999992,-0.23397934016655902,-0.10704606190057248,,6059667
598fc2407fde9468c9bbfa4c191bc3fe,9b72e7d050be8053,1647790156780,frontend-0,57.96,1234,58.5025,1.5610000000000035,53318.439,-0.5424999999999969,-0.2344114349775766,-0.10704606190057248,,9115553
fd2294ae8b346b849e889839a7e1c5d7,441e8bbdbd50a282,1647790167340,frontend-0,91.652,102,93.9525,6.612499999999997,6746.74,-2.3004999999999995,-0.23465969754253313,-0.10704606190057248,,7590732
859ec0317b07aa4c71f430389a6b58ba,f0eb44ac655ec94d,1647789610089,frontend-2,57.957,1234,58.5025,1.5610000000000035,53318.439,-0.545499999999997,-0.23570771941063237,-0.10704606190057248,,4531842
3f6f30fc54c16a7b7abe24bdf62658f3,46561956af0264dc,1647789986961,frontend-0,29.991,310,30.455,1.3254999999999981,43849.491,-0.46399999999999864,-0.23611316484345493,-0.10704606190057248,,7588762
d38208d9bda6157bc3191135d99ad293,1968e971a3cb5ac6,1647788989661,frontend-2,66.571,362,67.275,2.0080000000000027,27147.171,-0.7040000000000077,-0.23647808764940467,-0.10704606190057248,,6049894
0c6291d6bf50e19cb563d3ef158158e4,eb752b76337a2d7a,1647789961017,frontend-0,29.989,310,30.455,1.3254999999999981,43849.491,-0.4659999999999975,-0.2371308940022624,-0.10704606190057248,,7588499
a20dcb08a225b89666409772cb884a6b,ea25c8a9747db892,1647790112609,frontend-2,57.33,147,58.031,1.9810000000000016,60000.328,-0.7010000000000005,-0.23867970721857643,-0.10704606190057248,,6061825
dea0280dab8a0c94872b9f8265db0f92,545b8517295efba9,1647790172043,frontend-0,66.562,362,67.275,2.0080000000000027,27147.171,-0.7130000000000081,-0.2395012450199227,-0.10704606190057248,,7590767
75025bfd17e64be9d42c4722b52a4dd9,51142225e80c6a47,1647789186773,frontend-2,57.946,1234,58.5025,1.5610000000000035,53318.439,-0.5564999999999998,-0.24046076233183794,-0.10704606190057248,,7580438
eb01b393f2238564bb58d33958fa323a,27a559745c704a03,1647789572697,frontend-0,66.559,362,67.275,2.0080000000000027,27147.171,-0.7160000000000082,-0.24050896414342873,-0.10704606190057248,,3005054
4b82750ee1fd8066a10e6f535580c978,c5662c5e69863160,1647790106639,frontend-0,57.945,1234,58.5025,1.5610000000000035,53318.439,-0.5574999999999974,-0.2408928571428555,-0.10704606190057248,,7590064
d419779a3337b34b53b5c0a58fb434c2,ebf6e1ad376177fe,1647789732371,frontend-2,57.943,1234,58.5025,1.5610000000000035,53318.439,-0.5594999999999999,-0.2417570467648937,-0.10704606190057248,,4533166
dfa432bb59f4d062ac89ebb626ed8440,454602c3222c191f,1647789573404,frontend-0,57.943,1234,58.5025,1.5610000000000035,53318.439,-0.5594999999999999,-0.2417570467648937,-0.10704606190057248,,7584533
2bdd2146cd6d82c2f9b2fff97e8b8891,32a52b8e501bd655,1647789767192,frontend-2,57.943,1234,58.5025,1.5610000000000035,53318.439,-0.5594999999999999,-0.2417570467648937,-0.10704606190057248,,7586525
d14178fce9e1de5e7fbeb0aa2867411c,05eae6c358f98a8d,1647789178577,frontend-2,57.942,1234,58.5025,1.5610000000000035,53318.439,-0.5604999999999976,-0.2421891415759113,-0.10704606190057248,,4527203
b9000b8f5d4752f27b76153c50d316b8,a1e6c6d3f9f4f800,1647789413488,frontend-2,57.94,1234,58.5025,1.5610000000000035,53318.439,-0.5625,-0.2430533311979495,-0.10704606190057248,,3003356
3f44a59ead5e2c4a836cf286c7b12843,0da9da2d04650144,1647789443819,frontend-2,66.549,362,67.275,2.0080000000000027,27147.171,-0.7259999999999991,-0.24386802788844558,-0.10704606190057248,,7583127
7e57270af514239b30e54b5261e10c9c,74d3b9ef51950345,1647788720039,frontend-0,91.546,102,93.9525,6.612499999999997,6746.74,-2.406499999999994,-0.24547209829867625,-0.10704606190057248,,7575410
7d6a035b4ec5f28a061daedb9277955f,d075cb90aef9f278,1647789464458,frontend-0,66.543,362,67.275,2.0080000000000027,27147.171,-0.7319999999999993,-0.24588346613545758,-0.10704606190057248,,4530276
e29d6f9a626b1ca75ea66997c9f6cb50,b39181e5227bc324,1647788893756,frontend-2,11.163,204,11.328,0.4504999999999999,16.977,-0.16499999999999915,-0.24704217536070908,-0.10704606190057248,,9102031
fabe14064fcff9d91596276a9f449012,47c363b5b762d87d,1647790165858,frontend-2,57.929,1234,58.5025,1.5610000000000035,53318.439,-0.5734999999999957,-0.24780637411915196,-0.10704606190057248,,7590713
a259c2e081f77b24e49ab85566d15868,2c71188e67fb1bc1,1647788891697,frontend-2,57.927,1234,58.5025,1.5610000000000035,53318.439,-0.5754999999999981,-0.24867056374119018,-0.10704606190057248,,4524005
8e298439e3797581d55f37428ffc0011,d5a04759d7f30e78,1647789353368,frontend-0,29.963,310,30.455,1.3254999999999981,43849.491,-0.49199999999999733,-0.25036137306676626,-0.10704606190057248,,4529027
ae9baf1d8ff5ef3dec95efde26b6f924,686dc502fca43b08,1647789105566,frontend-0,57.923,1234,58.5025,1.5610000000000035,53318.439,-0.5794999999999959,-0.2503989429852635,-0.10704606190057248,,3000112
2a03f97eb89dd3180732f15fea90b6f5,8782e94dc06475fb,1647788966269,frontend-2,57.923,1234,58.5025,1.5610000000000035,53318.439,-0.5794999999999959,-0.2503989429852635,-0.10704606190057248,,9102780
f4db498213e82022bb775a0ce340cd8e,f221b26d322fa664,1647789368276,frontend-0,11.16,204,11.328,0.4504999999999999,16.977,-0.16799999999999926,-0.2515338512763585,-0.10734484032139452,,7582272
5265ad28b498a121b0ef25e55178a53d,97b40512b30d4994,1647788674627,frontend-0,57.292,147,58.031,1.9810000000000016,60000.328,-0.7389999999999972,-0.2516181221605238,-0.10734484032139452,,9099844
ba8f0cd5ac4737d40d4232f2aff179fc,60511c8171df34e6,1647788747332,frontend-0,57.919,1234,58.5025,1.5610000000000035,53318.439,-0.5835000000000008,-0.2521273222293399,-0.10734484032139452,,6047300
2ee16738a9bc0bf07d69ec2f0848bd48,58df67b1fa3d6ea6,1647788609064,frontend-2,57.918,1234,58.5025,1.5610000000000035,53318.439,-0.5844999999999985,-0.2525594170403575,-0.10734484032139452,,2994991
967f755df5598607f0d7121a4bc9320b,27e0af5114a3052f,1647788567418,frontend-0,66.522,362,67.275,2.0080000000000027,27147.171,-0.7530000000000001,-0.2529374999999997,-0.10734484032139452,,9098764
55491a0528585294269d16dde5d3c9da,b9adea3cf5c8efc1,1647789800225,frontend-2,0.175,207,0.181,0.015999999999999986,0.938,-0.006000000000000005,-0.2529375000000004,-0.10734484032139452,,6058536
41c764b4fca5132b919163285af21e87,41b0c2b3801574e3,1647789264706,frontend-2,0.175,207,0.181,0.015999999999999986,0.938,-0.006000000000000005,-0.2529375000000004,-0.10734484032139452,,7581280
3c610f84383d2bd781360750eb9be5f1,172afa8739a8f6da,1647790123726,frontend-2,57.287,147,58.031,1.9810000000000016,60000.328,-0.7439999999999998,-0.2533205451792021,-0.10734484032139452,,3010850
5147dcf562a5f817ea292cfd61b707b8,0e22e856042346d7,1647789442983,frontend-2,66.515,362,67.275,2.0080000000000027,27147.171,-0.7600000000000051,-0.2552888446215153,-0.10734484032139452,,6054783
96c94ce1b34fc1460437a4c85d28adca,7fe28e3075d3656d,1647789860852,frontend-2,57.908,1234,58.5025,1.5610000000000035,53318.439,-0.5944999999999965,-0.2568803651505424,-0.10594948346130945,,9112339
207997c4125b79ce74d624047ad8a76d,9e1cce49afdd78e7,1647788512981,frontend-2,29.944,310,30.455,1.3254999999999981,43849.491,-0.5109999999999992,-0.2600298000754432,-0.10594948346130945,,6044960
c67aa4e95d716367b5df4735bf96e087,f75d9ac17f70ca70,1647788513674,frontend-0,57.899,1234,58.5025,1.5610000000000035,53318.439,-0.6034999999999968,-0.2607692184497098,-0.10594948346130945,,2994006
0076a923143ae5841739981466d4ce8e,183acb338e6bac2f,1647788483960,frontend-2,66.498,362,67.275,2.0080000000000027,27147.171,-0.777000000000001,-0.2609992529880478,-0.10594948346130945,,9097940
c3e75a54ad20da28815c0e80f424b482,f199e7ed5766be78,1647788511757,frontend-2,11.153,204,11.328,0.4504999999999999,16.977,-0.17499999999999893,-0.26201442841287303,-0.10594948346130945,,6044916
c0431f3cc1f871fae33366f12ee12bdf,e14f3dde66906224,1647788635197,frontend-0,57.896,1234,58.5025,1.5610000000000035,53318.439,-0.6064999999999969,-0.26206550288276553,-0.10594948346130945,,2995251
3587b69ad3b8dcea56316d7dc12b2ea4,68042f20cf697bbe,1647789945407,frontend-0,57.261,147,58.031,1.9810000000000016,60000.328,-0.769999999999996,-0.2621731448763235,-0.10594948346130945,,4535348
16a8b230da3eb253ebce1b85de793513,9859092de6274005,1647788505122,frontend-0,57.895,1234,58.5025,1.5610000000000035,53318.439,-0.6074999999999946,-0.2624975976937831,-0.10594948346130945,,4520078
59c2e39fb13977ffa41deb7d63044dfe,252aeb0ba1229e20,1647789308223,frontend-2,57.894,1234,58.5025,1.5610000000000035,53318.439,-0.6084999999999994,-0.26292969250480375,-0.1062360727723119,,3002291
55ecbf3ee84eea716141d94b86e48d15,be02254a819f2311,1647788447091,frontend-2,66.492,362,67.275,2.0080000000000027,27147.171,-0.7830000000000013,-0.2630146912350598,-0.1062360727723119,,7572721
e77b1fbf99969a8d391e882d266c4181,727f3a345c15576b,1647789819128,frontend-0,11.151,204,11.328,0.4504999999999999,16.977,-0.1769999999999996,-0.2650088790233069,-0.1062360727723119,,6058730
0a224b80c6b3ad0defab4d150320ec44,439035be7f0ae85a,1647789496529,frontend-2,91.349,102,93.9525,6.612499999999997,6746.74,-2.603499999999997,-0.2655668431001888,-0.1062360727723119,,3004278
f510323b1c6f7776ae77f6c43f28d440,d2d74117d1af96f0,1647789212588,frontend-0,57.25,147,58.031,1.9810000000000016,60000.328,-0.7809999999999988,-0.2659184755174148,-0.1062360727723119,,6052345
cd1425fffbeb39725fcb6cd35ef84e16,1e7a08c9aa34393f,1647790180045,frontend-2,57.886,1234,58.5025,1.5610000000000035,53318.439,-0.6164999999999949,-0.26638645099295044,-0.1062360727723119,,9115786
370f3d1ef979c507568666c3c38cc88c,33280441cf3579a1,1647789291677,frontend-0,57.885,1234,58.5025,1.5610000000000035,53318.439,-0.6174999999999997,-0.2668185458039711,-0.1062360727723119,,6053165
c2b7acf73628d24a91cec99dc1ad4df9,92da29c0ef1f4f69,1647790042518,frontend-0,57.885,1234,58.5025,1.5610000000000035,53318.439,-0.6174999999999997,-0.2668185458039711,-0.1062360727723119,,6061045
baef4914dd7b55f431eda54955919a10,086847ddfe020867,1647788651350,frontend-0,57.884,1234,58.5025,1.5610000000000035,53318.439,-0.6184999999999974,-0.26725064061498865,-0.1062360727723119,,2995412
c523b5b66a44b1ae6fd619e08703048f,dd4397067c3a7c9b,1647789331545,frontend-2,66.478,362,67.275,2.0080000000000027,27147.171,-0.7970000000000113,-0.26771738047809107,-0.1062360727723119,,7581910
163c36d9fb29071a0110f46bab3ac0d7,23e35d8a5b2ec808,1647788854153,frontend-2,29.927,310,30.455,1.3254999999999981,43849.491,-0.5279999999999987,-0.2686804979253109,-0.1062360727723119,,6048466
c70574ba53df7e07eedf1cf0381cdb5a,c32aa8a0fc3bb9f8,1647788926133,frontend-2,29.924,310,30.455,1.3254999999999981,43849.491,-0.5309999999999988,-0.27020709166352297,-0.1062360727723119,,9102371
20bb1e352e47fae485569c6ea804c568,dfb759d2ba450dfc,1647789977714,frontend-2,57.874,1234,58.5025,1.5610000000000035,53318.439,-0.6284999999999954,-0.27157158872517356,-0.1062360727723119,,3009263
155242c082df3ed9d79205b70222af86,10be0caa9de86556,1647790135537,frontend-0,57.872,1234,58.5025,1.5610000000000035,53318.439,-0.6304999999999978,-0.2724357783472118,-0.1062360727723119,,3010972
9136f820914c1b7bc6af6c42e1acd9d8,ca47dc20712d3150,1647788562444,frontend-2,57.871,1234,58.5025,1.5610000000000035,53318.439,-0.6314999999999955,-0.27286787315822936,-0.1062360727723119,,9098702
c177772fe5090a3c2f718c7e844d7216,99254e0a4bdbbd6f,1647789976247,frontend-0,57.868,1234,58.5025,1.5610000000000035,53318.439,-0.6344999999999956,-0.27416415759128515,-0.1062360727723119,,6060323
4850748cd65548689060c92f5e3bb839,1a0d21f113722eaa,1647789501926,frontend-0,29.915,310,30.455,1.3254999999999981,43849.491,-0.5399999999999991,-0.27478687287815917,-0.1062360727723119,,3004357
8a70a3838eca18c624c9afdc743fef76,7755ac170ef61f28,1647789134902,frontend-0,66.454,362,67.275,2.0080000000000027,27147.171,-0.8210000000000122,-0.2757791334661392,-0.1062360727723119,,9104659
7c74f6b216eeb50cea3cf4eccc3e57fa,aed4f85a3b14ad7c,1647788656264,frontend-2,29.913,310,30.455,1.3254999999999981,43849.491,-0.541999999999998,-0.27580460203696655,-0.1062360727723119,,7574817
adb885c24ab498d9db90cfb889252464,b05f58a675e01635,1647789205517,frontend-0,57.864,1234,58.5025,1.5610000000000035,53318.439,-0.6385000000000005,-0.2758925368353616,-0.1062360727723119,,6052299
8e5b864d4cd2334b1693bf3018bf3a5b,2f5ac396dcfc8865,1647788489678,frontend-0,57.863,1234,58.5025,1.5610000000000035,53318.439,-0.6394999999999982,-0.2763246316463791,-0.1062360727723119,,2993731
e37b3be6088b7cfd969a6774c0ddecfb,5aa7591ffecbb945,1647788737316,frontend-0,57.862,1234,58.5025,1.5610000000000035,53318.439,-0.6404999999999959,-0.2767567264573967,-0.1062360727723119,,4522387
d2d670269e0237c32d0119cfef9b4e88,ddf2c0eaa0f008d3,1647789825608,frontend-0,91.232,102,93.9525,6.612499999999997,6746.74,-2.7205000000000013,-0.27750128544423464,-0.1062360727723119,,6058804
ccb5429561cd09bf70b3fde249059cde,dd2206f31f5b31c3,1647788927959,frontend-2,57.859,1234,58.5025,1.5610000000000035,53318.439,-0.643499999999996,-0.2780530108904525,-0.1062360727723119,,4524420
efee1192669a9ed0fd61254057655c0d,da998271d1c32dfa,1647789846756,frontend-2,57.859,1234,58.5025,1.5610000000000035,53318.439,-0.643499999999996,-0.2780530108904525,-0.1062360727723119,,4534322
7063379c470c28d5dab236fbf90e33e6,ff717690519b2461,1647788932708,frontend-0,29.905,310,30.455,1.3254999999999981,43849.491,-0.5499999999999972,-0.2798755186721981,-0.1062360727723119,,7577653
51ad907b8284bafff1b9ff6cf808dd00,9f7d5f14962824bd,1647789832567,frontend-2,29.904,310,30.455,1.3254999999999981,43849.491,-0.5509999999999984,-0.28038438325160275,-0.1062360727723119,,9112046
01971561156891d8ccc8a9743612c3aa,e84ac45b30d792c1,1647788408519,frontend-0,57.852,1234,58.5025,1.5610000000000035,53318.439,-0.650500000000001,-0.28107767456758465,-0.1062360727723119,,4519035
4787135c511b598fee4b7a5ad1955283,ded6f105080655df,1647790133473,frontend-2,66.438,362,67.275,2.0080000000000027,27147.171,-0.8370000000000033,-0.28115363545816807,-0.1062360727723119,,4537408
dfa189f8e73ea2caab76e08877c26996,1714db600d1d6ae0,1647789923586,frontend-0,66.438,362,67.275,2.0080000000000027,27147.171,-0.8370000000000033,-0.28115363545816807,-0.1062360727723119,,9112983
e2aada32f9467bb437db26975275e43e,09f0e080ee2e0d01,1647789074436,frontend-2,57.851,1234,58.5025,1.5610000000000035,53318.439,-0.6514999999999986,-0.2815097693786022,-0.1062360727723119,,2999831
03186f7442cdbd6184d0d7ef52a69265,cd590d20e22b7738,1647788592782,frontend-0,57.85,1234,58.5025,1.5610000000000035,53318.439,-0.6524999999999963,-0.2819418641896198,-0.1062360727723119,,7574208
8156a5998a30be4dc0b783faafe59b04,1354566631ced098,1647789624981,frontend-2,29.9,310,30.455,1.3254999999999981,43849.491,-0.5549999999999997,-0.2824198415692194,-0.1062360727723119,,6056722
af6d018788fcdb12cd388c4b847c6cfc,f7e719f25f193d0d,1647788501171,frontend-2,91.164,102,93.9525,6.612499999999997,6746.74,-2.788499999999999,-0.28443754253308134,-0.1062360727723119,,7573316
aa6a1a29da7c214ba30cbde5fc4b128f,7a74fddf1cf751bb,1647789465301,frontend-2,29.895,310,30.455,1.3254999999999981,43849.491,-0.5599999999999987,-0.2849641644662389,-0.1062360727723119,,6055012
d4a71cd5286aa4636c0b48c78794d769,333fb12ccdfe018e,1647788903760,frontend-0,57.842,1234,58.5025,1.5610000000000035,53318.439,-0.660499999999999,-0.28539862267776955,-0.1062360727723119,,6048980
0908a7104c2c4f1fc7c27f4db46ea5fa,8006ab8e768ed11f,1647788892751,frontend-0,57.841,1234,58.5025,1.5610000000000035,53318.439,-0.6614999999999966,-0.28583071748878713,-0.1062360727723119,,7577198
ce67fd24aa3eded4645231f5e321d4f9,4eecd7722e7ea2cc,1647789481577,frontend-0,11.137,204,11.328,0.4504999999999999,16.977,-0.19099999999999895,-0.2859700332963359,-0.1062360727723119,,7583548
880a78dcdb29341bfde15e07e96d8410,054f5261379216e3,1647789873938,frontend-2,11.136,204,11.328,0.4504999999999999,16.977,-0.19200000000000017,-0.28746725860155414,-0.10596883978779631,,6059255
7ea865d1c747bdc750d0b6d953ced0b0,1495cb8b2bdfcaed,1647790147696,frontend-2,29.888,310,30.455,1.3254999999999981,43849.491,-0.5669999999999966,-0.28852621652206584,-0.10596883978779631,,3011156
538306386fec3b9375deb2ae2c42599f,689c6d9184ceea9f,1647789522044,frontend-0,57.833,1234,58.5025,1.5610000000000035,53318.439,-0.6694999999999993,-0.28928747597693694,-0.10596883978779631,,4530908
6cabb88f44fa82e2ee240ae5bec5a6b2,2d188555cb2010d1,1647789710374,frontend-0,57.833,1234,58.5025,1.5610000000000035,53318.439,-0.6694999999999993,-0.28928747597693694,-0.10596883978779631,,4532931
1a63f6269510d2ec8b2ecba7e88a6512,b514bd2f14171e73,1647789297093,frontend-2,57.832,1234,58.5025,1.5610000000000035,53318.439,-0.670499999999997,-0.28971957078795446,-0.10596883978779631,,3002168
e473b9f0b89f33ab3ddde53758cf7d59,7ac96b4d799dbb0f,1647789465404,frontend-0,57.179,147,58.031,1.9810000000000016,60000.328,-0.8519999999999968,-0.2900928823826337,-0.10596883978779631,,7583372
d9c64a0af90a9e79d6090ab6414e6913,1f49154132558860,1647788814877,frontend-2,29.884,310,30.455,1.3254999999999981,43849.491,-0.570999999999998,-0.29056167483968254,-0.10596883978779631,,6048033
941d3f7d3fc9c8c0e06f70bc8d319c96,22feadab1c867a54,1647789994832,frontend-2,57.829,1234,58.5025,1.5610000000000035,53318.439,-0.6734999999999971,-0.29101585522101026,-0.10596883978779631,,9113686
6f31a8cdff4be76e4a14e474fb83b2af,0a606e15da4050de,1647788600933,frontend-0,29.882,310,30.455,1.3254999999999981,43849.491,-0.5729999999999968,-0.2915794039984899,-0.10596883978779631,,9099105
c2a9ad8c510a5499fa791280783b9eeb,2eefb89a6b2d2300,1647789762438,frontend-0,29.878,310,30.455,1.3254999999999981,43849.491,-0.5769999999999982,-0.2936148623161066,-0.10585020927771288,,6058142
92a73ceac75686145c63d9d95f672811,f6cbe68e1b583ceb,1647789801597,frontend-2,66.4,362,67.275,2.0080000000000027,27147.171,-0.875,-0.2939180776892426,-0.10585020927771288,,6058556
55237884921f4abd88cdbb57b87566d4,03c362450652367a,1647789383582,frontend-0,57.822,1234,58.5025,1.5610000000000035,53318.439,-0.680499999999995,-0.2940405188981394,-0.10585020927771288,,6054136
f985abbc699b44b6aa4dc822651ccf81,c853946782c80675,1647788933165,frontend-2,0.174,207,0.181,0.015999999999999986,0.938,-0.007000000000000006,-0.29509375000000054,-0.10585020927771288,,6049294
27715170fe112b84f95855aaa8cc4798,c3489fa0fdb02ce7,1647789034130,frontend-2,0.174,207,0.181,0.015999999999999986,0.938,-0.007000000000000006,-0.29509375000000054,-0.10585020927771288,,7578750
9908fbebff855f714d2abd20e2d1491d,b75ba1b3330048a1,1647788550304,frontend-2,0.174,207,0.181,0.015999999999999986,0.938,-0.007000000000000006,-0.29509375000000054,-0.10585020927771288,,9098585
9aaab2f29b6fca475a9a8e7837cf0c8b,027661c2956e1930,1647789142289,frontend-2,0.174,207,0.181,0.015999999999999986,0.938,-0.007000000000000006,-0.29509375000000054,-0.10585020927771288,,9104727
190fd42364d185709df0136dc01902da,443f33f42c6fee97,1647789825892,frontend-2,0.174,207,0.181,0.015999999999999986,0.938,-0.007000000000000006,-0.29509375000000054,-0.10585020927771288,,9111984
13e12267e9e9390ffdb0dc4cab3747d8,c89384c7bcf88656,1647788460730,frontend-0,29.875,310,30.455,1.3254999999999981,43849.491,-0.5799999999999983,-0.2951414560543187,-0.10585020927771288,,4519623
26278e8cf9d5f8d7450e2b5a2945c9a3,82053559d7a63339,1647790058635,frontend-2,29.875,310,30.455,1.3254999999999981,43849.491,-0.5799999999999983,-0.2951414560543187,-0.10585020927771288,,6061231
22084186d3fd6ad96c38b3e59fce80ad,8f5cedcd0b7a82a5,1647789700342,frontend-0,29.875,310,30.455,1.3254999999999981,43849.491,-0.5799999999999983,-0.2951414560543187,-0.10585020927771288,,9110734
80c2a94f06c6da730e0c048dc02626fd,780b2801f5188fb8,1647788722112,frontend-2,29.874,310,30.455,1.3254999999999981,43849.491,-0.5809999999999995,-0.2956503206337233,-0.10585020927771288,,7575434
40b203fc57c123131de323c772022ff1,2d2e1289e7ee2064,1647790123405,frontend-2,66.392,362,67.275,2.0080000000000027,27147.171,-0.8830000000000098,-0.29660532868526185,-0.10585020927771288,,7590229
0048a5d004fd22dea10eb8617089e7cb,6b1c1d697699c426,1647789681864,frontend-0,57.816,1234,58.5025,1.5610000000000035,53318.439,-0.6864999999999952,-0.29663308776425096,-0.10585020927771288,,4532577
b69c20e680551c7006550bc35250073e,8a1f2a762d0732e2,1647789653850,frontend-2,57.814,1234,58.5025,1.5610000000000035,53318.439,-0.6884999999999977,-0.29749727738628917,-0.10585020927771288,,9110210
958208cb1d31eae52efe9ce0770b19f6,55ce8647e1d7b2d0,1647788962526,frontend-0,91.029,102,93.9525,6.612499999999997,6746.74,-2.923500000000004,-0.29820805293005725,-0.10612907174201974,,4524775
09e1cc094f44286d6ff4f825ea240cbf,82b6fc7f5fbce10e,1647788779398,frontend-2,91.028,102,93.9525,6.612499999999997,6746.74,-2.9244999999999948,-0.29831005671077465,-0.10612907174201974,,7575999
151aed2c8de3c5f8e54d937f8862f19d,aad9365a0a7a3983,1647789673818,frontend-2,29.867,310,30.455,1.3254999999999981,43849.491,-0.5879999999999974,-0.2992123726895502,-0.10612907174201974,,9110397
476180e661212224c5a3ddb9fe910c2e,9125bf8b567859ac,1647788818367,frontend-0,29.866,310,30.455,1.3254999999999981,43849.491,-0.5889999999999986,-0.29972123726895483,-0.10542717531175683,,2997094
e25797e13069fa6ae70f5842c67c1806,be79b5dfbff9ac3e,1647790167913,frontend-0,57.149,147,58.031,1.9810000000000016,60000.328,-0.8819999999999979,-0.30030742049469866,-0.10542717531175683,,4537828
9e532b8cd30326ecd2bf65915535fd09,c92a42648653437f,1647789917486,frontend-2,29.863,310,30.455,1.3254999999999981,43849.491,-0.5919999999999987,-0.3012478310071669,-0.10542717531175683,,7588082
d57a158476eadf5372aeae335095bee0,8695cb3269a2b7d0,1647789626225,frontend-0,29.862,310,30.455,1.3254999999999981,43849.491,-0.593,-0.3017566955865715,-0.10542717531175683,,7585135
6c9d935bc12b9123d3fc3f7708ebd075,de3e8d2710c806d6,1647788929738,frontend-2,57.803,1234,58.5025,1.5610000000000035,53318.439,-0.6995000000000005,-0.3022503203074947,-0.10542717531175683,,6049264
feeb69bd37aedab89f1e10a4cbb8776e,7ed3fb5c3ec0c326,1647788625081,frontend-0,57.801,1234,58.5025,1.5610000000000035,53318.439,-0.7014999999999958,-0.3031145099295299,-0.10542717531175683,,2995133
eb41a21ec092112aad96fda00c091657,52cbe2e3b760ecfd,1647788872578,frontend-0,57.801,1234,58.5025,1.5610000000000035,53318.439,-0.7014999999999958,-0.3031145099295299,-0.10542717531175683,,7576979
13415fb30fdc3443dc409f1721ff883a,375ceb6021191216,1647789735298,frontend-2,57.8,1234,58.5025,1.5610000000000035,53318.439,-0.7025000000000006,-0.3035466047405505,-0.10542717531175683,,6057880
0ab0e2b59a20f6929338c0d807633a10,3fe5ff093ab20e1b,1647789306170,frontend-2,11.125,204,11.328,0.4504999999999999,16.977,-0.2029999999999994,-0.3039367369589337,-0.10542717531175683,,6053282
6f2386e1ef62d874c1f496c3947cc412,874f28cfdd5c12e0,1647788925130,frontend-0,57.138,147,58.031,1.9810000000000016,60000.328,-0.8930000000000007,-0.30405275113579,-0.10542717531175683,,7577576
2ed7c105f77ab6b90ce8b25cbe649327,0c2dcc55ef704ab3,1647788576552,frontend-0,66.365,362,67.275,2.0080000000000027,27147.171,-0.9100000000000108,-0.30567480079681597,-0.10560017846060599,,6045598
24daca6d6ed5a5698f6cc675285e2a38,4ded0c6519a60fd8,1647790083873,frontend-2,57.793,1234,58.5025,1.5610000000000035,53318.439,-0.7094999999999985,-0.3065712684176796,-0.10528607041003607,,6061512
758a5cbd45278aee0b2abfc2134c20cb,b5d40e5924304114,1647790015679,frontend-2,29.852,310,30.455,1.3254999999999981,43849.491,-0.602999999999998,-0.3068453413806105,-0.10528607041003607,,3009649
c2b17ea9e00cc0d602238013b7de3caf,2ddbf59bdb55b1fc,1647788682737,frontend-0,66.356,362,67.275,2.0080000000000027,27147.171,-0.9190000000000111,-0.30869795816733403,-0.10528607041003607,,6046688
dc03bc25a87a7774faaa141960781eff,fb2da581a991a20d,1647789626274,frontend-2,11.121,204,11.328,0.4504999999999999,16.977,-0.20699999999999896,-0.30992563817979873,-0.10510329053239964,,9109943
be82e87eeb1ecc0d03df0c3663b88b5d,dc7b55ade71692d3,1647789939194,frontend-2,29.844,310,30.455,1.3254999999999981,43849.491,-0.6109999999999971,-0.31091625801584205,-0.10510329053239964,,4535271
1844ac944c3c2ab851f4e9250ea09afb,4945036f456f89f4,1647789608236,frontend-0,57.775,1234,58.5025,1.5610000000000035,53318.439,-0.7274999999999991,-0.3143489750160143,-0.10401006759455689,,6056558
a9b1dc451a1ec53d7b8edff3cbd4818c,169b8910e717ae23,1647789255736,frontend-2,66.339,362,67.275,2.0080000000000027,27147.171,-0.936000000000007,-0.3144083665338665,-0.10401006759455689,,4528023
ddbe4518490c915bb69f2ae7def4a72e,b5d265a18469497f,1647789702108,frontend-2,90.857,102,93.9525,6.612499999999997,6746.74,-3.0955000000000013,-0.3157527032136108,-0.10384351996669444,,3006505
a41111fa61a5444b16ddf1aac7ba964a,7d6591522030dfb7,1647788999421,frontend-2,57.102,147,58.031,1.9810000000000016,60000.328,-0.929000000000002,-0.316310196870268,-0.10468847964346734,,7578353
cf1aa703581676b3fa2a336525284d09,2af1fb219aaea9ad,1647789191651,frontend-0,57.768,1234,58.5025,1.5610000000000035,53318.439,-0.734499999999997,-0.31737363869314344,-0.10468847964346734,,4527334
03bcccdb6647c3c5ae2e2a834b34ef22,0fa3453795521edb,1647788839161,frontend-0,57.767,1234,58.5025,1.5610000000000035,53318.439,-0.7354999999999947,-0.31780573350416097,-0.10468847964346734,,9101494
3b877ee42300e5cb414b5f4900084d78,00758942eaec8011,1647789910849,frontend-2,66.315,362,67.275,2.0080000000000027,27147.171,-0.960000000000008,-0.32247011952191457,-0.10468847964346734,,3008603
868fcc508ce2b0246f6e47708b1420e6,e875c74f7ebc789b,1647789860669,frontend-0,29.821,310,30.455,1.3254999999999981,43849.491,-0.6339999999999968,-0.32262014334213385,-0.10468847964346734,,7587477
eee0e1780467e7d259d27d3a936bc2d3,2ab4a50ea094aaf9,1647789475073,frontend-2,57.755,1234,58.5025,1.5610000000000035,53318.439,-0.7474999999999952,-0.32299087123638415,-0.10468847964346734,,7583473
e0a5bef0fcc79d304954655b5209bd28,2a8006d22812da79,1647789642342,frontend-2,57.078,147,58.031,1.9810000000000016,60000.328,-0.9529999999999959,-0.32448182735991754,-0.10468847964346734,,6056875
6b017a2f5ced081790660354fe3e8b37,c611c8e616437495,1647788936247,frontend-0,11.111,204,11.328,0.4504999999999999,16.977,-0.21699999999999875,-0.32489789123196267,-0.10468847964346734,,7577667
c4db6e22c7153320715352d4888b417c,55cb0187f622893c,1647788998712,frontend-2,57.748,1234,58.5025,1.5610000000000035,53318.439,-0.7545000000000002,-0.3260155349135163,-0.10545108991386332,,2998990
150c3a187ec7ac12b5c8e5fa4b035033,fb5e833503870a7e,1647789980364,frontend-0,57.742,1234,58.5025,1.5610000000000035,53318.439,-0.7605000000000004,-0.32860810377962785,-0.10545108991386332,,7588705
a06adf71e9ae763c1f38654a5482d4d9,e34d9713a9c0f8f0,1647788926188,frontend-0,57.739,1234,58.5025,1.5610000000000035,53318.439,-0.7635000000000005,-0.32990438821268364,-0.10545108991386332,,2998273
dfb2a6e6f4b56ba10201d3ca9bd2a731,beac69b5e3f9b164,1647788790541,frontend-2,66.292,362,67.275,2.0080000000000027,27147.171,-0.9830000000000041,-0.3301959661354591,-0.10545108991386332,,2996756
0521c1e49eefbdbff84a311c14edbd7f,aa0400e8860dc3e0,1647789207151,frontend-2,11.107,204,11.328,0.4504999999999999,16.977,-0.22100000000000009,-0.33088679245283037,-0.10545108991386332,,9105424
fe4692f4430ee789d248e7cafbd6f644,5eaeb9e0d7c24f6a,1647789171400,frontend-0,57.736,1234,58.5025,1.5610000000000035,53318.439,-0.7665000000000006,-0.33120067264573944,-0.10545108991386332,,9105071
171ecb266f80f7efabab8b7fc69674a0,efee53b689c733a1,1647788624138,frontend-0,57.73,1234,58.5025,1.5610000000000035,53318.439,-0.7725000000000009,-0.33379324151185097,-0.10545108991386332,,9099322
f3e8fd6f4ccab3c20e4d7e4e8560d47c,4a16cfe40572412f,1647789385556,frontend-0,90.679,102,93.9525,6.612499999999997,6746.74,-3.2734999999999985,-0.3339093761814744,-0.10545108991386332,,3003064
99b04f9e6ed2172522e3495c8d19e0f0,14d736559e116935,1647789033372,frontend-0,11.104,204,11.328,0.4504999999999999,16.977,-0.2240000000000002,-0.33537846836847984,-0.10545108991386332,,9103516
4109308c504683d83d2623f56b02971b,4c1a1908fdb9c15b,1647788778968,frontend-2,66.276,362,67.275,2.0080000000000027,27147.171,-0.9990000000000094,-0.3355704681274928,-0.10545108991386332,,9100805
a7edd92fe6b981cc889b6ddc3176415a,00ea9a73f78155b7,1647789210831,frontend-0,57.723,1234,58.5025,1.5610000000000035,53318.439,-0.7794999999999987,-0.3368179051889801,-0.10545108991386332,,4527526
4f6660b9b55fb2a950c682caa090b261,45d3526eaf0b2074,1647788678686,frontend-0,57.723,1234,58.5025,1.5610000000000035,53318.439,-0.7794999999999987,-0.3368179051889801,-0.10545108991386332,,7575023
3240a57df8ce1c109e61b90e779c2ca3,c18b71bfdef8dda0,1647788847060,frontend-2,57.722,1234,58.5025,1.5610000000000035,53318.439,-0.7804999999999964,-0.3372499999999977,-0.10545108991386332,,7576744
19a6b5624f95c0d59b0236c3aca1b8e2,d21d9552575acee6,1647789404375,frontend-2,0.173,207,0.181,0.015999999999999986,0.938,-0.008000000000000007,-0.3372500000000006,-0.10545108991386332,,3003241
1fd668087506c3dedacda965e0e2ab18,8aa2cf4a7b52d8a0,1647789714587,frontend-2,0.173,207,0.181,0.015999999999999986,0.938,-0.008000000000000007,-0.3372500000000006,-0.10545108991386332,,3006640
19ba493d787ac746b66867f301cc0da4,669a45d08434ef15,1647790022710,frontend-2,0.173,207,0.181,0.015999999999999986,0.938,-0.008000000000000007,-0.3372500000000006,-0.10545108991386332,,6060817
ccd7c2c0b4dbfa3827b62ea31465f494,62babda0fb8bcccc,1647789151193,frontend-0,0.173,207,0.181,0.015999999999999986,0.938,-0.008000000000000007,-0.3372500000000006,-0.10545108991386332,,7580067
84abbfabe52b4fc12b624ef7ce2cc395,94102bb06803d793,1647789956933,frontend-2,0.173,207,0.181,0.015999999999999986,0.938,-0.008000000000000007,-0.3372500000000006,-0.10545108991386332,,7588464
e9d827651c1e2567406722382415710a,671dbbd0696ef5a7,1647789917484,frontend-2,0.173,207,0.181,0.015999999999999986,0.938,-0.008000000000000007,-0.3372500000000006,-0.10545108991386332,,9112914
acaeb89bf28e123138d025c02db12747,2f32d1ff7ad37cab,1647788509827,frontend-2,57.72,1234,58.5025,1.5610000000000035,53318.439,-0.7824999999999989,-0.3381141896220359,-0.10545108991386332,,9098207
96fdbca17db3ae100011c8c1c51e33bc,dc362ff36943e2fc,1647789475441,frontend-2,57.719,1234,58.5025,1.5610000000000035,53318.439,-0.7834999999999965,-0.33854628443305346,-0.10545108991386332,,3004058
c3069c56ebf32692b599f3e26d54c1ae,d55e6689268cef91,1647789926607,frontend-2,66.267,362,67.275,2.0080000000000027,27147.171,-1.0080000000000098,-0.3385936254980108,-0.10545108991386332,,7588179
333640b50770ac08bbcef854f436fc6b,639775c072560d90,1647789972806,frontend-0,90.619,102,93.9525,6.612499999999997,6746.74,-3.333500000000001,-0.3400296030245749,-0.10545108991386332,,4535597
4b00904d7952a285044faa8ab732ea82,c26336e9669c7eab,1647790136375,frontend-2,57.032,147,58.031,1.9810000000000016,60000.328,-0.9990000000000023,-0.34014411913175213,-0.10545108991386332,,7590370
18b01edfca0a4f8dbfeb29a57a203153,d1440deebaa5cd19,1647789297792,frontend-0,57.714,1234,58.5025,1.5610000000000035,53318.439,-0.7884999999999991,-0.3407067584881474,-0.10545108991386332,,6053221
732f57dcce1a33e75a9d22a5e2031b00,6c1ebfc9910b1830,1647789167289,frontend-0,57.713,1234,58.5025,1.5610000000000035,53318.439,-0.7894999999999968,-0.34113885329916505,-0.10545108991386332,,3000828
34ea6a8c22ba85d1eae3919f89c0cf9a,cff20c43abe70a2e,1647790069668,frontend-2,57.713,1234,58.5025,1.5610000000000035,53318.439,-0.7894999999999968,-0.34113885329916505,-0.10545108991386332,,3010276
60607fb6151f5ddccc8398dd6c4b47b5,dcb8278708932b14,1647789777942,frontend-0,57.711,1234,58.5025,1.5610000000000035,53318.439,-0.7914999999999992,-0.34200304292120326,-0.10545108991386332,,9111487
0d87bf8e020bb9d4eba099fb46bd2db1,3523c8ccf3b423bb,1647789463461,frontend-0,57.023,147,58.031,1.9810000000000016,60000.328,-1.0079999999999956,-0.3432084805653692,-0.10545108991386332,,3003940
56c91d34bd58a93b4e434a34bd3fd2e3,5953ab2869add49f,1647789083556,frontend-2,57.706,1234,58.5025,1.5610000000000035,53318.439,-0.7964999999999947,-0.34416351697629416,-0.10545108991386332,,7579324
6ca008dff93fd5feee58888dd87ea303,2d9629d3f437fa27,1647788894810,frontend-0,11.098,204,11.328,0.4504999999999999,16.977,-0.22999999999999865,-0.34436182019977607,-0.10545108991386332,,9102042
7df37e4c389a452db3e150b1164594bc,08774a661e9b7fc1,1647788632356,frontend-2,57.7,1234,58.5025,1.5610000000000035,53318.439,-0.8024999999999949,-0.3467560858424057,-0.10545108991386332,,4521351
23f5149f195332eaced149214596622c,bbb9cad8c4cde911,1647789814130,frontend-2,29.773,310,30.455,1.3254999999999981,43849.491,-0.6819999999999986,-0.34704564315352676,-0.10545108991386332,,3007630
e77a4fa7420905260481e0324270ea74,8a937910f8f5d40b,1647788817000,frontend-0,11.096,204,11.328,0.4504999999999999,16.977,-0.23199999999999932,-0.3473562708102099,-0.10545108991386332,,7576418
c1f61bc8dfcc3f7f39a0e750567e0c1f,4e9d5e13f22a9d0a,1647790054602,frontend-2,29.771,310,30.455,1.3254999999999981,43849.491,-0.6839999999999975,-0.3480633723123342,-0.10545108991386332,,3010121
2a5d455c28091cd153ba0ffb7f254ee1,3a37afc575e4335a,1647789446051,frontend-2,66.238,362,67.275,2.0080000000000027,27147.171,-1.0370000000000061,-0.34833491035856734,-0.10545108991386332,,3003731
50c46aa28e620f560f9ec51a3dd2f380,a5c00217a6438942,1647788676751,frontend-2,66.237,362,67.275,2.0080000000000027,27147.171,-1.038000000000011,-0.34867081673307093,-0.10545108991386332,,9099858
d622ea226e558335cae6ebcb633b1096,d17dd75464f9c402,1647789232224,frontend-0,66.231,362,67.275,2.0080000000000027,27147.171,-1.0440000000000111,-0.35068625498008293,-0.10642767644036422,,6052536
1bcb39ac532df384289fc75f20bcf715,a4b0a902c90e6697,1647789779324,frontend-2,56.994,147,58.031,1.9810000000000016,60000.328,-1.036999999999999,-0.35308253407369955,-0.10642767644036422,,9111495
0a9a8257d769029f31085c7ec7bb22d8,8a7dea0ef4535a67,1647789896648,frontend-2,56.992,147,58.031,1.9810000000000016,60000.328,-1.0390000000000015,-0.35376350328117134,-0.10642767644036422,,3008447
796183cf375de58a13865efb6ae73887,b2c1295ea4fd9512,1647788954295,frontend-2,57.683,1234,58.5025,1.5610000000000035,53318.439,-0.8194999999999979,-0.3541016976297228,-0.10642767644036422,,4524694
850c543e17d3bf0ca2672486475415aa,e88e51783fc5fe82,1647788844278,frontend-0,57.68,1234,58.5025,1.5610000000000035,53318.439,-0.822499999999998,-0.3553979820627786,-0.10642767644036422,,7576716
c7c5deb05f806ea00805ebaef98f1f9e,c8634f2dbbd40e45,1647788547485,frontend-0,57.679,1234,58.5025,1.5610000000000035,53318.439,-0.8234999999999957,-0.3558300768737962,-0.10642767644036422,,4520502
03c4c7c6a5825f45dae870afad7dcc98,2cdee8cdf5757f28,1647788995653,frontend-2,57.677,1234,58.5025,1.5610000000000035,53318.439,-0.8254999999999981,-0.35669426649583436,-0.10642767644036422,,7578290
d076bebc7228bb09e56eda590521e71d,2dc028f029b1d098,1647789223901,frontend-0,56.979,147,58.031,1.9810000000000016,60000.328,-1.0519999999999996,-0.35818980312973203,-0.10608232743961571,,6052452
1b6739e4f22b5bf382b3d68a7d33f678,6b994db05b5a6872,1647790137932,frontend-2,29.75,310,30.455,1.3254999999999981,43849.491,-0.7049999999999983,-0.35874952847981856,-0.10608232743961571,,7590410
9db0fb476a8d7dfa29305b08c4d8194b,72336a12ac1656d8,1647789433100,frontend-0,57.67,1234,58.5025,1.5610000000000035,53318.439,-0.832499999999996,-0.3597189301729635,-0.10608232743961571,,4529914
9c612aac9b39506079ccc21c40d332d8,5ac42e6965025fc0,1647788839639,frontend-0,57.67,1234,58.5025,1.5610000000000035,53318.439,-0.832499999999996,-0.3597189301729635,-0.10608232743961571,,6048312
ed2393b09baeb1f800efee300e150b63,d367706eeaecaa7a,1647789028973,frontend-2,29.747,310,30.455,1.3254999999999981,43849.491,-0.7079999999999984,-0.3602761222180306,-0.10608232743961571,,4525489
7267a66bd09414dbcbe9dbc5b9510db4,8d1108190d2eef9e,1647789034178,frontend-2,66.195,362,67.275,2.0080000000000027,27147.171,-1.0800000000000125,-0.3627788844621551,-0.10608232743961571,,9103529
3a2fbac9078e7251e7cef46735b58d92,283b7a9a4265fa7c,1647790179466,frontend-0,29.74,310,30.455,1.3254999999999981,43849.491,-0.7149999999999999,-0.36383817427385934,-0.10608232743961571,,3011490
05dd9b0b31d96453ebb968ca04f8fa7f,8561e0c8b52969ad,1647790133944,frontend-0,11.083,204,11.328,0.4504999999999999,16.977,-0.24499999999999922,-0.3668201997780233,-0.10608232743961571,,9115247
949d66406f5b7b656787581830e6ceb5,a675c4f95a4838dc,1647789136258,frontend-2,29.733,310,30.455,1.3254999999999981,43849.491,-0.7219999999999978,-0.3674002263296863,-0.10608232743961571,,7579888
b9750c46fc6334036c4c59876f245294,c2103bae3f1d770a,1647789513065,frontend-0,57.652,1234,58.5025,1.5610000000000035,53318.439,-0.8504999999999967,-0.36749663677129824,-0.10608232743961571,,7583932
71b5916f319b959c09d1a4111b0e025e,0dbfded6f43d9309,1647789634593,frontend-0,57.649,1234,58.5025,1.5610000000000035,53318.439,-0.8534999999999968,-0.36879292120435403,-0.10608232743961571,,7585202
337e6e88b73c06a610320dd0e15b0485,e9ed4b3a5ef54357,1647788440180,frontend-0,90.335,102,93.9525,6.612499999999997,6746.74,-3.617500000000007,-0.3689986767485831,-0.10608232743961571,,7572664
9cef07ba70b379eac6380294e527cd43,ab759023b6bc2f69,1647789026710,frontend-0,66.175,362,67.275,2.0080000000000027,27147.171,-1.1000000000000085,-0.36949701195219364,-0.10629404072863047,,4525479
6fcf9d355a28a3c1870b85032a8e759a,b6a8956bab0112ef,1647788798609,frontend-2,66.171,362,67.275,2.0080000000000027,27147.171,-1.1039999999999992,-0.3708406374501984,-0.10629404072863047,,9101040
b05f861c9703049a6d9464def589371d,3daf972b98133e38,1647789867392,frontend-2,57.643,1234,58.5025,1.5610000000000035,53318.439,-0.859499999999997,-0.37138549007046556,-0.10629404072863047,,4534485
3ea798adbfec9b16f97adce29049c1c2,69cf53112c880f8c,1647789440938,frontend-2,66.168,362,67.275,2.0080000000000027,27147.171,-1.1069999999999993,-0.3718483565737044,-0.10629404072863047,,3003671
483d0f5ce3e16e3ec55d31dfec7621e5,728a2f29273a241c,1647789439213,frontend-0,57.635,1234,58.5025,1.5610000000000035,53318.439,-0.8674999999999997,-0.37484224855861525,-0.10611189920137881,,9107880
647a0d55a4cd08c6d3bea4bd5ad61805,2667a736eadd7dd9,1647789522993,frontend-0,29.718,310,30.455,1.3254999999999981,43849.491,-0.7369999999999983,-0.37503319502074656,-0.10611189920137881,,7584022
2109810df78987cce181a3c1531cbd90,8920bf6c52b9e1d3,1647789185714,frontend-2,57.633,1234,58.5025,1.5610000000000035,53318.439,-0.869499999999995,-0.37570643818065047,-0.10611189920137881,,7580432
fec2c2bb863d9a6b44a41b28b1ae24ab,4e675cee769afd6f,1647788744376,frontend-0,57.633,1234,58.5025,1.5610000000000035,53318.439,-0.869499999999995,-0.37570643818065047,-0.10611189920137881,,9100468
64993a4e1d62c373a9f4de3376f90f96,9db156fd75c590c7,1647788637619,frontend-2,29.716,310,30.455,1.3254999999999981,43849.491,-0.7389999999999972,-0.376050924179554,-0.10611189920137881,,6046224
dd15b2c1a7b1b1a844fdc91d3cbff86e,2b39492fbe48488c,1647789434752,frontend-2,66.155,362,67.275,2.0080000000000027,27147.171,-1.1200000000000045,-0.3762151394422321,-0.10516347500971251,,3003581
c2b698ff85d9872535b84e15aa21af1e,ecd8f24c08e60ff6,1647789733204,frontend-0,66.154,362,67.275,2.0080000000000027,27147.171,-1.1210000000000093,-0.37655104581673565,-0.10516347500971251,,7586193
40b0d049b4716f899cd10fe338003e7f,7a7ae224a82246f4,1647788755081,frontend-2,57.63,1234,58.5025,1.5610000000000035,53318.439,-0.8724999999999952,-0.37700272261370626,-0.10407387140437446,,4522579
bfd1ec8b13c48322983239d6a1b7a602,eeabb7a0a1c49a82,1647788501064,frontend-0,57.63,1234,58.5025,1.5610000000000035,53318.439,-0.8724999999999952,-0.37700272261370626,-0.10407387140437446,,9098117
de88ef10061a789bf23ae30dbe23addb,87bf9268be6cec7a,1647788698021,frontend-0,57.627,1234,58.5025,1.5610000000000035,53318.439,-0.8754999999999953,-0.378299007046762,-0.1026980572318088,,2995856
005bc6e0909302c3faea938ee77db6e5,33cd87b411809e51,1647789087890,frontend-2,66.148,362,67.275,2.0080000000000027,27147.171,-1.1270000000000095,-0.3785664840637477,-0.1026980572318088,,9104152
ccee378620e86ff150eac11b4df8b096,2a037fa2c231aa92,1647789904782,frontend-2,66.146,362,67.275,2.0080000000000027,27147.171,-1.1290000000000049,-0.3792382968127502,-0.10360216151920104,,3008528
0b5502ab26c63394c89ec9d95a0b77cb,3f979323f48d204d,1647789173833,frontend-2,0.172,207,0.181,0.015999999999999986,0.938,-0.009000000000000008,-0.37940625000000067,-0.10360216151920104,,4527131
3ad9e2a18b36a24895e73c5f9f613753,3ee96b08ebdaada5,1647788598847,frontend-0,0.172,207,0.181,0.015999999999999986,0.938,-0.009000000000000008,-0.37940625000000067,-0.10360216151920104,,9099060
7fa9dec2be7578b2d93051eb5d7d7604,922c3e9b6b0fdbfc,1647789504654,frontend-2,0.172,207,0.181,0.015999999999999986,0.938,-0.009000000000000008,-0.37940625000000067,-0.10360216151920104,,9108627
3f8d00464d53dc72b02da80b70364a9d,4f2be45c703d1f08,1647789922517,frontend-2,0.172,207,0.181,0.015999999999999986,0.938,-0.009000000000000008,-0.37940625000000067,-0.10360216151920104,,9112962
2bc5ec69482a693b39e1e6739b59f633,0de18ffdf3ac7ceb,1647790058475,frontend-2,0.172,207,0.181,0.015999999999999986,0.938,-0.009000000000000008,-0.37940625000000067,-0.10360216151920104,,9114474
f88cc5ef5908ffd6da360236f481bcdd,129d507f94153cad,1647789045937,frontend-0,29.705,310,30.455,1.3254999999999981,43849.491,-0.75,-0.3816484345529994,-0.10360216151920104,,6050609
2a9e00e9be19afa8e2c0146042942c7d,e215e45b8fe0a928,1647789786064,frontend-0,57.613,1234,58.5025,1.5610000000000035,53318.439,-0.8894999999999982,-0.38434833440102334,-0.10360216151920104,,7586717
4f99f63eeb0724bcaf02636790ba3ff4,35ff228bdb7007e2,1647788698167,frontend-2,57.606,1234,58.5025,1.5610000000000035,53318.439,-0.8964999999999961,-0.38737299807815245,-0.10277978566685675,,7575222
65704cfad5ff35de495aa7bfd880f278,4501c7102e48fcb1,1647789694745,frontend-0,57.602,1234,58.5025,1.5610000000000035,53318.439,-0.900500000000001,-0.3891013773222289,-0.10277978566685675,,6057463
4ee2f5be242fc3486030aee5ebc118a4,11fb4ee11543b30c,1647789643197,frontend-2,57.602,1234,58.5025,1.5610000000000035,53318.439,-0.900500000000001,-0.3891013773222289,-0.10277978566685675,,7585277
76f6b67d12bfe159feeae1da5df2e46b,280f248ee9902f71,1647788782405,frontend-2,57.598,1234,58.5025,1.5610000000000035,53318.439,-0.9044999999999987,-0.3908297565663022,-0.10251431447626341,,4522846
c0f54c18a41f755e1266f5537d16ee2d,8dbe9eecf19ce57c,1647788663495,frontend-0,57.595,1234,58.5025,1.5610000000000035,53318.439,-0.9074999999999989,-0.392126040999358,-0.10251431447626341,,2995551
47a594a4fafdb07e50779e1daf5f997d,98a2e1fc6a49a5e3,1647790003537,frontend-2,56.876,147,58.031,1.9810000000000016,60000.328,-1.1550000000000011,-0.3932597173144877,-0.10251431447626341,,9113804
230e8ccd4dfcd0c138ef4d2e09b94242,f3546fab99b1d8fd,1647789072039,frontend-0,57.589,1234,58.5025,1.5610000000000035,53318.439,-0.9134999999999991,-0.3947186098654695,-0.1036565146069996,,4525993
9b95c49870272588fcd5367cde77a24c,4ce567efd3ce7f7e,1647788805585,frontend-2,57.588,1234,58.5025,1.5610000000000035,53318.439,-0.9144999999999968,-0.39515070467648716,-0.1036565146069996,,2996929
6bf36bd0369ec467d07ea36685f33011,698e2b59bf4d3caa,1647789257641,frontend-2,29.676,310,30.455,1.3254999999999981,43849.491,-0.7789999999999999,-0.39640550735571534,-0.10428769186105313,,6052821
028f1c14cb1ebed1441a99993c2a4711,9262ae8dc2bf3b25,1647788884567,frontend-2,57.585,1234,58.5025,1.5610000000000035,53318.439,-0.9174999999999969,-0.3964469891095429,-0.10428769186105313,,2997796
67203203cfbf59521127ec0496175383,10a3763c0921f03d,1647788890638,frontend-2,56.865,147,58.031,1.9810000000000016,60000.328,-1.1659999999999968,-0.39700504795557656,-0.10428769186105313,,7577160
660090156c631e465e22b2a9c97b69cb,cb9a15302cdca06e,1647789803449,frontend-0,90.054,102,93.9525,6.612499999999997,6746.74,-3.8984999999999985,-0.3976617391304348,-0.10428769186105313,,6058569
55a7a165da9e6d513c6a069df5bc5ace,57491900f7da8281,1647789376488,frontend-0,66.091,362,67.275,2.0080000000000027,27147.171,-1.1840000000000117,-0.39771314741036196,-0.10428769186105313,,9107183
5933123bf1bc9721c86af8e639f0c145,ca2f919c9dfa4a68,1647789353591,frontend-2,57.58,1234,58.5025,1.5610000000000035,53318.439,-0.9224999999999994,-0.3986074631646369,-0.10428769186105313,,7582129
018cfb7483f350d777b564ce2c492940,5f8ee9318dd8bed3,1647789560272,frontend-2,57.578,1234,58.5025,1.5610000000000035,53318.439,-0.9244999999999948,-0.39947165278667207,-0.10428769186105313,,7584377
9ea09bcb9ccda2d6e16200766770fb75,97737b0e9865951b,1647789142034,frontend-0,66.085,362,67.275,2.0080000000000027,27147.171,-1.190000000000012,-0.39972858565737396,-0.10428769186105313,,6051597
4d89f756101f1398504a700b54996ef6,667bad75494b6920,1647790103465,frontend-2,11.061,204,11.328,0.4504999999999999,16.977,-0.26699999999999946,-0.39975915649278504,-0.10428769186105313,,4537042
0f7d00cd414a8e1afca51cfb5f9a9fb4,5792b4b3be84f6a6,1647789400680,frontend-0,29.669,310,30.455,1.3254999999999981,43849.491,-0.7859999999999978,-0.3999675594115423,-0.10428769186105313,,6054312
34004af3d25f1ace5a22d5153bfb3992,ac5f50e634fea01c,1647789779725,frontend-2,57.576,1234,58.5025,1.5610000000000035,53318.439,-0.9264999999999972,-0.40033584240871023,-0.10428769186105313,,9111506
f773ee8ef0414b24809ecdb1ee0c8b18,7b626cf96aaaafa8,1647788589885,frontend-2,57.572,1234,58.5025,1.5610000000000035,53318.439,-0.930499999999995,-0.4020642216527836,-0.10336925588037449,,2994772
6fdf0c5a6090a00f130070bb86f336f2,93b63aceb873688f,1647789908893,frontend-2,57.572,1234,58.5025,1.5610000000000035,53318.439,-0.930499999999995,-0.4020642216527836,-0.10336925588037449,,9112820
6f78e7fffe1da3bdb27996e42e3df9e2,c6f0bc8659329f1e,1647789733770,frontend-2,57.568,1234,58.5025,1.5610000000000035,53318.439,-0.9344999999999999,-0.40379260089686003,-0.10336925588037449,,3006828
6ddd561a8109f9006bec38bb704a955a,3e9f88b6346495ff,1647788694963,frontend-0,57.568,1234,58.5025,1.5610000000000035,53318.439,-0.9344999999999999,-0.40379260089686003,-0.10336925588037449,,9100047
29d55050ea7856c5bdeef39416890092,3939726a388565e4,1647790078341,frontend-0,57.566,1234,58.5025,1.5610000000000035,53318.439,-0.9364999999999952,-0.40465679051889514,-0.10336925588037449,,3010409
a2a412e2e27dc92c71752c5f0e3d98c3,5aa73ac7e3e56a3f,1647788614741,frontend-2,57.564,1234,58.5025,1.5610000000000035,53318.439,-0.9384999999999977,-0.4055209801409334,-0.10336925588037449,,4521175
f26be4449a53fc25bed7db234a69b4af,becc8689204cdb10,1647789934858,frontend-0,29.658,310,30.455,1.3254999999999981,43849.491,-0.796999999999997,-0.40556506978498585,-0.10336925588037449,,3008829
60683aae603472e0ec9d7cc0a779e6ff,610bdc2e84d10ea2,1647789365430,frontend-0,29.654,310,30.455,1.3254999999999981,43849.491,-0.8009999999999984,-0.4076005281026025,-0.10336925588037449,,7582254
f0ce435d80897c753e0baff9ba8a8dbc,d600b1d1b4f3602a,1647789606177,frontend-0,57.559,1234,58.5025,1.5610000000000035,53318.439,-0.9435000000000002,-0.40768145419602736,-0.10336925588037449,,6056541
4d80164c00107a9841ad8ab399768d62,92370360073138c0,1647789133209,frontend-2,57.558,1234,58.5025,1.5610000000000035,53318.439,-0.9444999999999979,-0.40811354900704494,-0.10336925588037449,,7579859
df5ec29031f0b1d7920823a43874ce0e,bbe029606038b9a4,1647788514733,frontend-0,57.55,1234,58.5025,1.5610000000000035,53318.439,-0.9525000000000006,-0.41157030749519474,-0.10305169253070412,,9098269
adf242122f6d7ba5208fb94ad0564a63,361fae876fb45562,1647789362972,frontend-2,29.645,310,30.455,1.3254999999999981,43849.491,-0.8099999999999987,-0.41218030931723865,-0.10305169253070412,,6053903
84371ee440901365c3f9e7dbc6bb76cf,5a4859f71d92f31e,1647790006809,frontend-2,57.548,1234,58.5025,1.5610000000000035,53318.439,-0.9544999999999959,-0.41243449711722985,-0.10305169253070412,,4535994
a3071a63f05168d8e72b96af9afbcdb4,c0dde93da19df973,1647788420302,frontend-0,66.035,362,67.275,2.0080000000000027,27147.171,-1.240000000000009,-0.4165239043824726,-0.10305169253070412,,4519161
d13f47174f58f1fc8a992eac8e76a2ae,b0c4653e11ce834f,1647790002891,frontend-2,57.538,1234,58.5025,1.5610000000000035,53318.439,-0.964500000000001,-0.4167554452274178,-0.10305169253070412,,7588912
035e6801b1d4f50dc11c56537625855c,b70a0e5e85490614,1647788739774,frontend-2,89.857,102,93.9525,6.612499999999997,6746.74,-4.095500000000001,-0.41775648393194736,-0.10305169253070412,,9100416
5fefec60503991eccc5490c8a0d7f9b7,0075ed4201487933,1647789664633,frontend-0,57.535,1234,58.5025,1.5610000000000035,53318.439,-0.9675000000000011,-0.4180517296604736,-0.1027549914652719,,3006058
54dd86838b44bad6765d5e4600ebc156,e847714b5acaa05f,1647788745225,frontend-0,57.532,1234,58.5025,1.5610000000000035,53318.439,-0.9705000000000013,-0.4193480140935294,-0.10256573251186774,,2996264
44a15a6ed6398da025e81f6260452bf7,54fcdec5d2a6a411,1647790019145,frontend-2,56.798,147,58.031,1.9810000000000016,60000.328,-1.232999999999997,-0.41981751640585424,-0.10256573251186774,,4536118
827f18a67537f7f3da1b286920ada62a,b952bf901cf57f00,1647789922213,frontend-0,57.53,1234,58.5025,1.5610000000000035,53318.439,-0.9724999999999966,-0.4202122037155645,-0.10256573251186774,,6059755
55ca7e19c9c8557966ca1dc46003caf2,b6a0477c7e9c11e1,1647789037004,frontend-2,0.171,207,0.181,0.015999999999999986,0.938,-0.009999999999999981,-0.42156249999999956,-0.10304815308662651,,4525570
8d5eb36a6cd1c23029057f380192f174,4d6724238b2054eb,1647788656263,frontend-2,0.171,207,0.181,0.015999999999999986,0.938,-0.009999999999999981,-0.42156249999999956,-0.10304815308662651,,6046439
0caf6bf49e66ef0a414e7864a307d002,f89df3503e8f351e,1647788807428,frontend-2,0.171,207,0.181,0.015999999999999986,0.938,-0.009999999999999981,-0.42156249999999956,-0.10304815308662651,,9101118
4f8f71fcd065a0ca2d1ab8f97d44b130,dde36cd7bc90baa0,1647789948414,frontend-2,0.171,207,0.181,0.015999999999999986,0.938,-0.009999999999999981,-0.42156249999999956,-0.10304815308662651,,9113227
1fd20f43b774e2fbce95ef68e6f74b89,c009c422d52c02e8,1647789698062,frontend-0,66.019,362,67.275,2.0080000000000027,27147.171,-1.2560000000000002,-0.4218984063745015,-0.10304815308662651,,3006451
f7e564dfd94aae550db97ca68caa253d,af8c5a143170c2bb,1647788772684,frontend-0,57.526,1234,58.5025,1.5610000000000035,53318.439,-0.9764999999999944,-0.4219405829596379,-0.10304815308662651,,2996568
f83164dfdf39ac29a8c7b6646d7dda7a,4146e81f3a7fd09c,1647790088844,frontend-2,57.522,1234,58.5025,1.5610000000000035,53318.439,-0.9804999999999993,-0.4236689622037143,-0.1030941831423352,,3010497
7f540f19b9c8aa79ff14bef4674a01d5,7b0780e4f2138dd9,1647788616022,frontend-0,57.522,1234,58.5025,1.5610000000000035,53318.439,-0.9804999999999993,-0.4236689622037143,-0.1030941831423352,,6046009
b6f00b8f797d220a7c3c056d98c29645,d2d58f03ef98a769,1647789657439,frontend-2,57.522,1234,58.5025,1.5610000000000035,53318.439,-0.9804999999999993,-0.4236689622037143,-0.1030941831423352,,9110234
267e004c613c2bdf02ccf74782c1a6ff,cb196f2043eef4f6,1647789907449,frontend-0,11.044,204,11.328,0.4504999999999999,16.977,-0.2839999999999989,-0.4252119866814635,-0.1030941831423352,,3008563
9a62b415961052dd93e7899f32b09e26,4bb80df5df2a6a1c,1647788528104,frontend-0,57.517,1234,58.5025,1.5610000000000035,53318.439,-0.9854999999999947,-0.4258294362588052,-0.1030941831423352,,9098385
4ba69d971c163692da8cf939b856f12d,09d5bde49e3e90e5,1647789126194,frontend-2,66.007,362,67.275,2.0080000000000027,27147.171,-1.2680000000000007,-0.42592928286852555,-0.1030941831423352,,3000328
4ab128ed7fce244c03d7d195082ab58b,5b26140bce9ada15,1647788650444,frontend-0,11.043,204,11.328,0.4504999999999999,16.977,-0.28500000000000014,-0.42670921198668177,-0.1030941831423352,,2995402
c51e24d656729f2ce13f68dbd4d9737e,66e232e14426bc46,1647788505820,frontend-2,89.764,102,93.9525,6.612499999999997,6746.74,-4.188500000000005,-0.42724283553875303,-0.1030941831423352,,6044876
560e362a52c9f242384a6aac593ee884,5f301bb56ef4252c,1647788862270,frontend-2,57.513,1234,58.5025,1.5610000000000035,53318.439,-0.9894999999999996,-0.42755781550288163,-0.1030941831423352,,9101723
a70f9c350c4e37856665158e7ede0bcb,7e2abe0fac03a3b6,1647788993287,frontend-2,57.511,1234,58.5025,1.5610000000000035,53318.439,-0.9914999999999949,-0.42842200512491674,-0.1030941831423352,,4525091
239f5d60635f7c5bf12b7b57bd528de0,8dbb71384f7d4dc9,1647789366461,frontend-0,57.504,1234,58.5025,1.5610000000000035,53318.439,-0.9984999999999999,-0.43144666880204896,-0.1030941831423352,,7582268
a53d38eeaf888d1e42ed0ef7c68cc089,a77a156ed08228ee,1647789126591,frontend-0,65.989,362,67.275,2.0080000000000027,27147.171,-1.2860000000000014,-0.4319755976095616,-0.1030941831423352,,3000340
1fbd3981f04c7731a8e2f7a91f07c2a5,4e3953cc64b2e4bd,1647788487947,frontend-0,57.502,1234,58.5025,1.5610000000000035,53318.439,-1.0004999999999953,-0.4323108584240841,-0.1030941831423352,,9097965
2a1c2f21684b703e877081fbeb90cef9,6dc68bb56c4130e8,1647789644421,frontend-2,65.987,362,67.275,2.0080000000000027,27147.171,-1.288000000000011,-0.4326474103585688,-0.1030941831423352,,9110080
8767c70c7fcf30bcd5c7434b595246d6,276e72360585deaf,1647790191701,frontend-0,57.501,1234,58.5025,1.5610000000000035,53318.439,-1.0015,-0.43274295323510475,-0.1030941831423352,,7590967
e41617c7f196820c5173cdc6c910030d,204d3d565ef015b2,1647788637105,frontend-2,89.696,102,93.9525,6.612499999999997,6746.74,-4.256500000000003,-0.4341790926275997,-0.1030941831423352,,9099441
92de4528d514bb3af5858fc0257ac880,04a3f489dd25abfa,1647789641652,frontend-0,57.496,1234,58.5025,1.5610000000000035,53318.439,-1.0064999999999955,-0.43490342729019565,-0.1030941831423352,,4532129
7b8ae4ab440999527e3aed6fd636ab3b,9aae7200c2d3231c,1647788669596,frontend-0,57.49,1234,58.5025,1.5610000000000035,53318.439,-1.0124999999999957,-0.43749599615630724,-0.1030941831423352,,2995593
a24f780ea74f49a66379062652852d07,402cafae511b08e2,1647789937794,frontend-0,65.972,362,67.275,2.0080000000000027,27147.171,-1.3030000000000115,-0.4376860059760989,-0.1030941831423352,,9113120
380978a479851d73c5630ca44edffaaa,af95662c7a06a917,1647789819603,frontend-0,29.594,310,30.455,1.3254999999999981,43849.491,-0.8609999999999971,-0.4381324028668418,-0.1030941831423352,,3007693
c22ac359dcf0ce84b6d3e6c377ea674b,9e46356455bb908d,1647788638256,frontend-0,57.488,1234,58.5025,1.5610000000000035,53318.439,-1.0144999999999982,-0.43836018577834546,-0.1030941831423352,,7574663
d194e55f95c4e08afca9c8a9796cbcd1,b9ce4a6cbd59e147,1647788684480,frontend-2,57.476,1234,58.5025,1.5610000000000035,53318.439,-1.0264999999999986,-0.4435453235105686,-0.10003602830949887,,2995727
230772419f3cac427a8ace1726c3c9dc,77f59106ef7d47ac,1647790087464,frontend-0,57.474,1234,58.5025,1.5610000000000035,53318.439,-1.028500000000001,-0.44440951313260674,-0.10003602830949887,,6061561
3bb8cdad2450e4a657e980bc50d7fbf2,c1e8dcef15d24df1,1647788801873,frontend-0,56.724,147,58.031,1.9810000000000016,60000.328,-1.3070000000000022,-0.445013377082282,-0.10003602830949887,,9101073
ad4047f66a7ed418abc5f0ab5ed956d6,30326e625a186b1e,1647789667786,frontend-2,29.58,310,30.455,1.3254999999999981,43849.491,-0.875,-0.4452565069784993,-0.10003602830949887,,4532404
405724c88c3f99af5fbdc7738de459a4,ae36709792e281aa,1647788669329,frontend-2,65.947,362,67.275,2.0080000000000027,27147.171,-1.328000000000003,-0.4460836653386458,-0.10003602830949887,,7574948
8229ea4452f393f1e22d522494158d9a,ce514b22ebf58ce2,1647789519979,frontend-2,57.467,1234,58.5025,1.5610000000000035,53318.439,-1.035499999999999,-0.4474341768097359,-0.10003602830949887,,6055636
eddd56f3501a33c56352c18ac390bcb8,9e4b323c9b11e600,1647788469398,frontend-2,11.029,204,11.328,0.4504999999999999,16.977,-0.2989999999999995,-0.44767036625971074,-0.09978975636758097,,7572944
ed00e44e784f927008c3ba8bc17cf893,84c68d39cff0c974,1647790022343,frontend-0,57.466,1234,58.5025,1.5610000000000035,53318.439,-1.0364999999999966,-0.4478662716207535,-0.09978975636758097,,9114030
99ade64eef65ffb53e4687660d320217,74e16bd97888a1e0,1647788852285,frontend-0,89.546,102,93.9525,6.612499999999997,6746.74,-4.406499999999994,-0.44947965973534926,-0.09978975636758097,,9101634
e97cc5302635470c2fe418ec11921a4e,4bf9d3a598324796,1647789676748,frontend-0,57.462,1234,58.5025,1.5610000000000035,53318.439,-1.0404999999999944,-0.44959465086482686,-0.09978975636758097,,6057233
fbd97f5082a8cd12a65d9af47fd02132,c6f1b1e4d76a4a32,1647789685159,frontend-2,11.027,204,11.328,0.4504999999999999,16.977,-0.30100000000000016,-0.45066481687014465,-0.0998458915155962,,7585713
4d8bb423ba4c53074046e8d44eda99a4,1012803daeb3fb82,1647789714588,frontend-2,29.568,310,30.455,1.3254999999999981,43849.491,-0.8869999999999969,-0.4513628819313457,-0.0998458915155962,,6057684
4562e0cefb536bf4ad42bb08adf5599a,325132cb92c873ad,1647789615101,frontend-0,89.515,102,93.9525,6.612499999999997,6746.74,-4.4375,-0.4526417769376183,-0.0998458915155962,,7585014
21193f2702702eb49f9e734638a64156,48b1f30c0b018db4,1647789855730,frontend-2,57.453,1234,58.5025,1.5610000000000035,53318.439,-1.0494999999999948,-0.4534835041639942,-0.0998458915155962,,3008054
edcde633d74b9107c281216f1df418c5,8572f88f5cee6003,1647789527108,frontend-2,57.452,1234,58.5025,1.5610000000000035,53318.439,-1.0504999999999995,-0.4539155989750148,-0.0998458915155962,,6055697
7a2fcc1cc843a3033eb71d7acdf8280c,21a076a80d1878b0,1647789436122,frontend-0,56.696,147,58.031,1.9810000000000016,60000.328,-1.3350000000000009,-0.45454694598687523,-0.10048441386486623,,3003598
ba4677ab21d1fa14855fdede2cd0ce2a,a7395f0b6e74a7d0,1647788743865,frontend-2,29.56,310,30.455,1.3254999999999981,43849.491,-0.8949999999999996,-0.4554337985665791,-0.10048441386486623,,9100460
ecc5c2cfde559a735ab3a8341e31c094,c37dacd80836c70f,1647789486666,frontend-0,65.918,362,67.275,2.0080000000000027,27147.171,-1.3569999999999993,-0.45582495019920233,-0.10018282670044742,,3004166
4a8b7b8c4325617c644722fe9213684e,d81ef3aedd0aa749,1647789816571,frontend-0,29.558,310,30.455,1.3254999999999981,43849.491,-0.8969999999999985,-0.4564515277253865,-0.10018282670044742,,4534018
3a163439efb7c9ef9569f698c10e89e2,e496bf40a17ef376,1647789561412,frontend-2,89.462,102,93.9525,6.612499999999997,6746.74,-4.490499999999997,-0.4580479773156899,-0.10018282670044742,,3004934
483ab84c67155f10a1c32655011c1a6f,193faf4809ffdc29,1647788777580,frontend-0,57.441,1234,58.5025,1.5610000000000035,53318.439,-1.0614999999999952,-0.45866864189621726,-0.10018282670044742,,6047591
48917ee3450f5627a557aff61a7236ec,0eb32ca5306ba7a3,1647789578633,frontend-2,29.55,310,30.455,1.3254999999999981,43849.491,-0.9049999999999976,-0.460522444360618,-0.10018282670044742,,9109386
f6aaad97af7d6a78f46fad4075762184,5181825a9c25287e,1647789239923,frontend-0,65.899,362,67.275,2.0080000000000027,27147.171,-1.3760000000000048,-0.462207171314742,-0.10018282670044742,,6052614
ca661839a6c093416f2fc22a143b5114,a514b86531f35700,1647790170517,frontend-0,57.432,1234,58.5025,1.5610000000000035,53318.439,-1.0704999999999956,-0.4625574951953846,-0.10018282670044742,,3011387
86ebfe059cbf37530712d16cd300b911,a32f034b048344e8,1647788836761,frontend-2,57.431,1234,58.5025,1.5610000000000035,53318.439,-1.0715000000000003,-0.4629895900064052,-0.10018282670044742,,4523448
0e0ff278c7ecab57358f4f531dbd78b7,5c7dc24e97fb45f7,1647788993010,frontend-0,57.431,1234,58.5025,1.5610000000000035,53318.439,-1.0715000000000003,-0.4629895900064052,-0.10018282670044742,,6049932
0fa62239cbeb5756a66805ba887550db,f8cfed5ce737b2a1,1647789148323,frontend-2,0.17,207,0.181,0.015999999999999986,0.938,-0.010999999999999982,-0.4637187499999996,-0.10018282670044742,,4526807
84d1cdafcec2c7f44910dd2741628ec8,60e2d422112a0863,1647789566534,frontend-2,0.17,207,0.181,0.015999999999999986,0.938,-0.010999999999999982,-0.4637187499999996,-0.10018282670044742,,6056079
c10e56ec82c43aa72f6496f17badae92,f9ab0e2ed292f4f5,1647788917548,frontend-2,89.388,102,93.9525,6.612499999999997,6746.74,-4.564499999999995,-0.4655962570888466,-0.10018282670044742,,7577480
041019ce3ec03ec01b185c29a3caf578,654f727b08b860c5,1647788850094,frontend-2,57.423,1234,58.5025,1.5610000000000035,53318.439,-1.079499999999996,-0.46644634849455197,-0.10018282670044742,,6048421
b281f461c28875bbe680aae90f031eac,56ef548cda9743fa,1647789026040,frontend-2,65.886,362,67.275,2.0080000000000027,27147.171,-1.38900000000001,-0.4665739541832697,-0.10018282670044742,,4525467
3d5eb00e6b29b00cf5ff5a2db1b5ef58,9f6eef105623f5c2,1647790117268,frontend-2,57.422,1234,58.5025,1.5610000000000035,53318.439,-1.0805000000000007,-0.46687844330557254,-0.10018282670044742,,6061859
1810fca38c806117a58d6645da9613a6,47f21651e7ec88da,1647789718186,frontend-2,57.421,1234,58.5025,1.5610000000000035,53318.439,-1.0814999999999984,-0.4673105381165902,-0.10037420319631668,,4533019
3df572f607dd4e6414ffd4b2cc10b88d,06dc664ad43291d1,1647789138724,frontend-0,89.368,102,93.9525,6.612499999999997,6746.74,-4.584500000000006,-0.46763633270321436,-0.10037420319631668,,6051556
561eb959e32683a4824c17545c72f274,669bac2ae52f42b0,1647789376070,frontend-2,57.42,1234,58.5025,1.5610000000000035,53318.439,-1.082499999999996,-0.46774263292760776,-0.10037420319631668,,6054083
bdfceeff813002c4c6652f10d5968031,aa1f24b9b2ddc333,1647789011907,frontend-2,56.656,147,58.031,1.9810000000000016,60000.328,-1.375,-0.46816633013629444,-0.10037420319631668,,4525303
33e7fe577ba30e9d573ea03d71938ba4,afa6d5412dfb807b,1647789680114,frontend-0,65.876,362,67.275,2.0080000000000027,27147.171,-1.399000000000001,-0.4699330179282865,-0.10037420319631668,,9110477
06e04d73608c063becdbc1ea64abce98,7f1b7b8776e5420d,1647789898210,frontend-2,57.413,1234,58.5025,1.5610000000000035,53318.439,-1.089500000000001,-0.4707672966047399,-0.10037420319631668,,4534804
1e1b24fed0cd76d4c2daa1aef084e645,3aa313dade6f0783,1647789903342,frontend-2,56.639,147,58.031,1.9810000000000016,60000.328,-1.391999999999996,-0.47395456839979627,-0.10075796666903603,,7587911
8f0ac09ca119e605cecf7f1645b36545,26ad495a6d5827c2,1647788848698,frontend-0,57.403,1234,58.5025,1.5610000000000035,53318.439,-1.099499999999999,-0.4750882447149249,-0.10075796666903603,,9101607
00481a11c1310ce5c6e1b9c38bad76b3,822ffcf578e9b4a8,1647789790710,frontend-0,57.402,1234,58.5025,1.5610000000000035,53318.439,-1.1004999999999967,-0.4755203395259424,-0.10075796666903603,,4533749
80ec9734e9968be004d871e431e9f9e6,7c1698f70e418527,1647788674615,frontend-0,11.01,204,11.328,0.4504999999999999,16.977,-0.3179999999999996,-0.47611764705882303,-0.10075796666903603,,9099829
120fcea120fd56b63694a3abb66f1b6a,fd6636f1084db190,1647790051127,frontend-0,29.519,310,30.455,1.3254999999999981,43849.491,-0.9359999999999999,-0.47629724632214326,-0.10075796666903603,,3010077
1668f88857dd38cf4a0b2fabc649d23b,268761c413f8dd93,1647789996537,frontend-0,11.009,204,11.328,0.4504999999999999,16.977,-0.31899999999999906,-0.47761487236403866,-0.10075796666903603,,9113722
f0feb9339fdfaf8203d742f95e010e0f,4e72710f4b167ac6,1647789560567,frontend-2,29.516,310,30.455,1.3254999999999981,43849.491,-0.9390000000000001,-0.47782384006035533,-0.10075796666903603,,6056028
ec487b42aa02f73aaa4eb79e65a6622a,5d27901a717b0dc7,1647788618800,frontend-2,57.396,1234,58.5025,1.5610000000000035,53318.439,-1.106499999999997,-0.47811290839205395,-0.10075796666903603,,7574471
062cf59af4dd10c26185cd3331dff744,a71ad6d5406c0435,1647789514817,frontend-2,57.393,1234,58.5025,1.5610000000000035,53318.439,-1.109499999999997,-0.4794091928251098,-0.10100812192170772,,4530833
e8bdedced747fe313f7d4ce4bc092f97,11821d8b72fc9288,1647789621473,frontend-0,57.392,1234,58.5025,1.5610000000000035,53318.439,-1.1104999999999947,-0.4798412876361273,-0.10100812192170772,,9109892
3db270ca8a144b9150e681de6e2f77e6,3eef15c391820766,1647789498802,frontend-0,89.243,102,93.9525,6.612499999999997,6746.74,-4.709500000000006,-0.4803868052930064,-0.10100812192170772,,3004327
26ea94a341e7e8e57752f6e74c614013,657ddda697a0b5d1,1647790071727,frontend-2,57.389,1234,58.5025,1.5610000000000035,53318.439,-1.1134999999999948,-0.48113757206918306,-0.10161892929913674,,6061383
ed0f846a6583d5cd10a91382d6e1211f,9b20a028c260ea26,1647789886087,frontend-2,65.841,362,67.275,2.0080000000000027,27147.171,-1.4340000000000117,-0.4816897410358599,-0.10161892929913674,,4534684
39858ecbda392093c23148bf691a178e,ff61c14019faf70b,1647790187498,frontend-0,29.507,310,30.455,1.3254999999999981,43849.491,-0.9479999999999968,-0.4824036212749896,-0.10161892929913674,,3011569
0b2c23a8093c37f118e4eb5958f5a935,67e2571b1e5cf62d,1647788999860,frontend-2,57.384,1234,58.5025,1.5610000000000035,53318.439,-1.1184999999999974,-0.4832980461242771,-0.10161892929913674,,6050026
b9ef48f49d82dc25d73e5c7260978876,b9333989a327fd9b,1647788585993,frontend-2,57.384,1234,58.5025,1.5610000000000035,53318.439,-1.1184999999999974,-0.4832980461242771,-0.10161892929913674,,7574150
ede23b71dcfa998eec1dc48b1adaad03,5282ca39839a35c0,1647790099524,frontend-0,57.382,1234,58.5025,1.5610000000000035,53318.439,-1.1204999999999998,-0.4841622357463153,-0.09982307300615084,,3010594
b02cbe2d3568ba0ab6244cb460bc8d26,f1d96724a3aca0ab,1647789272362,frontend-0,57.382,1234,58.5025,1.5610000000000035,53318.439,-1.1204999999999998,-0.4841622357463153,-0.09982307300615084,,6052960
b74d298ebf6a384f6ba1d9f8c411fe86,62e5f3525ccbc0d0,1647789067921,frontend-0,29.502,310,30.455,1.3254999999999981,43849.491,-0.9529999999999994,-0.4849479441720109,-0.09982307300615084,,4525949
d171fc6b26ad919f54770c4f720b47e6,38ef0b41b7d29439,1647789792978,frontend-2,11.004,204,11.328,0.4504999999999999,16.977,-0.32399999999999984,-0.485100998890122,-0.09982307300615084,,4533760
5061503daf39ab98423628624eeabd75,c70e652d4c1f0add,1647789167537,frontend-2,57.376,1234,58.5025,1.5610000000000035,53318.439,-1.1265,-0.4867548046124268,-0.10051188520137655,,6051911
fa31c8fb45e6186d8108b15559050f88,c5428a0fb0268313,1647789430740,frontend-2,57.376,1234,58.5025,1.5610000000000035,53318.439,-1.1265,-0.4867548046124268,-0.10051188520137655,,6054615
a0f6c52b4306154c3a583511ca5fd58c,f7cc5014fca66421,1647788895342,frontend-2,65.818,362,67.275,2.0080000000000027,27147.171,-1.4570000000000078,-0.4894155876494044,-0.10051188520137655,,2997910
a1ac1e6bc90cccaf2a586645eda8c74f,392fe859b257eeb9,1647789356796,frontend-2,57.369,1234,58.5025,1.5610000000000035,53318.439,-1.133499999999998,-0.489779468289556,-0.10051188520137655,,7582177
47722e8c0a946b9600a3b95d839987d6,7cc5871e556ef0a9,1647789454143,frontend-2,89.149,102,93.9525,6.612499999999997,6746.74,-4.8035,-0.4899751606805295,-0.10008630458650802,,4530173
9fff6c4bc07e1323144125bee2f0bba1,16a83b2a6a052f48,1647788757190,frontend-2,65.816,362,67.275,2.0080000000000027,27147.171,-1.4590000000000032,-0.49008740039840676,-0.10008630458650802,,6047401
3ee76ddf0be4d410c0bca715d79f115a,83cc0a2b74730bae,1647790015284,frontend-0,57.364,1234,58.5025,1.5610000000000035,53318.439,-1.1385000000000005,-0.49193994234465,-0.10008630458650802,,4536067
2b5c937b37d85cbb154b9fdd71c62202,a672e36bf652fd91,1647789311971,frontend-0,57.364,1234,58.5025,1.5610000000000035,53318.439,-1.1385000000000005,-0.49193994234465,-0.10008630458650802,,6053335
4d7a8c51763e8732ebb9911e0bb6d0da,f847030fceeeba31,1647789859333,frontend-2,57.364,1234,58.5025,1.5610000000000035,53318.439,-1.1385000000000005,-0.49193994234465,-0.10008630458650802,,7587466
3d4db41c2d072f95d85100a68c5ee845,808f46a7691a765c,1647789133897,frontend-0,65.806,362,67.275,2.0080000000000027,27147.171,-1.4690000000000083,-0.4934464641434284,-0.10008630458650802,,4526619
74dd2f99cbb56529dafb97a7fdefb5d7,14256c98fd122e7d,1647790001262,frontend-2,57.359,1234,58.5025,1.5610000000000035,53318.439,-1.143499999999996,-0.4941004163997409,-0.10008630458650802,,3009504
fbf64375d04d3a5f0519ae2dd0010cb0,6fb1eeb90c3bc28f,1647789975898,frontend-0,29.484,310,30.455,1.3254999999999981,43849.491,-0.9709999999999965,-0.4941075066012815,-0.10008630458650802,,7588651
20c6946888b0b95c3e013ae254739593,5f32e1241a3025cb,1647790165978,frontend-2,57.356,1234,58.5025,1.5610000000000035,53318.439,-1.146499999999996,-0.49539670083279663,-0.10008630458650802,,6062433
b987e4d31ed0e314828cd30eb37a2276,20a47f3b63ac770a,1647788852337,frontend-0,57.353,1234,58.5025,1.5610000000000035,53318.439,-1.1494999999999962,-0.4966929852658524,-0.10008630458650802,,6048442
6a35f4ed85048fe262c7b75ab389a6a7,4ab1a6f1e96cba68,1647789590845,frontend-2,57.353,1234,58.5025,1.5610000000000035,53318.439,-1.1494999999999962,-0.4966929852658524,-0.10008630458650802,,9109531
3387ecd2a55f2884d1f158e817e83bef,126bf036e0542f20,1647789995342,frontend-2,10.996,204,11.328,0.4504999999999999,16.977,-0.33199999999999896,-0.49707880133185206,-0.10008630458650802,,6060498
aaea5a0a7fadaeaef2326a3fd7a637e4,f0434339b69e5840,1647788784639,frontend-0,57.349,1234,58.5025,1.5610000000000035,53318.439,-1.153500000000001,-0.49842136450992885,-0.09985008902739029,,2996709
1e16d930f994bf86ccd4cfa44a112f05,7bfcf8af9a4b8106,1647789016643,frontend-0,65.79,362,67.275,2.0080000000000027,27147.171,-1.4849999999999994,-0.49882096613545734,-0.09985008902739029,,4525366
720551621694f23e5d3889f43c81e3b2,beef19642863fc76,1647788925707,frontend-2,29.468,310,30.455,1.3254999999999981,43849.491,-0.9869999999999983,-0.5022493398717464,-0.09959974916431141,,7577572
be07d0ea72249669aa8047f7ec1741f3,5730386d6d80b993,1647788776521,frontend-0,57.339,1234,58.5025,1.5610000000000035,53318.439,-1.163499999999999,-0.5027423126201138,-0.09959974916431141,,4522777
0ca8a2b5987c73c447a4a0e10c71e8a2,116a4d07ffff6e8d,1647788654750,frontend-2,57.339,1234,58.5025,1.5610000000000035,53318.439,-1.163499999999999,-0.5027423126201138,-0.09959974916431141,,6046434
f97b8f26665855f75a7747d9c8547dc8,652f825d201a474d,1647789100442,frontend-0,57.339,1234,58.5025,1.5610000000000035,53318.439,-1.163499999999999,-0.5027423126201138,-0.09959974916431141,,6051107
4e089a7f0b110f487388faab2f20ff61,86cfdc9c68dfbbb6,1647789693028,frontend-2,57.338,1234,58.5025,1.5610000000000035,53318.439,-1.1644999999999968,-0.5031744074311314,-0.09959974916431141,,9110626
3891bd1ff2df2bce9e4cbb20306d3dfe,cf7df704fc5fc01b,1647789538024,frontend-2,57.336,1234,58.5025,1.5610000000000035,53318.439,-1.1664999999999992,-0.5040385970531696,-0.09959974916431141,,3004662
823e3746d53ebbd9e7c7a779b3d0b887,5291b55a73cbdde6,1647789477500,frontend-2,57.335,1234,58.5025,1.5610000000000035,53318.439,-1.1674999999999969,-0.5044706918641871,-0.09959974916431141,,3004066
edf40f117b3c3dbe7fad3b1ec8ec9eb1,4bdae314c0a3430d,1647790125816,frontend-0,10.991,204,11.328,0.4504999999999999,16.977,-0.33699999999999974,-0.5045649278579354,-0.09959974916431141,,4537307
9f379af75341bdf0ea161fe1cdc83ed0,909c5ec3c62023f3,1647788796553,frontend-2,0.169,207,0.181,0.015999999999999986,0.938,-0.011999999999999983,-0.5058749999999997,-0.09930993208532485,,4522987
f52395dff42a5f02b383dfd16d25f57b,e70074835f260dd0,1647789068952,frontend-0,0.169,207,0.181,0.015999999999999986,0.938,-0.011999999999999983,-0.5058749999999997,-0.09930993208532485,,4525953
bfe6a9194f889f4c4e97f9b8b55667d2,a801afa636e28847,1647789233432,frontend-2,0.169,207,0.181,0.015999999999999986,0.938,-0.011999999999999983,-0.5058749999999997,-0.09930993208532485,,4527755
cd3155534180bea1096864e4a2bc6f6c,f63229aa4fdf61f9,1647789464266,frontend-2,0.169,207,0.181,0.015999999999999986,0.938,-0.011999999999999983,-0.5058749999999997,-0.09930993208532485,,9108133
cf614932d1f42f6354033aebe3dba37d,98471eec5143ef21,1647789952902,frontend-2,29.456,310,30.455,1.3254999999999981,43849.491,-0.9989999999999988,-0.5083557148245946,-0.09930993208532485,,9113268
4e9abe9a595c992e7627b95aed646b9e,2abd11dc55a5c32c,1647789090256,frontend-0,57.323,1234,58.5025,1.5610000000000035,53318.439,-1.1794999999999973,-0.5096558295964102,-0.09930993208532485,,4526176
b3ec470ae5316f603f308a502a1ca88b,b12b1e14e0b52469,1647788735213,frontend-0,57.321,1234,58.5025,1.5610000000000035,53318.439,-1.1814999999999998,-0.5105200192184485,-0.09930993208532485,,7575553
b0c6ccb1210793479aeacf1c9ffdcc32,8b616b8d68fb4ed9,1647789799183,frontend-0,10.987,204,11.328,0.4504999999999999,16.977,-0.3409999999999993,-0.5105538290788004,-0.09930993208532485,,6058522
5375acb7e281cdf08415b08ff2b2eb6d,0924ff205a42df35,1647789995354,frontend-2,56.53,147,58.031,1.9810000000000016,60000.328,-1.5009999999999977,-0.511067390206965,-0.09930993208532485,,3009420
fd76aab958bd67b37072106607de8c25,eec37bcfa469f57d,1647789555892,frontend-2,65.753,362,67.275,2.0080000000000027,27147.171,-1.5220000000000056,-0.511249501992033,-0.09930993208532485,,4531239
f0ae874560b4ff1cf6395587ee70c2ec,f6e2a2a5282e0258,1647789914706,frontend-0,88.906,102,93.9525,6.612499999999997,6746.74,-5.046499999999995,-0.5147620793950847,-0.09793240534605535,,7588054
6df7b336ec70845fdeb921d841783ca9,0c4e110b215cc214,1647788945327,frontend-0,29.441,310,30.455,1.3254999999999981,43849.491,-1.0139999999999993,-0.5159886835156549,-0.09793240534605535,,2998456
faf3286522458583bd4f230519fc1ef5,f55f0e0525e8b763,1647788579563,frontend-2,57.308,1234,58.5025,1.5610000000000035,53318.439,-1.194499999999998,-0.5161372517616892,-0.09793240534605535,,4520883
0d28715adb9ed98a6273c3cb26df6fa6,ac8671bba5d11437,1647789588690,frontend-0,57.305,1234,58.5025,1.5610000000000035,53318.439,-1.197499999999998,-0.517433536194745,-0.09793240534605535,,3005269
c315863c42b3e85676ad8cc745b74048,9957e1e2b3071d3d,1647789390191,frontend-2,57.305,1234,58.5025,1.5610000000000035,53318.439,-1.197499999999998,-0.517433536194745,-0.09793240534605535,,7582543
200c96c494577446f86b41af514c54bc,03df67fc42758bf8,1647790078288,frontend-0,57.295,1234,58.5025,1.5610000000000035,53318.439,-1.207499999999996,-0.5217544843049299,-0.09793240534605535,,6061460
9d177a3c3e2419f702abfeb08bd47056,ea1ec98d1ba272cf,1647788887426,frontend-2,57.295,1234,58.5025,1.5610000000000035,53318.439,-1.207499999999996,-0.5217544843049299,-0.09793240534605535,,7577123
c9f3769f511eecba1d7c87d09b041786,1f292ffa8ec937db,1647788563289,frontend-0,56.492,147,58.031,1.9810000000000016,60000.328,-1.5390000000000015,-0.5240058051489147,-0.09732369726640827,,7573929
d2c9a043315ff1a71fd61e6b8b2c83aa,d0094c48ade9adfe,1647789695310,frontend-0,29.418,310,30.455,1.3254999999999981,43849.491,-1.036999999999999,-0.5276925688419467,-0.09766210888775995,,4532765
c61de2d6df209d86c26371afaf5bcc50,2218cddb34aec6e3,1647789814069,frontend-0,57.278,1234,58.5025,1.5610000000000035,53318.439,-1.224499999999999,-0.529100096092247,-0.09766210888775995,,4534001
da3e934ddff2e881bfa38167c3d98bcd,aa59f7b96629e55f,1647790046033,frontend-0,65.699,362,67.275,2.0080000000000027,27147.171,-1.5760000000000076,-0.5293884462151414,-0.09766210888775995,,6061117
ae1eea2b54dee7a8d900ba27014206fd,fa8a89b151a6fdf3,1647788868437,frontend-0,29.412,310,30.455,1.3254999999999981,43849.491,-1.0429999999999993,-0.5307457563183708,-0.09766210888775995,,4523760
e9c3feac0141b4d24e00ec8587669482,cc941744ea4cb941,1647788909479,frontend-0,65.693,362,67.275,2.0080000000000027,27147.171,-1.5820000000000078,-0.5314038844621534,-0.09766210888775995,,7577402
9fbaf8f570d05537ad9dcdd4da311080,8e7622c8c36eb642,1647789424981,frontend-0,57.272,1234,58.5025,1.5610000000000035,53318.439,-1.2304999999999993,-0.5316926649583585,-0.09766210888775995,,3003463
6999b90c8c4ee52999e9feead35e94e3,ea2581abf2d44035,1647788423883,frontend-2,57.269,1234,58.5025,1.5610000000000035,53318.439,-1.2334999999999994,-0.5329889493914143,-0.09828653669593962,,4519205
0a2ae6fdbc371fafc90ce06e51f8cfee,ae8c7c0d6c12f5ef,1647789936727,frontend-0,65.681,362,67.275,2.0080000000000027,27147.171,-1.5940000000000083,-0.5354347609561774,-0.09828653669593962,,6059898
9e2d80574778f3b538522a4edbdd464b,b62a40df30f1bef3,1647789110638,frontend-0,56.451,147,58.031,1.9810000000000016,60000.328,-1.5799999999999983,-0.5379656739020686,-0.09828653669593962,,9104388
0dc058afefdaa92db93e079c88ec1274,0082e0ac77c5687d,1647789571405,frontend-2,56.45,147,58.031,1.9810000000000016,60000.328,-1.580999999999996,-0.5383061585058033,-0.09828653669593962,,7584492
4559eccb601877767cbd077ccb986905,3691361850937488,1647788660596,frontend-0,65.67,362,67.275,2.0080000000000027,27147.171,-1.605000000000004,-0.5391297310756978,-0.09828653669593962,,7574851
2c8946ff6e2ad2aef7ed6737fdbf796b,bf4d4e9b38ec6f6b,1647788991951,frontend-0,57.246,1234,58.5025,1.5610000000000035,53318.439,-1.2564999999999955,-0.54292713004484,-0.09828653669593962,,4525063
deddec3aefe7018cc9324d8fb506f312,6078df3a35d7bce1,1647788469410,frontend-2,56.434,147,58.031,1.9810000000000016,60000.328,-1.5970000000000013,-0.5437539121655729,-0.09828653669593962,,7572958
a3b53b5d3a2e5553873fa97fb9fdc914,5a72eb05cce75b68,1647788421369,frontend-0,65.655,362,67.275,2.0080000000000027,27147.171,-1.6200000000000045,-0.5441683266932279,-0.09828653669593962,,7572464
ed3b6dd7837cb7b1ca08bff36dd40d70,d93a177231ff1eb8,1647789212889,frontend-0,57.242,1234,58.5025,1.5610000000000035,53318.439,-1.2605000000000004,-0.5446555092889164,-0.09828653669593962,,3001296
197dc0001a2526c90ad2ad2d2a6b69fc,b39efc73652368f5,1647788520046,frontend-0,56.43,147,58.031,1.9810000000000016,60000.328,-1.600999999999999,-0.5451158505805141,-0.09828653669593962,,4520231
7f4d3f6f237298ccf949d39a449d51f2,fe0cc69e01add21d,1647789478178,frontend-2,57.236,1234,58.5025,1.5610000000000035,53318.439,-1.2665000000000006,-0.5472480781550279,-0.09828653669593962,,7583502
0579896980be901e6648f54d383d2a28,20c4a79503fc43a9,1647789800123,frontend-2,65.645,362,67.275,2.0080000000000027,27147.171,-1.6300000000000097,-0.5475273904382496,-0.09828653669593962,,4533834
92667692e92e4e632a657470c56a43d1,535ba560a1c664f9,1647788637618,frontend-2,0.168,207,0.181,0.015999999999999986,0.938,-0.012999999999999984,-0.5480312499999997,-0.09828653669593962,,4521391
536a64fb2a28b0ace85e51165153913a,6a2ca1c7cbdc2de3,1647789057998,frontend-0,0.168,207,0.181,0.015999999999999986,0.938,-0.012999999999999984,-0.5480312499999997,-0.09828653669593962,,4525798
cdcde1b7687b4f36fb3fd1bc559bb3ae,7d979dec1158ea90,1647789814128,frontend-2,0.168,207,0.181,0.015999999999999986,0.938,-0.012999999999999984,-0.5480312499999997,-0.09828653669593962,,6058687
bc96793f59f30a18a682773ef300f48a,2e0e48281b5b1e9b,1647788649230,frontend-2,0.168,207,0.181,0.015999999999999986,0.938,-0.012999999999999984,-0.5480312499999997,-0.09828653669593962,,7574752
aa4d54147ff20cf98b9a8a854bc4b389,19dc62742bc34174,1647788904953,frontend-0,56.42,147,58.031,1.9810000000000016,60000.328,-1.610999999999997,-0.5485206966178683,-0.09828653669593962,,4524143
261ddd96c0375e13997b3687ebfefb9f,cb6c1099259a948f,1647789063559,frontend-2,57.233,1234,58.5025,1.5610000000000035,53318.439,-1.2695000000000007,-0.5485443625880837,-0.09828653669593962,,7579074
a22c1a476a5043c03da1c6d5e61660a1,085307d1599e5ebc,1647789403712,frontend-0,29.371,310,30.455,1.3254999999999981,43849.491,-1.0839999999999996,-0.551609204073935,-0.09828653669593962,,6054341
885fbaacd32ccad3cb5c7e91639ac965,f45c454f550aca49,1647789964968,frontend-2,57.224,1234,58.5025,1.5610000000000035,53318.439,-1.278500000000001,-0.552433215887251,-0.09828653669593962,,4535529
e970fb023e0603667bdbc1b5cb1a77e3,36a41345c1fe83a5,1647789565503,frontend-2,29.369,310,30.455,1.3254999999999981,43849.491,-1.0859999999999985,-0.5526269332327424,-0.09828653669593962,,7584433
c7b808a640eadd7cde0cd9d1b8593a91,840a9bfa1ca2f8e3,1647789504655,frontend-2,29.368,310,30.455,1.3254999999999981,43849.491,-1.0869999999999997,-0.5531357978121471,-0.09902693941971558,,7583840
085f7127da5698aa605bf691d91d6a6a,3871ffb6b1ad9986,1647789467332,frontend-2,57.222,1234,58.5025,1.5610000000000035,53318.439,-1.2804999999999964,-0.5532974055092861,-0.09902693941971558,,6055050
e428191745b583705e42e7dc4e76ccf6,6f1320f9cee09d08,1647789377972,frontend-2,65.627,362,67.275,2.0080000000000027,27147.171,-1.6480000000000103,-0.5535737051792856,-0.09902693941971558,,3002988
306a53d8db71a2d2b9067258c53a1235,3d16993a3a71b96c,1647788446346,frontend-0,29.367,310,30.455,1.3254999999999981,43849.491,-1.0879999999999974,-0.5536446623915499,-0.09902693941971558,,6044223
7a0092d3ed9441c8056a7ac9d9c19818,4524eed5734975d6,1647788574485,frontend-0,65.626,362,67.275,2.0080000000000027,27147.171,-1.649000000000001,-0.5539096115537845,-0.09902693941971558,,2994603
e27c39e1b709c102c80e02196f478883,b735d96f43b9d229,1647788592065,frontend-2,56.401,147,58.031,1.9810000000000016,60000.328,-1.6299999999999955,-0.554989904088842,-0.098369039555256,,7574218
04367bf61f1ba1b2d45d7ba724c6f641,00e96111f5ef4974,1647789354417,frontend-0,65.622,362,67.275,2.0080000000000027,27147.171,-1.6530000000000058,-0.5552532370517941,-0.098369039555256,,4529050
ac9d571035c0670995d8590edd6d65f1,9e32b93a1fa23fe3,1647789629672,frontend-2,57.215,1234,58.5025,1.5610000000000035,53318.439,-1.2874999999999943,-0.5563220691864152,-0.09887268819370998,,7585165
f1254cc974a4e1ffdaef0cf7a47591a8,ae1d8aa8d32c43db,1647789630151,frontend-0,29.359,310,30.455,1.3254999999999981,43849.491,-1.0959999999999965,-0.5577155790267814,-0.09887268819370998,,4532023
057d7c6d3c1bb0c2e1a9603f3f600f94,5886bf0790069e97,1647789758070,frontend-2,57.209,1234,58.5025,1.5610000000000035,53318.439,-1.2934999999999945,-0.5589146380525268,-0.09887268819370998,,3007043
5560d6d6f00f3869c41c646dbe8561f6,2de304209997f798,1647788834947,frontend-2,57.209,1234,58.5025,1.5610000000000035,53318.439,-1.2934999999999945,-0.5589146380525268,-0.09887268819370998,,9101453
6abf4241c74f8b4b759f2713f9ce80a7,9f03ce9ac4c9267f,1647789222091,frontend-0,65.61,362,67.275,2.0080000000000027,27147.171,-1.6650000000000063,-0.5592841135458181,-0.09887268819370998,,4527645
894d3aa9c8805449757f5cb4e0a2cc1a,914be5646d11b4b6,1647789231033,frontend-0,65.608,362,67.275,2.0080000000000027,27147.171,-1.6670000000000016,-0.5599559262948205,-0.09887268819370998,,7580885
837b6e4028628ddd697385fdf3f4a8d0,33e71de6a925385b,1647789800226,frontend-2,29.351,310,30.455,1.3254999999999981,43849.491,-1.1039999999999992,-0.5617864956620147,-0.09887268819370998,,4533843
29501f61bfa3bdc06bdf498167cadc40,3003bb45ff88c07b,1647789698867,frontend-0,10.952,204,11.328,0.4504999999999999,16.977,-0.37599999999999945,-0.5629567147613755,-0.09887268819370998,,4532808
1bd64868b8eddbb2d11a8ee4ed30eec0,94f55a06d303a888,1647789954527,frontend-0,10.952,204,11.328,0.4504999999999999,16.977,-0.37599999999999945,-0.5629567147613755,-0.09887268819370998,,6060088
d334fe049ec1fae9ae351a5b28dc1c1a,cfa617d021c29888,1647789155227,frontend-0,29.345,310,30.455,1.3254999999999981,43849.491,-1.1099999999999994,-0.5648396831384388,-0.09868119153979721,,9104893
a1346ce22e8c21a9bab93d412b3e1faf,356c6fff92c5fa46,1647788690899,frontend-0,29.341,310,30.455,1.3254999999999981,43849.491,-1.1139999999999972,-0.5668751414560537,-0.09868119153979721,,9100007
dea6f7c9dfc96e09f45111429713122a,02072860d38e0784,1647788749434,frontend-0,57.19,1234,58.5025,1.5610000000000035,53318.439,-1.3125,-0.5671244394618822,-0.09868119153979721,,9100514
17c043d4f7a1142a687fed7056c1ea4f,613db4aab245cf5d,1647789614086,frontend-2,57.189,1234,58.5025,1.5610000000000035,53318.439,-1.3134999999999977,-0.5675565342728996,-0.09868119153979721,,4531880
eebaf97d138820ddd46bb99192672557,df3f577115b4eb4a,1647788901702,frontend-0,57.187,1234,58.5025,1.5610000000000035,53318.439,-1.3155000000000001,-0.5684207238949379,-0.09868119153979721,,9102107
b6b33f5c09bbc204c969272f85a5ca07,ae068b4266e5fbb4,1647789673624,frontend-2,57.186,1234,58.5025,1.5610000000000035,53318.439,-1.3164999999999978,-0.5688528187059555,-0.09868119153979721,,7585578
230a0a53aa106b318793c866d487ef3e,9ffd5ae9c76ab39e,1647789666968,frontend-2,57.185,1234,58.5025,1.5610000000000035,53318.439,-1.3174999999999955,-0.5692849135169731,-0.09868119153979721,,7585517
1f606f41531abd4947f3faeb4d364b28,c925b8565d9b5df2,1647789571598,frontend-2,57.182,1234,58.5025,1.5610000000000035,53318.439,-1.3204999999999956,-0.5705811979500288,-0.09868119153979721,,9109303
7186a64f17a5311d9442b20e5000fc1d,781f830ac7ac702a,1647789318030,frontend-0,57.179,1234,58.5025,1.5610000000000035,53318.439,-1.3234999999999957,-0.5718774823830846,-0.09868119153979721,,7581758
7a5895997c8cf647bfd31942841b07fd,f1ef8219f8e3ce46,1647790135997,frontend-0,57.178,1234,58.5025,1.5610000000000035,53318.439,-1.3245000000000005,-0.5723095771941052,-0.09868119153979721,,7590372
b7cb740e0caf7cdecd4e8222d22d5787,e66b22c08c7caac6,1647789833701,frontend-0,29.326,310,30.455,1.3254999999999981,43849.491,-1.1289999999999978,-0.574508110147114,-0.09868119153979721,,7587226
73537564dd945d8dbe490d54d96bdd55,716c04295e4cc230,1647789555231,frontend-0,57.17,1234,58.5025,1.5610000000000035,53318.439,-1.332499999999996,-0.5757663356822519,-0.09868119153979721,,3004861
f40a5482545f71085746f6da0c45af16,52ab4e1a34fa3790,1647790112752,frontend-0,57.169,1234,58.5025,1.5610000000000035,53318.439,-1.3335000000000008,-0.5761984304932726,-0.09868119153979721,,4537172
d6931a93180a1951bdbd51ca948e52c2,ddabaa3d00fab1a7,1647790024004,frontend-2,57.167,1234,58.5025,1.5610000000000035,53318.439,-1.3354999999999961,-0.5770626201153077,-0.09868119153979721,,7589170
e57e32c03c5d1797458cc9a8c26a4a71,58b1734c28a7f02b,1647789688279,frontend-0,29.315,310,30.455,1.3254999999999981,43849.491,-1.139999999999997,-0.5801056205205576,-0.09810528909777094,,6057376
bdeda7743cfb46688ff348e2e38079ae,43074a15ac15aa45,1647789186932,frontend-2,57.145,1234,58.5025,1.5610000000000035,53318.439,-1.3574999999999946,-0.5865687059577158,-0.09770363233954277,,3001002
1dae4d4bb01d0102ae0215a0225c9730,b447e3bf0dbcaa8c,1647790006168,frontend-0,57.145,1234,58.5025,1.5610000000000035,53318.439,-1.3574999999999946,-0.5865687059577158,-0.09770363233954277,,3009552
33dfeb36c426349b462130ffbe952c8c,cee09b6655fe6da2,1647789150162,frontend-0,29.302,310,30.455,1.3254999999999981,43849.491,-1.1529999999999987,-0.5867208600528104,-0.09770363233954277,,6051716
27fb309251fa0bfbeab92a24f0665cf5,79868abfc916d74c,1647788872377,frontend-2,65.528,362,67.275,2.0080000000000027,27147.171,-1.7469999999999999,-0.5868284362549793,-0.09770363233954277,,2997679
c147bab40aecef7e83e25a6e237bcd88,23480fd296ccdfef,1647790174050,frontend-2,56.305,147,58.031,1.9810000000000016,60000.328,-1.725999999999999,-0.58767642604745,-0.09770363233954277,,9115710
68509400f13a1f92daf177c89d97c6a4,f461a5f9189f836f,1647788937923,frontend-2,56.304,147,58.031,1.9810000000000016,60000.328,-1.7269999999999968,-0.5880169106511847,-0.09836649308271805,,7577716
c59c1caafe4275f7cb38dc81760541ce,a87c9783135b301b,1647788567406,frontend-0,10.935,204,11.328,0.4504999999999999,16.977,-0.3929999999999989,-0.588409544950054,-0.09836649308271805,,7573976
e7c08553a0dbc7ec0e2cabe332689bdb,220f3a6df18a7bef,1647788551158,frontend-0,57.137,1234,58.5025,1.5610000000000035,53318.439,-1.3654999999999973,-0.5900254644458655,-0.09836649308271805,,4520540
d6ad4e12139a2c16fb988797898cd559,23c0114f1511085c,1647789118115,frontend-2,0.167,207,0.181,0.015999999999999986,0.938,-0.013999999999999985,-0.5901874999999999,-0.09836649308271805,,6051310
f78d54227ec2c27f72c62416c604d751,df98785951a7444b,1647789052491,frontend-2,0.167,207,0.181,0.015999999999999986,0.938,-0.013999999999999985,-0.5901874999999999,-0.09836649308271805,,9103713
a0dd6e8d0e7d2274612401b12e20e670,00d3e61e23fd8df7,1647789109982,frontend-2,57.133,1234,58.5025,1.5610000000000035,53318.439,-1.369499999999995,-0.5917538436899389,-0.0991015871798504,,3000177
de81d9a696a2cbb64ef6613fb3fbea46,236d75a94f98401f,1647789528239,frontend-0,57.125,1234,58.5025,1.5610000000000035,53318.439,-1.3774999999999977,-0.5952106021780886,-0.0991015871798504,,4530960
ad7dbef2d2211a390b616125ca35cf2c,b6f0dfbc6ad930ac,1647790012744,frontend-0,65.502,362,67.275,2.0080000000000027,27147.171,-1.7730000000000103,-0.5955620019920346,-0.0991015871798504,,6060688
f1c71c4ff24e3bdec04f3fadc35919e1,d42f399abb7e5a04,1647788995022,frontend-0,56.281,147,58.031,1.9810000000000016,60000.328,-1.75,-0.5958480565371019,-0.0991015871798504,,4525113
ab668cbc1192feeadc0ba823a47e6ae9,2ab48fc7a80d6b01,1647789244086,frontend-0,29.284,310,30.455,1.3254999999999981,43849.491,-1.1709999999999994,-0.5958804224820827,-0.0991015871798504,,7581060
27de3483ace01a8a1d4fddcec43c2167,1c1727b4d9c1cd56,1647788733266,frontend-2,57.122,1234,58.5025,1.5610000000000035,53318.439,-1.3804999999999978,-0.5965068866111445,-0.0991015871798504,,9100366
2a7f3a1dabe783a5d4d5bea1f9b04026,7c3e970f7e507d4d,1647789871110,frontend-0,57.121,1234,58.5025,1.5610000000000035,53318.439,-1.3814999999999955,-0.5969389814221621,-0.0991015871798504,,3008181
b43cbc65449d4b4e6580445dd4d7fd84,0e481dad8085d062,1647789714332,frontend-0,88.097,102,93.9525,6.612499999999997,6746.74,-5.855500000000006,-0.5972831379962201,-0.0991015871798504,,6057681
a6532fafac356c65cb23118d8d6e2248,2605799b73bdab57,1647788939981,frontend-2,57.118,1234,58.5025,1.5610000000000035,53318.439,-1.3844999999999956,-0.5982352658552178,-0.09908001200060673,,4524547
3539ab749adf771755ac64a455537832,b09c76ab7cd9aa50,1647789339210,frontend-0,10.928,204,11.328,0.4504999999999999,16.977,-0.3999999999999986,-0.5988901220865684,-0.09908001200060673,,9106762
9e1a8b961aececd9b07610b46c90af4a,8667dda42eefa386,1647789906365,frontend-2,88.066,102,93.9525,6.612499999999997,6746.74,-5.886499999999998,-0.6004452551984878,-0.09908001200060673,,6059588
a8271485c6845bd7dae7ab260663f7e2,cb52a2b0ca96ed6a,1647789604027,frontend-2,57.112,1234,58.5025,1.5610000000000035,53318.439,-1.3904999999999959,-0.6008278347213294,-0.09908001200060673,,4531796
aa88d2deb9043080bc5ac0e5737269c0,9103794db50d3a00,1647789093384,frontend-0,57.111,1234,58.5025,1.5610000000000035,53318.439,-1.3915000000000006,-0.60125992953235,-0.09908001200060673,,7579429
89a4798dc333b51f7f4ca07c29b86913,2510a5e5ac05c419,1647789442159,frontend-0,57.111,1234,58.5025,1.5610000000000035,53318.439,-1.3915000000000006,-0.60125992953235,-0.09908001200060673,,7583114
0e1d7f5d81e4b9dee5e09c1c044af91b,469c8bb008c94069,1647788783490,frontend-2,29.265,310,30.455,1.3254999999999981,43849.491,-1.1899999999999977,-0.6055488494907579,-0.09908001200060673,,6047682
d64cdf469b196330eaf1da376900c422,149ffeb217aaaee4,1647788717356,frontend-2,56.249,147,58.031,1.9810000000000016,60000.328,-1.7819999999999965,-0.6067435638566363,-0.0988086640002383,,9100235
8f60efc815c96152211db1bd33345410,ce4c7ef6b8213d0e,1647788790698,frontend-0,57.088,1234,58.5025,1.5610000000000035,53318.439,-1.4144999999999968,-0.6111981101857756,-0.09893042123721374,,2996761
a25619c0fe2c8eb8079e34b94d90f73f,fe7040cec5500ef0,1647789688923,frontend-0,10.919,204,11.328,0.4504999999999999,16.977,-0.4089999999999989,-0.6123651498335168,-0.09893042123721374,,4532659
29cc37953f646a52774b9644433027e9,ddc3d0b5d22229cb,1647788549324,frontend-2,57.085,1234,58.5025,1.5610000000000035,53318.439,-1.4174999999999969,-0.6124943946188314,-0.09893042123721374,,2994336
7b5e74edc862ad664a1f7a770edb58ef,6f3434f4f8da4c81,1647790046353,frontend-2,87.939,102,93.9525,6.612499999999997,6746.74,-6.013500000000008,-0.6133997353497175,-0.09893042123721374,,7589436
3f27202efbb325ef0339ff8377b25bf8,81e6feac988e4a39,1647789591712,frontend-0,56.229,147,58.031,1.9810000000000016,60000.328,-1.8019999999999996,-0.6135532559313471,-0.09893042123721374,,4531630
f32b543ad4c3e51603e747a55da646fa,57b9392aca73e4bb,1647788576696,frontend-2,87.935,102,93.9525,6.612499999999997,6746.74,-6.017499999999998,-0.61380775047259,-0.09893042123721374,,6045602
545c33304947e8b2531c8686ac813025,9825134288fa666b,1647789276455,frontend-0,29.248,310,30.455,1.3254999999999981,43849.491,-1.2069999999999972,-0.6141995473406255,-0.09893042123721374,,9106148
69c3721c0a41a89858adaa6f0cd2bd91,c6ec4209a7b7be25,1647789026066,frontend-2,29.246,310,30.455,1.3254999999999981,43849.491,-1.2089999999999996,-0.6152172764994349,-0.09893042123721374,,2999284
571fa282a80fed8e30a1ea73a45acf68,26920bbab7aea6ac,1647789893154,frontend-2,65.442,362,67.275,2.0080000000000027,27147.171,-1.8330000000000126,-0.6157163844621548,-0.09893042123721374,,3008410
ba48cb0b88a916c1060fc520806f8d23,e246d54854f2b866,1647789169457,frontend-2,57.073,1234,58.5025,1.5610000000000035,53318.439,-1.4294999999999973,-0.6176795323510544,-0.09893042123721374,,3000846
cc362dddd39439b3a8938bbb2e6b7573,b6e5e150e5847116,1647790130303,frontend-2,57.068,1234,58.5025,1.5610000000000035,53318.439,-1.4344999999999999,-0.6198400064061484,-0.09893042123721374,,6061988
ffae155ff423ddc7d92913189e5bb5c3,f89ce7e6051209a0,1647788918070,frontend-0,56.209,147,58.031,1.9810000000000016,60000.328,-1.8219999999999956,-0.6203629480060556,-0.09893042123721374,,6049140
802958d960ee99ed73aed5ee29c21272,7343a60f5aa97391,1647789652537,frontend-2,65.42,362,67.275,2.0080000000000027,27147.171,-1.855000000000004,-0.6231063247011956,-0.09893042123721374,,4532248
3689ffc8f7970d6fad5a7ac213d6cec8,53dddff4d28c1f86,1647789028777,frontend-0,65.416,362,67.275,2.0080000000000027,27147.171,-1.8590000000000089,-0.6244499501992054,-0.09893042123721374,,7578710
be5a44ad396a68eb98827b8f4d88adee,9b2180e424da8d55,1647790017812,frontend-0,65.402,362,67.275,2.0080000000000027,27147.171,-1.8730000000000047,-0.6291526394422318,-0.098705596885662,,7589106
ac2b45fcf337f206702e465d56176811,90309190573d8db7,1647790149846,frontend-2,57.04,1234,58.5025,1.5610000000000035,53318.439,-1.4624999999999986,-0.631938661114668,-0.09967042271688598,,7590594
39547db923bd5af78c1ef4f949e54987,13a0230ad0dc6281,1647788583852,frontend-2,0.166,207,0.181,0.015999999999999986,0.938,-0.014999999999999986,-0.6323437499999999,-0.09967042271688598,,4520913
869aab5cae24c30b3422b18298328d1c,21bcfc4e305e2b6f,1647788983794,frontend-2,0.166,207,0.181,0.015999999999999986,0.938,-0.014999999999999986,-0.6323437499999999,-0.09967042271688598,,4524985
d022d98e2c8000c105be2c0b6fb470bf,138bda03900d2306,1647789810095,frontend-2,0.166,207,0.181,0.015999999999999986,0.938,-0.014999999999999986,-0.6323437499999999,-0.09967042271688598,,6058644
43932121685c33eafa0475ff7d08a501,70d66c5cf73422fc,1647790159760,frontend-2,0.166,207,0.181,0.015999999999999986,0.938,-0.014999999999999986,-0.6323437499999999,-0.09967042271688598,,6062353
260e76b73c0d372f0fd1427116d559f2,2d62153ced0f6b83,1647789184698,frontend-2,57.038,1234,58.5025,1.5610000000000035,53318.439,-1.464500000000001,-0.6328028507367063,-0.09967042271688598,,4527248
051817825c363280a484dcda43b9db50,14371c8d9e539368,1647789998608,frontend-0,57.034,1234,58.5025,1.5610000000000035,53318.439,-1.4684999999999988,-0.6345312299807796,-0.09967042271688598,,4535901
6b52e593eab97e3ad09da32b8c888fad,2e10d3495bce0cea,1647789058725,frontend-0,65.38,362,67.275,2.0080000000000027,27147.171,-1.8950000000000102,-0.6365425796812775,-0.09967042271688598,,2999656
7be65af0d4e449def9aca3d0230d86cb,f698b11129fba55d,1647789786314,frontend-0,65.38,362,67.275,2.0080000000000027,27147.171,-1.8950000000000102,-0.6365425796812775,-0.09967042271688598,,3007349
122933e82e15ad5ff23e86d770ec0cff,d183444890b3b611,1647789354651,frontend-2,57.029,1234,58.5025,1.5610000000000035,53318.439,-1.4734999999999943,-0.6366917040358705,-0.09967042271688598,,3002747
31655c18a6daa2e082d1a773a537b29b,81ef13505e4949ee,1647789749374,frontend-0,29.203,310,30.455,1.3254999999999981,43849.491,-1.251999999999999,-0.6370984534138064,-0.09967042271688598,,3006970
0b5b22b2dc3357c54c622f8df7e6f4b8,597c36dec73125d4,1647789548213,frontend-2,65.376,362,67.275,2.0080000000000027,27147.171,-1.899000000000001,-0.6378862051792823,-0.09967042271688598,,3004774
8b9f9335987202be8efa0fb8caddb4ad,44ecf07ace307dcb,1647789161031,frontend-0,57.026,1234,58.5025,1.5610000000000035,53318.439,-1.4764999999999944,-0.6379879884689263,-0.09967042271688598,,9104953
af085272306ad580d608d4312e926580,b4eef687a58b2f93,1647788680470,frontend-2,87.695,102,93.9525,6.612499999999997,6746.74,-6.257500000000007,-0.6382886578449916,-0.09967042271688598,,9099909
29f7c7acf1c9587f29f857afa7ccf4cb,afa8dd422be0055c,1647788669663,frontend-0,65.364,362,67.275,2.0080000000000027,27147.171,-1.9110000000000014,-0.6419170816733064,-0.09967042271688598,,7574951
ca206b4ff8ccd2e8e2a200fd9562b81c,69e827b824e2615c,1647789176966,frontend-2,65.364,362,67.275,2.0080000000000027,27147.171,-1.9110000000000014,-0.6419170816733064,-0.09967042271688598,,7580358
1e38d717edfbc585cc28375039be8a76,058735d73d3a17d9,1647788825580,frontend-2,57.011,1234,58.5025,1.5610000000000035,53318.439,-1.491499999999995,-0.6444694106342052,-0.09967042271688598,,2997164
56d1d481158a608d8db97e74b62cd3e8,0906d6da09ce5c1a,1647789588786,frontend-2,57.01,1234,58.5025,1.5610000000000035,53318.439,-1.4924999999999997,-0.6449015054452258,-0.09967042271688598,,7584728
6c4b20e05764eb67b76ec297e6a48708,119e7fa52b10be1a,1647790174038,frontend-2,10.896,204,11.328,0.4504999999999999,16.977,-0.4319999999999986,-0.6468013318534941,-0.09967042271688598,,6062505
0f95b367c9448451fa8357e11658c219,880e6ba4d2cf6183,1647789939737,frontend-2,57.005,1234,58.5025,1.5610000000000035,53318.439,-1.4974999999999952,-0.6470619795003167,-0.09967042271688598,,6059939
ff64fe82776aca02300c831d33397b05,0aecb45744678736,1647788863306,frontend-2,57.004,1234,58.5025,1.5610000000000035,53318.439,-1.4985,-0.6474940743113374,-0.09967042271688598,,7576882
bc8e89ef0817d76f8d8263100b163962,3609d5b553b1d646,1647789193052,frontend-2,57.001,1234,58.5025,1.5610000000000035,53318.439,-1.5015,-0.6487903587443933,-0.09967042271688598,,9105300
534d1e963363ad906bb59bd72cd97b39,7d0bc62a3a33d8d0,1647789720234,frontend-2,29.177,310,30.455,1.3254999999999981,43849.491,-1.2779999999999987,-0.6503289324783103,-0.09967042271688598,,7586090
b1e5afd2a3c732596ef88b481a489588,8eb1c43a9ff050c5,1647788939324,frontend-0,65.332,362,67.275,2.0080000000000027,27147.171,-1.943000000000012,-0.6526660856573737,-0.09813949466999333,,4524534
4e2694c09d9d97ba9f1565c42a822f0e,20cf06b7b936afce,1647788840220,frontend-0,56.99,1234,58.5025,1.5610000000000035,53318.439,-1.5124999999999957,-0.6535434016655957,-0.09813949466999333,,4523486
58a773b41eae213fb279441231848194,260f95f05a629a67,1647789417929,frontend-0,56.981,1234,58.5025,1.5610000000000035,53318.439,-1.521499999999996,-0.657432254964763,-0.09760450054090608,,7582804
98bbaea865355719c26ae3f9a9981ce9,f10b3d23d5f4b6b2,1647789518181,frontend-0,56.978,1234,58.5025,1.5610000000000035,53318.439,-1.5244999999999962,-0.6587285393978188,-0.09760450054090608,,3004484
caf1493f7e3c4fefd934ed5c5e27f29b,3e55833bd5ed0429,1647788597817,frontend-0,29.157,310,30.455,1.3254999999999981,43849.491,-1.2979999999999983,-0.6605062240663901,-0.09760450054090608,,7574259
b792e1515ef15a2b4399f9bcc080231c,2f44d67646222a0b,1647788813067,frontend-0,29.154,310,30.455,1.3254999999999981,43849.491,-1.3009999999999984,-0.6620328178046022,-0.09760450054090608,,2997023
4794f207bf55a8d93d52036c74b3b5da,0fcfaf3316f60c01,1647789452077,frontend-2,65.303,362,67.275,2.0080000000000027,27147.171,-1.9720000000000084,-0.6624073705179302,-0.09760450054090608,,3003787
2de44603536bf2b4e69764ef5c8c8297,a9963db3d1c9d8c9,1647790174111,frontend-0,65.303,362,67.275,2.0080000000000027,27147.171,-1.9720000000000084,-0.6624073705179302,-0.09760450054090608,,9115720
33f8d7f9031009ce36be3ae0064cc81b,0f5cbd790d96385e,1647789685970,frontend-2,56.967,1234,58.5025,1.5610000000000035,53318.439,-1.535499999999999,-0.6634815823190243,-0.09760450054090608,,4532625
3596ad6e930439482c4e47a0a88ecf99,44db7411ff922391,1647789033384,frontend-0,56.078,147,58.031,1.9810000000000016,60000.328,-1.9529999999999959,-0.6649664310954044,-0.09704176929401914,,4525538
726650847a5493096744dde78eacf659,ace16e9b5c991fa2,1647790043758,frontend-2,10.883,204,11.328,0.4504999999999999,16.977,-0.4450000000000003,-0.6662652608213103,-0.09704176929401914,,3009998
0316c43c39ee3447d780df079d3095a6,244c858a6ace1dba,1647789370553,frontend-0,65.289,362,67.275,2.0080000000000027,27147.171,-1.9860000000000042,-0.6671100597609567,-0.09704176929401914,,9107093
610e8bdaacdf07909b037ab9e2c4ece3,583112661b2d044e,1647788726154,frontend-0,56.953,1234,58.5025,1.5610000000000035,53318.439,-1.5494999999999948,-0.6695309096732827,-0.09746002987647467,,6047094
a8814d14911cee7b5f7dcfea4f1d0dd7,d40020bc31b4124e,1647789071092,frontend-0,56.952,1234,58.5025,1.5610000000000035,53318.439,-1.5504999999999995,-0.6699630044843032,-0.09746002987647467,,2999779
33c17b2f59f04ff2172bb992ad4569eb,f799b3dec8fa26f8,1647789555346,frontend-2,65.276,362,67.275,2.0080000000000027,27147.171,-1.9990000000000094,-0.6714768426294843,-0.09746002987647467,,4531228
e30d4cd008c7ce616dd1e804dc3b6114,5c5ef46369290792,1647788948391,frontend-0,65.276,362,67.275,2.0080000000000027,27147.171,-1.9990000000000094,-0.6714768426294843,-0.09746002987647467,,9102608
0d139fc3bfc7ed1258f4012af93491a6,031a7cdc953baeb4,1647789547173,frontend-0,56.947,1234,58.5025,1.5610000000000035,53318.439,-1.555499999999995,-0.6721234785393941,-0.09746002987647467,,4531146
9fa33a62283733881d2ebef980355042,7780e24dc298ffad,1647789610958,frontend-0,65.272,362,67.275,2.0080000000000027,27147.171,-2.003,-0.6728204681274892,-0.09746002987647467,,6056570
f36cd1db7ecce78b4ec40ac566b34311,ccdb20f7ac629b86,1647788877075,frontend-0,56.942,1234,58.5025,1.5610000000000035,53318.439,-1.5604999999999976,-0.674283952594488,-0.09823565374387644,,7577001
0d71b3fcef09c47cc69d3c9cc0bcda02,e0171c162a321ab1,1647789468040,frontend-2,0.165,207,0.181,0.015999999999999986,0.938,-0.015999999999999986,-0.6745,-0.09823565374387644,,3003979
6efbd8c4d93ea1d89edbc5d60ff0b4af,bd9dcd4fdfd58823,1647788937198,frontend-2,0.165,207,0.181,0.015999999999999986,0.938,-0.015999999999999986,-0.6745,-0.09823565374387644,,4524490
080b7072c9add38e6295c637d75549d6,58b6a23cdae96150,1647789569567,frontend-2,0.165,207,0.181,0.015999999999999986,0.938,-0.015999999999999986,-0.6745,-0.09823565374387644,,4531377
0a02207ac192766d5aa375fc1cd77127,ebed5c5aa6edb7cd,1647788700623,frontend-2,0.165,207,0.181,0.015999999999999986,0.938,-0.015999999999999986,-0.6745,-0.09823565374387644,,6046863
d80b2a86d5993213582d7c43069ec800,cd9ad9258481cffa,1647789039039,frontend-2,0.165,207,0.181,0.015999999999999986,0.938,-0.015999999999999986,-0.6745,-0.09823565374387644,,6050484
99c5fac783956ff7a31ac1ec548f0ddb,61bb3c564a67e40f,1647789218948,frontend-0,10.877,204,11.328,0.4504999999999999,16.977,-0.45099999999999874,-0.6752486126526064,-0.09823565374387644,,3001329
1224e61c9e09547ffc7b311083f0d198,9924601c02a00a03,1647788620109,frontend-0,56.938,1234,58.5025,1.5610000000000035,53318.439,-1.5644999999999953,-0.6760123318385615,-0.09823565374387644,,6046051
7fd150030e21c55ebb08a8ff7973f767,a310ac25b0aefa2a,1647790140596,frontend-0,56.936,1234,58.5025,1.5610000000000035,53318.439,-1.5664999999999978,-0.6768765214605997,-0.09823565374387644,,6062164
f5b01cab144e46043d034b3e7c325bca,8083e6adf533f115,1647790130543,frontend-2,56.932,1234,58.5025,1.5610000000000035,53318.439,-1.5704999999999956,-0.6786049007046729,-0.09823565374387644,,7590296
5c7524f44e260b4aed6122f9da0c1cdb,af35eefbb16ed448,1647788860211,frontend-2,56.927,1234,58.5025,1.5610000000000035,53318.439,-1.5754999999999981,-0.680765374759767,-0.09766411420567617,,9101691
fb3eb2c95578e1e88330f650e0dceb7b,4d6b0c81f5d884b5,1647788716080,frontend-2,29.117,310,30.455,1.3254999999999981,43849.491,-1.3379999999999974,-0.6808608072425496,-0.09766411420567617,,6047018
5d75aefdd7c66af28d19a2a4313e1e0d,8986db9649327ca3,1647788832943,frontend-2,29.109,310,30.455,1.3254999999999981,43849.491,-1.3459999999999965,-0.6849317238777811,-0.09766411420567617,,2997271
d2900239b75cfa3b6c5c35a9013ccec8,6f998b2874835fdd,1647788434955,frontend-2,56.018,147,58.031,1.9810000000000016,60000.328,-2.012999999999998,-0.6853955073195344,-0.09766411420567617,,6044091
63e15b1587c8ab51e23581a91c305d6b,a5a6233a39a2797f,1647788733910,frontend-2,56.916,1234,58.5025,1.5610000000000035,53318.439,-1.586500000000001,-0.6855184176809725,-0.09766411420567617,,9100377
c6568bafcabf309931e8ea9123c170e1,fe00a6313908db1f,1647788817012,frontend-0,65.234,362,67.275,2.0080000000000027,27147.171,-2.041000000000011,-0.6855849103585685,-0.09766411420567617,,9101231
1a8a8498390e98435b31361d25610aba,1cb33fd185a5cf46,1647789912917,frontend-2,65.231,362,67.275,2.0080000000000027,27147.171,-2.044000000000011,-0.6865926294820744,-0.09766411420567617,,7588034
ef7f3fc877b64c78bac167ee15e3c69a,a6cc18cf356f24ba,1647789034442,frontend-0,56.913,1234,58.5025,1.5610000000000035,53318.439,-1.589500000000001,-0.6868147021140284,-0.09766411420567617,,9103542
e71499afd000072fb0e7ed54ecc05087,d0cc67879b9dbf65,1647790073258,frontend-0,29.1,310,30.455,1.3254999999999981,43849.491,-1.3549999999999969,-0.6895115050924173,-0.09766411420567617,,9114648
bfe8f45f235c6b0e0759063ed4360f8b,72de251c14acea17,1647789773883,frontend-0,56.904,1234,58.5025,1.5610000000000035,53318.439,-1.5984999999999943,-0.6907035554131927,-0.09766411420567617,,7586602
07ab4fc0fb56af578e396769c319dd0b,b8275bbc00d229ef,1647789761605,frontend-2,56.901,1234,58.5025,1.5610000000000035,53318.439,-1.6014999999999944,-0.6919998398462484,-0.09766411420567617,,3007079
4b1b15780a2598ecd5ceb71a3b354f6e,0464d7c160cec400,1647789415480,frontend-2,55.994,147,58.031,1.9810000000000016,60000.328,-2.036999999999999,-0.6935671378091863,-0.09766411420567617,,3003370
8cea2567388934da398b31e8d825820c,355736ee9b9a4e15,1647789678099,frontend-2,56.894,1234,58.5025,1.5610000000000035,53318.439,-1.6084999999999994,-0.6950245035233806,-0.09805737940400705,,3006195
dee958a7a9571bc444ccb69dbcb96400,3efbd5adfdd288cb,1647790140608,frontend-2,87.133,102,93.9525,6.612499999999997,6746.74,-6.819500000000005,-0.6956147826086964,-0.09805737940400705,,3011060
66eeca6fbd5310c9f7f9a6e737faf0ae,5b4e45f336cb08f9,1647789381184,frontend-2,56.892,1234,58.5025,1.5610000000000035,53318.439,-1.6104999999999947,-0.6958886931454158,-0.09805737940400705,,3003013
07d5aacd6b01ef62115dcbb54bdb75cf,aabf73d93a800e31,1647790138541,frontend-2,65.2,362,67.275,2.0080000000000027,27147.171,-2.075000000000003,-0.6970057270916336,-0.09761639789780113,,7590428
8c5dda80a209e1a70799504c6f552f2c,f8faa5cc56870b94,1647789411867,frontend-0,56.887,1234,58.5025,1.5610000000000035,53318.439,-1.6154999999999973,-0.6980491672005098,-0.09761639789780113,,7582746
01d95a653dbf22283c9a60c71ca83978,6e26a324ad4b2198,1647788454698,frontend-0,29.08,310,30.455,1.3254999999999981,43849.491,-1.375,-0.6996887966804989,-0.09695204288556292,,2993393
211312fa18a8c496b24be7dd8eca7dcd,776798c63535f9ae,1647789165259,frontend-0,29.08,310,30.455,1.3254999999999981,43849.491,-1.375,-0.6996887966804989,-0.09695204288556292,,7580225
4c11bef123a48ad0bb73f72fce7e6800,aa1447d636c8e6b1,1647790195760,frontend-0,56.879,1234,58.5025,1.5610000000000035,53318.439,-1.6235,-0.7015059256886595,-0.09695204288556292,,7590993
0a839dadc0061dc7454a30d654d5c7e8,01356f1cd02e30f8,1647789664698,frontend-2,87.069,102,93.9525,6.612499999999997,6746.74,-6.883499999999998,-0.7021430245746693,-0.09695204288556292,,7585489
a01437df3e907005148e64d1a7c2b498,bc3aee4fdec97148,1647789453887,frontend-2,87.067,102,93.9525,6.612499999999997,6746.74,-6.8855000000000075,-0.7023470321361068,-0.09695204288556292,,3003822
63ddb3d4a26c617b7aa6e495def067c3,dce19bf06d82f008,1647789985773,frontend-2,56.877,1234,58.5025,1.5610000000000035,53318.439,-1.6254999999999953,-0.7023701153106947,-0.09695204288556292,,4535730
5c078fe2b4ae6eb0760d9ed59198848b,ef62c479607aa513,1647790060776,frontend-0,65.182,362,67.275,2.0080000000000027,27147.171,-2.0930000000000035,-0.7030520418326696,-0.09672698308903804,,4536629
5dab0198360e324aeeb48ad3a188ee14,b4ccbc5a269eb25d,1647788604903,frontend-0,56.874,1234,58.5025,1.5610000000000035,53318.439,-1.6284999999999954,-0.7036663997437504,-0.09672698308903804,,2994955
d1c8a67ed9ef9f3adb481218782e674f,cec8a9f254dc8c32,1647789636183,frontend-0,29.066,310,30.455,1.3254999999999981,43849.491,-1.3889999999999993,-0.7068129007921545,-0.09675700794628295,,3005780
7759c5915c4e7fcff3dffb7a6981afa4,14af63d6beea8a78,1647788862376,frontend-0,29.062,310,30.455,1.3254999999999981,43849.491,-1.3929999999999971,-0.7088483591097695,-0.09675700794628295,,2997593
a981fc99eeaf64cb20b5d17526ffcd98,848fe88e932a278d,1647789920034,frontend-2,65.163,362,67.275,2.0080000000000027,27147.171,-2.112000000000009,-0.7094342629482092,-0.09675700794628295,,9112950
49922779ddbfc6dd2210d71b29193ddd,dc0f3e6a51937835,1647789079155,frontend-0,56.86,1234,58.5025,1.5610000000000035,53318.439,-1.6424999999999983,-0.7097157270980117,-0.09675700794628295,,7579262
7a61791a911c50b0784f362e6b47bb8c,bf6c04baf9ef43c2,1647789759406,frontend-0,29.058,310,30.455,1.3254999999999981,43849.491,-1.3969999999999985,-0.7108838174273862,-0.09675700794628295,,4533442
e17dd771f3fdf14be757b0237135c071,6d6d08605018c916,1647789162341,frontend-0,56.85,1234,58.5025,1.5610000000000035,53318.439,-1.6524999999999963,-0.7140366752081966,-0.09594936510825713,,6051845
1e54902db6081e0f358322f7cf77a0fe,1a53eb3c9d1f3b7f,1647788778956,frontend-2,10.851,204,11.328,0.4504999999999999,16.977,-0.47699999999999854,-0.7141764705882332,-0.09594936510825713,,2996606
13f1bcdd6e7b84b1b293f249ad82ec00,e1f11307d7dda112,1647788510946,frontend-2,0.164,207,0.181,0.015999999999999986,0.938,-0.016999999999999987,-0.71665625,-0.09590143707869081,,4520115
466207530c153ed8146340845ee6efa0,287770339d14d906,1647788592902,frontend-0,0.164,207,0.181,0.015999999999999986,0.938,-0.016999999999999987,-0.71665625,-0.09590143707869081,,4520979
8311d61b7d498d15208cc09b63d14972,8d2853c7bc5fd66a,1647788519332,frontend-2,0.164,207,0.181,0.015999999999999986,0.938,-0.016999999999999987,-0.71665625,-0.09590143707869081,,7573496
e00ed9cae3fb25ec2f58f64f09e6580a,3ad588346b2b7a71,1647789060524,frontend-2,0.164,207,0.181,0.015999999999999986,0.938,-0.016999999999999987,-0.71665625,-0.09590143707869081,,9103813
7c739525da9904569909b934b0631934,e96ec2e41122619a,1647789720233,frontend-2,0.164,207,0.181,0.015999999999999986,0.938,-0.016999999999999987,-0.71665625,-0.09590143707869081,,9110921
24ef2f39089af689b2d9e64210ae71a0,61f19e7124b8a60e,1647789948955,frontend-0,29.046,310,30.455,1.3254999999999981,43849.491,-1.408999999999999,-0.7169901923802343,-0.09590143707869081,,3008985
eb2f175587ef950fa3b07dd3eda089ef,07c838ce3d2ec5e3,1647788758554,frontend-0,56.842,1234,58.5025,1.5610000000000035,53318.439,-1.660499999999999,-0.7174934336963464,-0.09590143707869081,,6047417
4b80de310ab6163b5163fc2a540f6b81,dcb67174b0b88815,1647788707226,frontend-2,56.839,1234,58.5025,1.5610000000000035,53318.439,-1.663499999999999,-0.7187897181294022,-0.09590143707869081,,2995927
bf6e6fee6424ac39728f0175b6632c48,4bc315de5848dcc0,1647789368289,frontend-0,65.132,362,67.275,2.0080000000000027,27147.171,-2.1430000000000007,-0.7198473605577682,-0.09637505573817484,,4529191
5b282934acaa3e183d4b8d5c43819c3c,d23d814c941306c3,1647788981775,frontend-0,56.836,1234,58.5025,1.5610000000000035,53318.439,-1.6664999999999992,-0.720086002562458,-0.09637505573817484,,2998790
e70a8d169a0f1626ad9ad03bfba63e44,1b32bc1e8c66e45f,1647788843883,frontend-2,56.831,1234,58.5025,1.5610000000000035,53318.439,-1.6714999999999947,-0.7222464766175489,-0.09637505573817484,,6048344
0d4d21efcfe229c066ee89c4dce7e70d,c438471128e1674e,1647788994368,frontend-0,56.826,1234,58.5025,1.5610000000000035,53318.439,-1.6764999999999972,-0.7244069506726429,-0.09637505573817484,,2998918
566a9bbc0e2290a25580c3d47a152f6f,3b6d740c7811e8a4,1647788860248,frontend-2,55.901,147,58.031,1.9810000000000016,60000.328,-2.1299999999999955,-0.7252322059565854,-0.09637505573817484,,2997567
e062751ffe56fb1535c75ce46cd82496,9021f9c4076abda2,1647789704933,frontend-0,56.824,1234,58.5025,1.5610000000000035,53318.439,-1.6784999999999997,-0.7252711402946811,-0.09637505573817484,,6057594
6d7c490f35610e27414093708cb4bb74,90e8db3648605918,1647788854756,frontend-0,56.821,1234,58.5025,1.5610000000000035,53318.439,-1.6814999999999998,-0.7265674247277369,-0.09637505573817484,,9101662
3ec05f67b5a5bfec773667c9338db0a7,449d964b296cbbe1,1647789364031,frontend-2,29.026,310,30.455,1.3254999999999981,43849.491,-1.4289999999999985,-0.7271674839683141,-0.09637505573817484,,6053919
e4fb86c306b4d07dafa3a20d40acb80d,2ca4ad088e32c1fc,1647789509687,frontend-2,29.019,310,30.455,1.3254999999999981,43849.491,-1.436,-0.7307295360241428,-0.09637505573817484,,4530763
410bdbff7c4bea61ea0bcab2255e8171,f916168cabb1d812,1647788474556,frontend-0,56.811,1234,58.5025,1.5610000000000035,53318.439,-1.6914999999999978,-0.7308883728379219,-0.09637505573817484,,7573002
5ad3e09c5725e50bd54356f3e3525c7e,b340e07ab7784764,1647790004454,frontend-0,56.808,1234,58.5025,1.5610000000000035,53318.439,-1.694499999999998,-0.7321846572709776,-0.09637505573817484,,9113815
28192dbb7c1253f4e1c154d0e3114baa,fa011b7892d22b42,1647788561674,frontend-0,55.88,147,58.031,1.9810000000000016,60000.328,-2.1509999999999962,-0.732382382635031,-0.09763663515657528,,6045440
785bafddf35324e237da75e02cb00a40,833bdcca944e8079,1647788495006,frontend-0,56.807,1234,58.5025,1.5610000000000035,53318.439,-1.6954999999999956,-0.7326167520819951,-0.09763663515657528,,4519965
391f3e53b6141f596e1fcdb82b2c2bdb,3a859b39dcfd43fa,1647788482875,frontend-2,10.837,204,11.328,0.4504999999999999,16.977,-0.49099999999999966,-0.7351376248612649,-0.09763663515657528,,4519827
f94987ce22fb1efcfc5cef2f49df6b7a,63cb32f3cec0960e,1647789399249,frontend-2,56.801,1234,58.5025,1.5610000000000035,53318.439,-1.7014999999999958,-0.7352093209481066,-0.09763663515657528,,3003210
34ccb4444be945cd717a565b6810a4d0,231a10bad8cf3d13,1647789259303,frontend-0,86.743,102,93.9525,6.612499999999997,6746.74,-7.209500000000006,-0.7353962570888477,-0.09763663515657528,,7581228
14a1c920d991bfffcc06d2023a18e921,fd8ff444ee7aecc5,1647790120669,frontend-2,55.871,147,58.031,1.9810000000000016,60000.328,-2.1599999999999966,-0.7354467440686504,-0.09763663515657528,,9115091
00be4d10fabb85f8e60f38aff7694f83,3e100ca951c96a8e,1647789278857,frontend-2,56.799,1234,58.5025,1.5610000000000035,53318.439,-1.7034999999999982,-0.7360735105701449,-0.09763663515657528,,6053027
657c3ea4e2d2c4df5c14b6b3bd95ee84,6405cbdf45b8cad7,1647789977306,frontend-0,56.799,1234,58.5025,1.5610000000000035,53318.439,-1.7034999999999982,-0.7360735105701449,-0.09763663515657528,,9113537
de302303c8a4750289f51df3ab6c4c93,4631d349a2fba690,1647790027339,frontend-2,55.858,147,58.031,1.9810000000000016,60000.328,-2.173000000000002,-0.7398730439172135,-0.09712964487770065,,6060872
4121c51d8e064e8dededd97296e73f19,a52efb9449f0357c,1647789458976,frontend-2,29.001,310,30.455,1.3254999999999981,43849.491,-1.453999999999997,-0.7398890984534133,-0.09712964487770065,,7583291
8faff3b355da62ec9ac6ab15847f50b7,6121d1d9af9cb099,1647789995054,frontend-0,56.788,1234,58.5025,1.5610000000000035,53318.439,-1.714500000000001,-0.7408265534913505,-0.0971765053532993,,9113701
f6adaebc26ef9f3332b3ce5798b6064a,24790e9812c4eebd,1647790191038,frontend-2,56.783,1234,58.5025,1.5610000000000035,53318.439,-1.7194999999999965,-0.7429870275464414,-0.0971765053532993,,7590959
59f957a049c963580a9f32bc79f70aa2,82a9b31be75e868c,1647789329964,frontend-0,56.779,1234,58.5025,1.5610000000000035,53318.439,-1.7234999999999943,-0.7447154067905148,-0.0971765053532993,,7581900
285c51940634d0afc1f50336e5816f3e,bc2d81cdea5af64f,1647790160206,frontend-0,65.054,362,67.275,2.0080000000000027,27147.171,-2.2210000000000036,-0.7460480577689245,-0.0971765053532993,,3011296
242f787e1a2ce89a667476b40e2c5b5a,989a4ec53d802615,1647788812460,frontend-2,56.775,1234,58.5025,1.5610000000000035,53318.439,-1.7274999999999991,-0.7464437860345912,-0.0971765053532993,,4523182
385e452d52ba0c30315353cd67711df4,1c6fd035468e6f06,1647789659558,frontend-2,65.048,362,67.275,2.0080000000000027,27147.171,-2.227000000000004,-0.7480634960159365,-0.09665729857117966,,6057076
c1a69518a63d51a495ff7c4d6ff32587,5693f63edbe62643,1647789865052,frontend-0,56.766,1234,58.5025,1.5610000000000035,53318.439,-1.7364999999999995,-0.7503326393337585,-0.09665729857117966,,4534476
299bcd88e72a0a76a796674a8394c29b,3aba5fe1c58e464a,1647788968128,frontend-0,56.763,1234,58.5025,1.5610000000000035,53318.439,-1.7394999999999996,-0.7516289237668142,-0.09665729857117966,,2998641
b96f425415c0240cafd653948347f39a,c9b13bbf749a7391,1647788473757,frontend-2,55.819,147,58.031,1.9810000000000016,60000.328,-2.211999999999996,-0.7531519434628956,-0.09665729857117966,,4519741
710c0fda25aa155d63fa773df572d3b3,125d426d04c17861,1647789572346,frontend-0,56.757,1234,58.5025,1.5610000000000035,53318.439,-1.7454999999999998,-0.7542214926329258,-0.09665729857117966,,9109305
9463019eaaed0e0881d7c06847c890d4,f5c6dd435567c9e8,1647788880444,frontend-2,65.027,362,67.275,2.0080000000000027,27147.171,-2.2480000000000047,-0.7551175298804786,-0.09665729857117966,,9101891
946dd7bd355b65d1dbf31cceefb89715,a7fa9859f0e25994,1647789251237,frontend-0,65.026,362,67.275,2.0080000000000027,27147.171,-2.2490000000000094,-0.7554534362549822,-0.09665729857117966,,7581122
2f3d98182730db70665e7fb2edded3e5,ff56cb736a2a5152,1647788957013,frontend-0,56.754,1234,58.5025,1.5610000000000035,53318.439,-1.7485,-0.7555177770659817,-0.09665729857117966,,9102704
5e59987b4d2920079df0f1e934c60423,e2039fa77b0eef3e,1647788822399,frontend-0,28.969,310,30.455,1.3254999999999981,43849.491,-1.485999999999997,-0.7561727649943414,-0.09665729857117966,,9101278
6bbd1af337abc9f28a0d43a544d9db32,d00f146813ec5829,1647789373624,frontend-0,86.528,102,93.9525,6.612499999999997,6746.74,-7.424499999999995,-0.757327069943289,-0.09665729857117966,,9107145
425fc4ce4479b6763d424ab6c09c9bad,d00b8b49a4697403,1647789550432,frontend-0,55.803,147,58.031,1.9810000000000016,60000.328,-2.2280000000000015,-0.7585996971226652,-0.09578453851052565,,3004801
e534e38dc31ad8da850f2fffea59c44f,0cc77d13dcf68198,1647788405028,frontend-2,0.163,207,0.181,0.015999999999999986,0.938,-0.017999999999999988,-0.7588125000000001,-0.09578453851052565,,2992791
e878852b75430fb8a469bf2b5da57ee1,015748d1c6d8b0f0,1647789370004,frontend-2,0.163,207,0.181,0.015999999999999986,0.938,-0.017999999999999988,-0.7588125000000001,-0.09578453851052565,,3002883
9bb85b0a84e01d9e5d5fe0fd3b113b35,8e225bca8178467a,1647789952901,frontend-2,0.163,207,0.181,0.015999999999999986,0.938,-0.017999999999999988,-0.7588125000000001,-0.09578453851052565,,4535406
c89d0a2f02035943c552970bec79b784,05219d3ac9e3de0c,1647789408410,frontend-2,0.163,207,0.181,0.015999999999999986,0.938,-0.017999999999999988,-0.7588125000000001,-0.09578453851052565,,7582690
a85061002070b194938fdde531dd342a,3bbb8610fe4d341e,1647789716619,frontend-2,0.163,207,0.181,0.015999999999999986,0.938,-0.017999999999999988,-0.7588125000000001,-0.09578453851052565,,7586044
5023b5046aa8d26e3a3cd01b0472481d,a069fa75b36314d7,1647788661539,frontend-0,55.801,147,58.031,1.9810000000000016,60000.328,-2.229999999999997,-0.7592806663301346,-0.09578453851052565,,4521673
8ed15e36ce47b725a8e920948323b6cf,17a1fc9b4dda0131,1647788768837,frontend-2,55.797,147,58.031,1.9810000000000016,60000.328,-2.2340000000000018,-0.7606426047450782,-0.09578453851052565,,9100714
cbf8fb0e68372ffd97abbdc710960089,681088cded329e3d,1647788598848,frontend-0,28.96,310,30.455,1.3254999999999981,43849.491,-1.4949999999999974,-0.7607525462089775,-0.09578453851052565,,7574285
04194148f1c046938c34bf116d27900b,d1a84d471f8d12f4,1647789875027,frontend-0,56.74,1234,58.5025,1.5610000000000035,53318.439,-1.7624999999999957,-0.7615671044202399,-0.09578453851052565,,3008237
fcd8fd1b92ee1c25fd46b77e2d1255ff,0baaf27414e8e128,1647788640327,frontend-0,55.794,147,58.031,1.9810000000000016,60000.328,-2.237000000000002,-0.7616640585562846,-0.09578453851052565,,7574680
c3c1b4fc16c1dbb145642fcdf0d9f8bd,73b713109e527488,1647789623120,frontend-0,28.958,310,30.455,1.3254999999999981,43849.491,-1.4969999999999999,-0.7617702753677867,-0.09578453851052565,,3005670
bf96977c6eff5ac82a5cc15f55cf2301,d12d0a3affb312d0,1647789929162,frontend-2,28.957,310,30.455,1.3254999999999981,43849.491,-1.4979999999999976,-0.7622791399471895,-0.09583158771663586,,6059829
9914f437d1fed1222d87b72eeaeefa9b,07b17125824dddaa,1647789363856,frontend-2,56.733,1234,58.5025,1.5610000000000035,53318.439,-1.7695000000000007,-0.7645917680973722,-0.09583158771663586,,3002819
fc3a4d11ca52fc057be7f16590dba2db,e24c8edda522a725,1647789448255,frontend-0,64.996,362,67.275,2.0080000000000027,27147.171,-2.2790000000000106,-0.7655306274900424,-0.09583158771663586,,7583170
a4d6d258c02e664b37b854e93fe91ec4,ad37ab6de38c63d6,1647790133956,frontend-0,64.992,362,67.275,2.0080000000000027,27147.171,-2.2830000000000013,-0.7668742529880472,-0.09583158771663586,,7590335
b7f673e0db8e6ab609a1f0b89844cd61,b1c4ac243486dac2,1647789015362,frontend-0,64.991,362,67.275,2.0080000000000027,27147.171,-2.284000000000006,-0.7672101593625508,-0.09583158771663586,,2999183
d21304c641668c2bdd1556a1b5cd4571,22981725d4b24ab3,1647790012574,frontend-0,56.717,1234,58.5025,1.5610000000000035,53318.439,-1.785499999999999,-0.7715052850736686,-0.09542866377607773,,9113878
72c2dacddac49445253e76020d30aef1,eef9bdec18452394,1647789530166,frontend-2,10.812,204,11.328,0.4504999999999999,16.977,-0.516,-0.7725682574916761,-0.09538076771625542,,7584077
a79d90264db21f1a126eb8c858feec5a,9db6b68f8c5c5abd,1647790042216,frontend-2,64.973,362,67.275,2.0080000000000027,27147.171,-2.3020000000000067,-0.7732564741035869,-0.09538076771625542,,7589367
2b035c5b46a84c6929594d55f20523cb,9209e2465c7b77f1,1647788807875,frontend-0,10.81,204,11.328,0.4504999999999999,16.977,-0.5179999999999989,-0.7755627081021073,-0.09538076771625542,,4523109
7659dfdc0fb889b45c7db3cd3137a85c,4f3e7f2d06b9effa,1647788887275,frontend-2,64.943,362,67.275,2.0080000000000027,27147.171,-2.332000000000008,-0.7833336653386469,-0.09487898403976108,,4523927
cc12edf505006a23ed9dc8d3fb617d75,ff7b6db77de304de,1647788653437,frontend-0,56.689,1234,58.5025,1.5610000000000035,53318.439,-1.8134999999999977,-0.7836039397821881,-0.09487898403976108,,7574799
64dc97ad464e826a6ad1d9498afecba3,8ed3bbec3c80cd64,1647788968662,frontend-0,56.685,1234,58.5025,1.5610000000000035,53318.439,-1.8174999999999955,-0.7853323190262615,-0.09487898403976108,,7577980
0425fda1c27fe4d01cb6ceff34aaecf5,ae9ada36bbafef5c,1647789744654,frontend-2,55.724,147,58.031,1.9810000000000016,60000.328,-2.307000000000002,-0.7854979808177689,-0.09487898403976108,,9111163
12a99b7fd02af732dee3e64e11d90fd3,f5c6c06a90ef5f8f,1647788426248,frontend-2,56.684,1234,58.5025,1.5610000000000035,53318.439,-1.8185000000000002,-0.7857644138372821,-0.09487898403976108,,7572500
b84f9435ba30b1a2d1eef87085de76c8,adefe18c31e3acb3,1647788852178,frontend-2,56.682,1234,58.5025,1.5610000000000035,53318.439,-1.8204999999999956,-0.7866286034593172,-0.09487898403976108,,6048440
c49696f29cd8a2a73342654167ec0ad9,de9160df72c34600,1647789526051,frontend-2,55.72,147,58.031,1.9810000000000016,60000.328,-2.311,-0.78685991923271,-0.0951063965495425,,3004551
7c8b762f16f97d7fa6eee31a41baa98c,f1ad06c679cf19e9,1647789679851,frontend-2,28.908,310,30.455,1.3254999999999981,43849.491,-1.546999999999997,-0.7872135043379852,-0.0951063965495425,,7585669
87a01395c58a2ddc0a244ff791bd7e1d,ab54b6887aba648f,1647789094787,frontend-2,56.679,1234,58.5025,1.5610000000000035,53318.439,-1.8234999999999957,-0.787924887892373,-0.0951063965495425,,3000017
7e217e4465b3cce16da5fb1462dd90af,9061a64d802ec388,1647788995010,frontend-0,10.8,204,11.328,0.4504999999999999,16.977,-0.5279999999999987,-0.7905349611542712,-0.0951063965495425,,6049951
1fbf13021a37591d61a2b1b624fcc611,35554daffd847b34,1647789986224,frontend-2,55.709,147,58.031,1.9810000000000016,60000.328,-2.3219999999999956,-0.7906052498737989,-0.0951063965495425,,4535749
e83ec7845d69b5b50f3f0c844e506e23,b0c50631d24adb19,1647788492515,frontend-0,28.901,310,30.455,1.3254999999999981,43849.491,-1.5539999999999985,-0.7907755563938139,-0.0951063965495425,,4519934
e38720464238900617db8abc2e7dcf57,0c7215f542ce9d55,1647789358709,frontend-2,56.671,1234,58.5025,1.5610000000000035,53318.439,-1.8314999999999984,-0.7913816463805228,-0.0951063965495425,,3002781
1b870371402d564f901db5d4b07672e6,e52f2d6085328503,1647789409308,frontend-2,56.666,1234,58.5025,1.5610000000000035,53318.439,-1.836500000000001,-0.7935421204356168,-0.0951063965495425,,6054390
84e0ec5259ddb875051ccdfb74c3fbb5,45c7fab6a86ebc8c,1647788988893,frontend-0,56.665,1234,58.5025,1.5610000000000035,53318.439,-1.8374999999999986,-0.7939742152466344,-0.0951063965495425,,7578220
4420e3425186387e78dad4290c0a49c3,04f2b544be3779e0,1647789743951,frontend-2,56.664,1234,58.5025,1.5610000000000035,53318.439,-1.8384999999999962,-0.7944063100576519,-0.0951063965495425,,9111157
a8f319f967369590551b0e64a5daec75,6ebe417b1bf4b6d3,1647789005919,frontend-2,56.661,1234,58.5025,1.5610000000000035,53318.439,-1.8414999999999964,-0.7957025944907077,-0.0951063965495425,,4525237
bd99e21690c4d4595f7ccdb8a2d89e2c,946135c3ff8eff4d,1647789313784,frontend-0,56.659,1234,58.5025,1.5610000000000035,53318.439,-1.8434999999999988,-0.7965667841127458,-0.0951063965495425,,6053348
4b0efc37dd0ea36571f679d4f0cf7d68,8527e9bade0e29ab,1647788949421,frontend-0,56.654,1234,58.5025,1.5610000000000035,53318.439,-1.8484999999999943,-0.798727258167837,-0.0951063965495425,,4524653
c9bf7e4f84860063c47cfb663bda0a1f,1d29e3fb30fa20af,1647789133835,frontend-0,64.896,362,67.275,2.0080000000000027,27147.171,-2.379000000000005,-0.7991212649402396,-0.0951063965495425,,9104638
87f97de3814e3594718798f2fb98a688,fb82cc2de36496c4,1647789033601,frontend-0,0.162,207,0.181,0.015999999999999986,0.938,-0.01899999999999999,-0.8009687500000001,-0.0951063965495425,,2999382
f3b899a4b3e386f693f8431946af370a,7eb857f09756bfd4,1647789942225,frontend-2,0.162,207,0.181,0.015999999999999986,0.938,-0.01899999999999999,-0.8009687500000001,-0.0951063965495425,,4535291
2e5d19dd4bb4703abc3c536f06a37495,dae1eae439da04c3,1647788716079,frontend-2,0.162,207,0.181,0.015999999999999986,0.938,-0.01899999999999999,-0.8009687500000001,-0.0951063965495425,,7575363
d7e22df51b8068588372e7f76023a517,c8847e0143e80a8f,1647789957448,frontend-2,0.162,207,0.181,0.015999999999999986,0.938,-0.01899999999999999,-0.8009687500000001,-0.0951063965495425,,9113323
126ae4861dfaaec416dc4d5e36c66530,faa0ff555f063c56,1647789985422,frontend-0,56.648,1234,58.5025,1.5610000000000035,53318.439,-1.8544999999999945,-0.8013198270339484,-0.0951063965495425,,6060410
cfbba0959fe33c84462ee1cf6de61bc8,63fcd0de5e3ab896,1647789390746,frontend-0,28.875,310,30.455,1.3254999999999981,43849.491,-1.5799999999999983,-0.8040060354583178,-0.0951063965495425,,9107358
504ba78276cce008e7a34feed5bd39ef,4d08beb0d2388295,1647789559489,frontend-0,56.64,1234,58.5025,1.5610000000000035,53318.439,-1.8624999999999972,-0.8047765855220982,-0.0951063965495425,,3004907
cb3fb9237190b3fc6cc9c80a67f2d156,378af4198b392765,1647788468498,frontend-0,56.639,1234,58.5025,1.5610000000000035,53318.439,-1.8634999999999948,-0.8052086803331157,-0.0951063965495425,,7572951
af5c7185e90aded4ad485249ab3fe23f,39cee1435433721f,1647788890646,frontend-2,86.034,102,93.9525,6.612499999999997,6746.74,-7.9184999999999945,-0.8077169376181472,-0.0945223099137868,,9102000
e9facec54e6498be7ae721c56d1a0cba,e7ec113dcd60f226,1647788891272,frontend-0,64.865,362,67.275,2.0080000000000027,27147.171,-2.410000000000011,-0.8095343625498034,-0.0945223099137868,,4523999
116d80693a2e93a5b2100623caa9a537,ae0e9a3b54ee70a6,1647789688935,frontend-0,55.653,147,58.031,1.9810000000000016,60000.328,-2.378,-0.8096723876829877,-0.0945223099137868,,7585770
b13f7977b47eeeaf9066b140c0a0c20d,2b31cba93fbe78c9,1647789107500,frontend-0,56.628,1234,58.5025,1.5610000000000035,53318.439,-1.8744999999999976,-0.8099617232543213,-0.0945223099137868,,6051202
33e3259a1aa4f7ed572eda00e0fe262a,f516bd2d5553a8db,1647790034640,frontend-2,55.643,147,58.031,1.9810000000000016,60000.328,-2.387999999999998,-0.8130772337203419,-0.0945223099137868,,9114181
9dba0249371c9bc028b491fccd4261dd,d1f6c89d27a7bfb1,1647789788898,frontend-2,64.854,362,67.275,2.0080000000000027,27147.171,-2.4210000000000065,-0.8132293326693238,-0.0945223099137868,,3007380
fdcf7eeacef3533bfa6eb286bff8b07d,5d6fa2c58a8fa2b1,1647789231158,frontend-0,64.853,362,67.275,2.0080000000000027,27147.171,-2.4220000000000113,-0.8135652390438274,-0.0945223099137868,,6052524
a4b2ddf8e095ff6a751801af8c874b39,79f750f36c8f0160,1647789569568,frontend-2,28.856,310,30.455,1.3254999999999981,43849.491,-1.5989999999999966,-0.813674462466993,-0.0945223099137868,,4531386
6704b5ca84a1f6b0f5f01d2dfc23b0f6,3ad3e80ef907f4b6,1647788822099,frontend-0,28.855,310,30.455,1.3254999999999981,43849.491,-1.5999999999999979,-0.8141833270463977,-0.0945223099137868,,9101274
9253efd2da903b263ad8da8b27dd62dd,8479b79ca22d426c,1647788856153,frontend-2,56.609,1234,58.5025,1.5610000000000035,53318.439,-1.893499999999996,-0.8181715246636736,-0.0945223099137868,,2997539
3c14050415e87a021a1a29ed4188cde1,def31419c8022388,1647790149397,frontend-0,28.846,310,30.455,1.3254999999999981,43849.491,-1.6089999999999982,-0.8187631082610337,-0.0945223099137868,,6062266
3b9f90a3e431b09bf01801c32ecf4d47,94862db537ba1211,1647789264707,frontend-2,28.846,310,30.455,1.3254999999999981,43849.491,-1.6089999999999982,-0.8187631082610337,-0.0945223099137868,,9106035
afd377d7189011167c707668f6644a91,54a2a3585c30f74c,1647789563562,frontend-0,64.836,362,67.275,2.0080000000000027,27147.171,-2.439000000000007,-0.8192756474103599,-0.0945223099137868,,4531319
0e0e6eaba3800dea7233df5b0cd5e433,b3df8b04f1fe321d,1647790128940,frontend-0,55.623,147,58.031,1.9810000000000016,60000.328,-2.4080000000000013,-0.8198869257950527,-0.09388545822451827,,4537360
052a8d1ada73f924381adc566d3a4ebc,0e63fca6c6331819,1647789218960,frontend-0,55.615,147,58.031,1.9810000000000016,60000.328,-2.415999999999997,-0.8226108026249351,-0.09388545822451827,,6052400
4792a85a060526a34f084124e083bae3,9bb6d2fa4f70851b,1647788540428,frontend-0,55.612,147,58.031,1.9810000000000016,60000.328,-2.418999999999997,-0.8236322564361416,-0.09388545822451827,,2994259
47591b91e186438d53ec25ca5d13a20f,877c92dfe50bc35c,1647789511375,frontend-2,56.593,1234,58.5025,1.5610000000000035,53318.439,-1.9094999999999942,-0.8250850416399701,-0.09369108700716777,,6055541
9f3ff7170186157fff036e404e83ddbb,b452b9577ea8d459,1647788796554,frontend-2,28.83,310,30.455,1.3254999999999981,43849.491,-1.625,-0.8269049415314986,-0.09369108700716777,,6047813
e20ab2188bb836766f723325864a209d,1ee3c9d31da060aa,1647788685559,frontend-2,28.824,310,30.455,1.3254999999999981,43849.491,-1.6309999999999967,-0.8299581290079209,-0.09369108700716777,,7575100
91b6cbba9101843787f3dbb1bd1f6d21,1a839f9a6b55f662,1647788975652,frontend-0,28.823,310,30.455,1.3254999999999981,43849.491,-1.631999999999998,-0.8304669935873257,-0.09369108700716777,,9102870
38845ff81b6fe366f26814a308f3886b,8f6877984cce8823,1647789696992,frontend-0,56.579,1234,58.5025,1.5610000000000035,53318.439,-1.923499999999997,-0.8311343689942313,-0.09369108700716777,,4532779
eba0f81ce893cc8047a343a5cb0cc61f,9958a1092555e7eb,1647790068140,frontend-2,28.819,310,30.455,1.3254999999999981,43849.491,-1.6359999999999992,-0.8325024519049422,-0.09369108700716777,,4536711
0be03b6d5e55c6ae9098145fcda60bf1,37726f473dd49334,1647789394648,frontend-0,28.818,310,30.455,1.3254999999999981,43849.491,-1.636999999999997,-0.8330113164843452,-0.09369108700716777,,7582565
2566f50ca9b6eb716086b369d7082b5d,5d03e8861b68c2f8,1647788924677,frontend-0,28.817,310,30.455,1.3254999999999981,43849.491,-1.6379999999999981,-0.8335201810637498,-0.09369108700716777,,2998237
5d0f9b3a1279c1d43a07000c922e0c2f,3d71afbd5b47b76c,1647789488250,frontend-2,64.779,362,67.275,2.0080000000000027,27147.171,-2.4960000000000093,-0.838422310756974,-0.09369108700716777,,4530523
527c4ce814ccb0e2ad6b5a17a06cc9f2,0b4f82636c65b6b2,1647790043770,frontend-2,64.774,362,67.275,2.0080000000000027,27147.171,-2.5010000000000048,-0.8401018426294826,-0.09369108700716777,,3010006
5bc5660ef333c64a16df01f5b4d0e21a,c70a9363d1b597eb,1647788783821,frontend-0,55.555,147,58.031,1.9810000000000016,60000.328,-2.475999999999999,-0.8430398788490651,-0.09304837873124489,,2996692
1128f173aa6b384a3755d2d50f960782,96d5c8467a8ceda9,1647789371037,frontend-2,0.161,207,0.181,0.015999999999999986,0.938,-0.01999999999999999,-0.8431250000000003,-0.09304837873124489,,3002896
ced9ea00a5c3488fd9288c2a8dedee35,75027ed28db42247,1647790141963,frontend-2,0.161,207,0.181,0.015999999999999986,0.938,-0.01999999999999999,-0.8431250000000003,-0.09304837873124489,,3011073
853669de7fa28c1aa1d01ee8cfb26951,c1a7b770524eb81c,1647790151727,frontend-2,0.161,207,0.181,0.015999999999999986,0.938,-0.01999999999999999,-0.8431250000000003,-0.09304837873124489,,3011207
2530b514be406ed72a7ab1452354225b,18991200fc45b552,1647788912801,frontend-2,0.161,207,0.181,0.015999999999999986,0.938,-0.01999999999999999,-0.8431250000000003,-0.09304837873124489,,4524223
c3736d6261e56cb3cf1dbac819438f1b,c1b8cd95b60c0528,1647789032097,frontend-2,0.161,207,0.181,0.015999999999999986,0.938,-0.01999999999999999,-0.8431250000000003,-0.09304837873124489,,4525521
062da529af09f4cf0401d3662a6c3daf,d6c763d4e4c1b850,1647789673817,frontend-2,0.161,207,0.181,0.015999999999999986,0.938,-0.01999999999999999,-0.8431250000000003,-0.09304837873124489,,7585579
001f08b88755617e4599420a9b171edf,1aeb275478a75695,1647788799677,frontend-2,64.765,362,67.275,2.0080000000000027,27147.171,-2.510000000000005,-0.8431250000000006,-0.09304837873124489,,4523044
062efb49defc6a73676d077a2f6929b4,411b25248e8e8b90,1647789594606,frontend-2,64.76,362,67.275,2.0080000000000027,27147.171,-2.5150000000000006,-0.8448045318725089,-0.09304837873124489,,6056401
51c20bf6c2db40e2bbefaacb7d40168c,3cc11d406a21383d,1647790039066,frontend-0,28.794,310,30.455,1.3254999999999981,43849.491,-1.6609999999999978,-0.8452240663900416,-0.09304837873124489,,4536372
708c92d87602c157d4cfa89901138990,b380c2a2c65fcdbe,1647790078786,frontend-2,56.546,1234,58.5025,1.5610000000000035,53318.439,-1.9564999999999984,-0.8453934977578449,-0.09304837873124489,,6061482
7af675260a743d4b399dee441e1ae1ad,c9b31bec700be449,1647789905503,frontend-0,64.752,362,67.275,2.0080000000000027,27147.171,-2.5230000000000103,-0.8474917828685282,-0.09304837873124489,,3008539
e91a943043ff79ebfbc722d503ff1f2a,5359ae77b80c6a05,1647788918046,frontend-2,85.622,102,93.9525,6.612499999999997,6746.74,-8.3305,-0.8497424952741025,-0.09304837873124489,,6049130
34f133e3529a06ce122a3e2dbec44653,96a4a7cca9f9f8ff,1647789712433,frontend-0,56.532,1234,58.5025,1.5610000000000035,53318.439,-1.9705000000000013,-0.8514428251121063,-0.09304837873124489,,4532955
3d42fcaebae1d5bcfd48a560cf313aef,edba8c753a40b946,1647788491549,frontend-2,28.78,310,30.455,1.3254999999999981,43849.491,-1.6749999999999972,-0.8523481705016973,-0.09304837873124489,,2993763
1fc281a4e8ba314c1eab82e276e31be6,29549fb7b924592f,1647790125485,frontend-2,56.529,1234,58.5025,1.5610000000000035,53318.439,-1.9734999999999943,-0.8527391095451589,-0.09304837873124489,,4537320
0c8f8055796f6f10dfb8b7e683b16e0b,b4de381e42edcc00,1647789039728,frontend-0,56.523,1234,58.5025,1.5610000000000035,53318.439,-1.9794999999999945,-0.8553316784112706,-0.09304837873124489,,2999490
e4a33c2002400fc2e3171a4b5957c48a,0e30308702723790,1647789109085,frontend-2,28.773,310,30.455,1.3254999999999981,43849.491,-1.6819999999999986,-0.855910222557526,-0.09304837873124489,,7579568
089be5d0843752525bccb4a19a417f9d,0c31ce78ecf09543,1647788977186,frontend-0,56.521,1234,58.5025,1.5610000000000035,53318.439,-1.981499999999997,-0.8561958680333087,-0.09304837873124489,,7578085
fb0ccfb3f08647e10f8b9c4f98e6f5ff,973dd98202e173ee,1647789830271,frontend-0,64.72,362,67.275,2.0080000000000027,27147.171,-2.555000000000007,-0.8582407868525908,-0.09304837873124489,,3007812
1ca38d527d53d2cbcd0dc008801ed6ab,b5993fe20cbc32bc,1647789526025,frontend-0,28.768,310,30.455,1.3254999999999981,43849.491,-1.6869999999999976,-0.8584545454545455,-0.09304837873124489,,4530937
e67467bed44df6b05d90b33f755067df,6c04b6b065a92a62,1647789688627,frontend-0,56.513,1234,58.5025,1.5610000000000035,53318.439,-1.9894999999999996,-0.8596526265214585,-0.09304837873124489,,6057382
c482f2ced4e364810bf4aa5bb6fb01b3,8f319805e2f1e089,1647790037902,frontend-0,64.707,362,67.275,2.0080000000000027,27147.171,-2.568000000000012,-0.8626075697211185,-0.09304837873124489,,4536359
286b012e44c93726c7e98192adbfd84e,a8227f5789963a57,1647789865911,frontend-2,56.503,1234,58.5025,1.5610000000000035,53318.439,-1.9994999999999976,-0.8639735746316434,-0.09304837873124489,,6059190
b5914e7b6d6a98c7744e60860e16b437,55eadf28451d6b5d,1647789716621,frontend-2,28.756,310,30.455,1.3254999999999981,43849.491,-1.698999999999998,-0.8645609204073936,-0.09304837873124489,,6057700
7e309359b3bd5924e6119b7c71641ed9,f0e4e52027ec8664,1647789229789,frontend-0,64.701,362,67.275,2.0080000000000027,27147.171,-2.5740000000000123,-0.8646230079681305,-0.09304837873124489,,9105668
1445c3df84d795761985055a45c060ad,44c377ecdf473fb2,1647789908640,frontend-0,64.697,362,67.275,2.0080000000000027,27147.171,-2.578000000000003,-0.8659666334661353,-0.09304837873124489,,4534942
100d3ac30d85a3d9b1034d3162896c25,4dfcfb3c1be8b10f,1647789849460,frontend-2,56.493,1234,58.5025,1.5610000000000035,53318.439,-2.0094999999999956,-0.8682945227418283,-0.09324312018246511,,9112215
2d8ea555496e80c19b2dadd01c01b5e2,73db36c7e418c7a5,1647789240100,frontend-0,64.657,362,67.275,2.0080000000000027,27147.171,-2.618000000000009,-0.8794028884462171,-0.09239873748902616,,7581001
8308740f109623789fc93197f71ff036,ee954369a4fb61a9,1647789659603,frontend-2,64.65,362,67.275,2.0080000000000027,27147.171,-2.625,-0.8817542330677279,-0.09342306932837541,,4532307
dd769aa01c53da23a8c602f0084766f4,71372325ae5959b9,1647789774592,frontend-0,56.461,1234,58.5025,1.5610000000000035,53318.439,-2.041499999999999,-0.8821215566944244,-0.09342306932837541,,6058283
e4d0259ed86eebce88e59c77f8e76137,47bac6b6413bc81c,1647789407743,frontend-0,56.459,1234,58.5025,1.5610000000000035,53318.439,-2.0434999999999945,-0.8829857463164594,-0.09342306932837541,,4529592
71f76e91a96e44f2a78daff51ca828b4,5a88382e6070e663,1647789081740,frontend-2,56.455,1234,58.5025,1.5610000000000035,53318.439,-2.0474999999999994,-0.8847141255605359,-0.09342306932837541,,2999880
8f37d1256edf7c60b05dbdfbd4b7f9a6,6878b52b3a2a8ca3,1647789044846,frontend-0,56.455,1234,58.5025,1.5610000000000035,53318.439,-2.0474999999999994,-0.8847141255605359,-0.09342306932837541,,9103663
0c0d7e5f962c830293493e6283bbe745,bd0899b17cfc48ed,1647789967448,frontend-2,56.455,1234,58.5025,1.5610000000000035,53318.439,-2.0474999999999994,-0.8847141255605359,-0.09342306932837541,,9113432
f0049962052b1481c1f61cd93264d1dc,f66202c71ed6f15c,1647788902767,frontend-2,0.16,207,0.181,0.015999999999999986,0.938,-0.02099999999999999,-0.8852812500000004,-0.09342306932837541,,4524095
784c3d95c5ebc7a200e324922321cc3e,c6ff33fe6a02f0a8,1647789255689,frontend-2,0.16,207,0.181,0.015999999999999986,0.938,-0.02099999999999999,-0.8852812500000004,-0.09342306932837541,,6052793
f91957d1a9bf485fe676c159d6ae2c1f,639eb5a6eac1438d,1647788860185,frontend-2,0.16,207,0.181,0.015999999999999986,0.938,-0.02099999999999999,-0.8852812500000004,-0.09342306932837541,,7576848
7a0cd264b724c3e166bb75708ef84c12,87f32b64219f139a,1647789388256,frontend-2,85.267,102,93.9525,6.612499999999997,6746.74,-8.685500000000005,-0.8859538374291124,-0.09342306932837541,,3003103
2f3bddc71a125589223bca5e51c11fbe,6e69f0b472bd70ad,1647789210227,frontend-2,56.452,1234,58.5025,1.5610000000000035,53318.439,-2.0504999999999995,-0.8860104099935916,-0.09342306932837541,,9105461
24dd701bef8bea7a677f516b662773ee,360ffb99433aeae7,1647789091326,frontend-0,56.449,1234,58.5025,1.5610000000000035,53318.439,-2.0534999999999997,-0.8873066944266474,-0.09342306932837541,,7579402
6cea0406886feb833127b14839e672c5,a73889b482e028c4,1647789639731,frontend-2,56.445,1234,58.5025,1.5610000000000035,53318.439,-2.0574999999999974,-0.8890350736707209,-0.09342306932837541,,6056851
a5c6ab99554ee97d10691e2c7c258d2f,2fc5b9c6e8959ab3,1647789139291,frontend-2,56.445,1234,58.5025,1.5610000000000035,53318.439,-2.0574999999999974,-0.8890350736707209,-0.09342306932837541,,7579928
ae6b86afcad7a77e15dee02368edc4eb,bbb6d91370615952,1647789081151,frontend-0,56.44,1234,58.5025,1.5610000000000035,53318.439,-2.0625,-0.8911955477258147,-0.09402290863216828,,6050936
b262a45aebcaea2a32534dcaafbf65b3,1d410a4bf23e5514,1647789275421,frontend-0,56.436,1234,58.5025,1.5610000000000035,53318.439,-2.066499999999998,-0.8929239269698881,-0.09402290863216828,,4528214
9e271056e5dbfc744c6e22ad72aa27f2,fff5fc0559252fe7,1647788709972,frontend-0,64.604,362,67.275,2.0080000000000027,27147.171,-2.6710000000000065,-0.8972059262948218,-0.09402290863216828,,2995945
ebd2e182761dc6af7130cbe262fcae6d,c67d5e7a0f4c1cf1,1647789453391,frontend-0,56.422,1234,58.5025,1.5610000000000035,53318.439,-2.0805000000000007,-0.8989732543241495,-0.09428245088155551,,3003832
7e4cc40c42a16b71b6ed4e5576f03837,fb228c31147d2fcd,1647789904769,frontend-2,10.727,204,11.328,0.4504999999999999,16.977,-0.6009999999999991,-0.899832408435071,-0.09428245088155551,,7587928
7524d4a9032be632ef5fd5ef06e8b2ba,aa2c0ee864a5fe7f,1647788830130,frontend-0,28.686,310,30.455,1.3254999999999981,43849.491,-1.7689999999999984,-0.9001814409656738,-0.09428245088155551,,4523361
10aa9fbe1c203f4079670522db772943,79014165c96adc99,1647789954320,frontend-2,56.416,1234,58.5025,1.5610000000000035,53318.439,-2.086500000000001,-0.901565823190261,-0.09428245088155551,,3009041
51737e81fe8f72059b7871e101688000,2b9d2f7101897f11,1647789679569,frontend-0,56.412,1234,58.5025,1.5610000000000035,53318.439,-2.0904999999999987,-0.9032942024343344,-0.09428245088155551,,9110467
fe615897ed7f0f872c3402231f1353bf,eca008fa268225cd,1647788417661,frontend-2,64.58,362,67.275,2.0080000000000027,27147.171,-2.6950000000000074,-0.9052676792828698,-0.09386020691741859,,6043897
2566f8d2b198a69801c319ae7878c0eb,f558e5f811ee0299,1647789996204,frontend-2,56.405,1234,58.5025,1.5610000000000035,53318.439,-2.0974999999999966,-0.9063188661114635,-0.09386020691741859,,9113718
212c654fc5e47f3e1e8e1b7546718402,a7080e085839870f,1647788865219,frontend-2,28.669,310,30.455,1.3254999999999981,43849.491,-1.7859999999999978,-0.9088321388155415,-0.09386020691741859,,9101763
511f50177247ac1ba3a564da4d36d17e,64c5cf4d45bcd100,1647789978930,frontend-0,28.666,310,30.455,1.3254999999999981,43849.491,-1.788999999999998,-0.9103587325537534,-0.09386020691741859,,6060347
56c4a682c5e1a5dcd1b35bd316ce2905,51b44e4d9418d250,1647789553280,frontend-2,64.557,362,67.275,2.0080000000000027,27147.171,-2.7180000000000035,-0.9129935258964144,-0.09386020691741859,,6055923
f0856e0074743728f54637cd29056787,011daaeabd21d524,1647788869249,frontend-2,56.387,1234,58.5025,1.5610000000000035,53318.439,-2.1154999999999973,-0.9140965727097982,-0.09386020691741859,,9101790
e7d736f3860999879a7b12f6f18b678c,613271cdd6e4de87,1647788710137,frontend-0,56.386,1234,58.5025,1.5610000000000035,53318.439,-2.116499999999995,-0.9145286675208157,-0.09386020691741859,,7575322
99f45d77f1e92271a1541502f46e717d,e2a012213dcdf734,1647788814942,frontend-0,56.385,1234,58.5025,1.5610000000000035,53318.439,-2.1174999999999997,-0.9149607623318364,-0.09386020691741859,,6048035
0d9e809f498d224703c0337677d6695b,0d7f5c9ec80bc8e7,1647788982897,frontend-0,56.373,1234,58.5025,1.5610000000000035,53318.439,-2.1295,-0.9201459000640595,-0.0930632725850623,,7578167
7b261681c60b52ade713512d1b4f41d0,5d7359de5e31c889,1647789991146,frontend-2,56.369,1234,58.5025,1.5610000000000035,53318.439,-2.133499999999998,-0.9218742793081329,-0.0930632725850623,,3009367
19498b8d95e88276c54516bb973aa7da,f48572aa895a42b4,1647789855796,frontend-0,56.365,1234,58.5025,1.5610000000000035,53318.439,-2.1374999999999957,-0.9236026585522061,-0.0930632725850623,,6059086
d64f7bed7f4844c820b0785255f3fe0b,5788984d55dfe292,1647789956075,frontend-0,56.363,1234,58.5025,1.5610000000000035,53318.439,-2.139499999999998,-0.9244668481742444,-0.0930632725850623,,7588458
f78e7d0fd28250bc9fb4b0af2e198ea5,8e6d254c1ca9cfe5,1647789129658,frontend-0,64.516,362,67.275,2.0080000000000027,27147.171,-2.7590000000000003,-0.9267656872509948,-0.09283447725782162,,3000373
7b25dee915f839c3a36115877888383b,781052cd3b889ff5,1647789150390,frontend-2,0.159,207,0.181,0.015999999999999986,0.938,-0.021999999999999992,-0.9274375000000005,-0.09283447725782162,,3000621
1aa0037a9997fb0720088dd428ff1ef3,04307bccbaf0b18c,1647789364030,frontend-2,0.159,207,0.181,0.015999999999999986,0.938,-0.021999999999999992,-0.9274375000000005,-0.09283447725782162,,3002820
960e8dee5f814256ca741aa57ba051fc,f37a0304ad98ca48,1647788786521,frontend-2,0.159,207,0.181,0.015999999999999986,0.938,-0.021999999999999992,-0.9274375000000005,-0.09283447725782162,,4522886
1feca5da3ab11316754076f908d3ed77,c4afc6925605eae0,1647788448001,frontend-2,0.159,207,0.181,0.015999999999999986,0.938,-0.021999999999999992,-0.9274375000000005,-0.09283447725782162,,7572744
674e620d55f99e68eba24212ee3157c0,072765e522d50c0c,1647789292134,frontend-2,0.159,207,0.181,0.015999999999999986,0.938,-0.021999999999999992,-0.9274375000000005,-0.09283447725782162,,9106309
77a518b95af17ec8d038b05817d20386,f3ac30ee899d26e6,1647790136846,frontend-2,84.844,102,93.9525,6.612499999999997,6746.74,-9.108500000000006,-0.9291014366729689,-0.09283447725782162,,3011002
85dc990f9c44c4ba6c93b9c1348a684a,4690e68c45d7740d,1647789111040,frontend-2,56.348,1234,58.5025,1.5610000000000035,53318.439,-2.1544999999999987,-0.9309482703395232,-0.0924074970321973,,9104392
a1c2da2e795c1b3c4ce0029963571ac7,8c3e40a2648ae17d,1647789351351,frontend-0,64.497,362,67.275,2.0080000000000027,27147.171,-2.778000000000006,-0.9331479083665345,-0.0924074970321973,,9106903
6b4f065cb9a46963acad48e6b18ec1c1,427f40b9c1bb362b,1647790099177,frontend-0,28.621,310,30.455,1.3254999999999981,43849.491,-1.8339999999999996,-0.9332576386269344,-0.0924074970321973,,4537006
e168bddb708d59482ec3f4512d31137a,bd3df9f5ca05c987,1647788719092,frontend-0,28.605,310,30.455,1.3254999999999981,43849.491,-1.8499999999999979,-0.9413994718973975,-0.09211139225580767,,7575403
7f832078cd9bf991e495d8b798390306,03c69de4c74575ca,1647789461333,frontend-0,56.321,1234,58.5025,1.5610000000000035,53318.439,-2.1814999999999998,-0.9426148302370253,-0.09211139225580767,,4530226
5b1c19832908c44a0f3b0d4d1b73fe1c,ad20f5dd78a2336b,1647788992830,frontend-2,28.591,310,30.455,1.3254999999999981,43849.491,-1.8639999999999972,-0.948523576009053,-0.09194059004293603,,7578264
323f59544fb18aa1691b8c6456b8d9b0,1cfc2621295d942f,1647789650842,frontend-0,56.306,1234,58.5025,1.5610000000000035,53318.439,-2.1965000000000003,-0.9490962524023042,-0.09194059004293603,,3005933
ab4947412ff2b0fde612c9640f1749de,9deebedcb3626c5d,1647789031571,frontend-0,28.587,310,30.455,1.3254999999999981,43849.491,-1.8679999999999986,-0.9505590343266698,-0.09194059004293603,,7578733
9f2566c7d5be9536c18a95b00421428a,6548f9664d0a31d4,1647788428826,frontend-0,56.302,1234,58.5025,1.5610000000000035,53318.439,-2.200499999999998,-0.9508246316463775,-0.09194059004293603,,6044027
19fd076f79b665f1938365fbe0b80592,3460d7f0e0432030,1647788588873,frontend-0,28.58,310,30.455,1.3254999999999981,43849.491,-1.875,-0.9541210863824985,-0.09194059004293603,,4520951
4ec6c27c4ca35f0a72697b1afa634195,b96d72c68985c317,1647789268423,frontend-0,28.577,310,30.455,1.3254999999999981,43849.491,-1.8779999999999966,-0.9556476801207088,-0.09194059004293603,,4528149
9c637464565b787b2cf3a13b2755a902,fe977c783000701e,1647790005679,frontend-0,64.424,362,67.275,2.0080000000000027,27147.171,-2.850999999999999,-0.9576690737051776,-0.09194059004293603,,9113829
54adb1aed4dc6f0c0935b746dd7bd60f,e099e6c3ff1677ba,1647788979839,frontend-0,56.286,1234,58.5025,1.5610000000000035,53318.439,-2.2164999999999964,-0.957738148622674,-0.09194059004293603,,4524950
3c644556d43a75e383c53aa1733eec0a,d0bf7c7b24f8885b,1647790125828,frontend-0,55.217,147,58.031,1.9810000000000016,60000.328,-2.814,-0.95812367491166,-0.09194059004293603,,4537313
7d9e409c1308883ce156dd8ea89b078c,838c959d853f4130,1647789645711,frontend-0,56.285,1234,58.5025,1.5610000000000035,53318.439,-2.217500000000001,-0.9581702434336947,-0.09194059004293603,,3005887
369a18cdfd8e7f861e6f98172554964a,9b74896febce3200,1647789076097,frontend-0,56.281,1234,58.5025,1.5610000000000035,53318.439,-2.221499999999999,-0.959898622677768,-0.09194059004293603,,4526050
6d51ec61f73c4d9ec2f45846c65e6d9a,06a481849e781e34,1647788740195,frontend-0,28.562,310,30.455,1.3254999999999981,43849.491,-1.8929999999999971,-0.9632806488117691,-0.09194059004293603,,4522412
b65bc3e38c8758455ce639e52cddd6ac,3d2656e96a5bf917,1647789959913,frontend-2,56.267,1234,58.5025,1.5610000000000035,53318.439,-2.2354999999999947,-0.9659479500320264,-0.09194059004293603,,7588492
07bb40b90b0cb8d965e7b8fc20998342,f1b756db18082432,1647789412443,frontend-2,56.265,1234,58.5025,1.5610000000000035,53318.439,-2.237499999999997,-0.9668121396540645,-0.09194059004293603,,6054422
58d7bebc389afdfb16d1a86efac219b2,97627830a59d5446,1647788693589,frontend-2,0.158,207,0.181,0.015999999999999986,0.938,-0.022999999999999993,-0.9695937500000005,-0.09182473414805431,,6046787
d1b52a57fa68eae36f92e7524eb00879,5009d4507bc30223,1647789355997,frontend-2,0.158,207,0.181,0.015999999999999986,0.938,-0.022999999999999993,-0.9695937500000005,-0.09182473414805431,,9106953
0bc94a87d53f46cdc6606b76facd968b,776a8b793cb1bd2a,1647789680907,frontend-2,0.158,207,0.181,0.015999999999999986,0.938,-0.022999999999999993,-0.9695937500000005,-0.09182473414805431,,9110478
729a633a18e6d48d24c4836a771eca19,4f3bd1f1400acbb7,1647788516791,frontend-0,56.258,1234,58.5025,1.5610000000000035,53318.439,-2.244499999999995,-0.9698368033311936,-0.09182473414805431,,4520182
0ed1338add1e589d5f04b5cc58f62965,ce4807e42ed32828,1647788909605,frontend-2,56.256,1234,58.5025,1.5610000000000035,53318.439,-2.2464999999999975,-0.9707009929532318,-0.09182473414805431,,9102213
6e907d178391994ae45c55bee0be3080,29eb04e7477b8fc9,1647788519333,frontend-2,28.547,310,30.455,1.3254999999999981,43849.491,-1.9079999999999977,-0.9709136175028292,-0.09182473414805431,,6045004
fb59a79aefeeff3496db3b4904df67f3,65e2079f46bbf853,1647788432505,frontend-0,64.38,362,67.275,2.0080000000000027,27147.171,-2.8950000000000102,-0.9724489541832692,-0.09182473414805431,,7572568
d3220e890deef4c7354c9cde142aeb56,0b4e53d1273274d5,1647789657576,frontend-0,56.251,1234,58.5025,1.5610000000000035,53318.439,-2.2515,-0.9728614670083258,-0.09182473414805431,,3005975
78ab09cb116a0cc5da1170dca5f76f3d,157ed89d24fa4f4d,1647789443333,frontend-0,56.251,1234,58.5025,1.5610000000000035,53318.439,-2.2515,-0.9728614670083258,-0.09182473414805431,,6054799
6423ce0baf1766cd4b2c95fe4993afb4,97a0c2611d691df0,1647788640415,frontend-2,56.244,1234,58.5025,1.5610000000000035,53318.439,-2.258499999999998,-0.975886130685455,-0.09182473414805431,,2995315
8e475478499b7346dc9025e0c9e1202c,09e6d7b8de3a5f5f,1647788827764,frontend-2,10.676,204,11.328,0.4504999999999999,16.977,-0.6519999999999992,-0.976190899001109,-0.09182473414805431,,9101362
86d55a8252630e8c925909c92df7302a,33dec8352d1dba01,1647789922796,frontend-0,28.534,310,30.455,1.3254999999999981,43849.491,-1.9209999999999994,-0.9775288570350822,-0.09148039826021181,,7588142
121c5aee2d7ec379b013f492ed8e24c3,6b5cb15a3e3d4391,1647789567510,frontend-0,56.234,1234,58.5025,1.5610000000000035,53318.439,-2.268499999999996,-0.98020707879564,-0.09148039826021181,,6056096
492c82fd00a1bfc8b12b8d99492c48ea,ca582fbeece0845c,1647789903299,frontend-2,64.354,362,67.275,2.0080000000000027,27147.171,-2.9210000000000065,-0.9811825199203196,-0.09148039826021181,,4534860
511a62dcbac036e1160861b826ed100a,4d95ccf72ef126d7,1647789678877,frontend-2,28.522,310,30.455,1.3254999999999981,43849.491,-1.9329999999999998,-0.9836352319879305,-0.09102050940151452,,4532519
0231e4360f79102a4e722a4670543809,f4e3ecc1bf5d733f,1647788893768,frontend-2,64.346,362,67.275,2.0080000000000027,27147.171,-2.929000000000002,-0.983869770916334,-0.09102050940151452,,4524024
83e4887336e3dae01dc4ff45777c7cc0,6a2b7a5f462c0c18,1647789783860,frontend-2,56.223,1234,58.5025,1.5610000000000035,53318.439,-2.2794999999999987,-0.9849601217168453,-0.09102050940151452,,9111561
7decea5359bc8dc2806b7a13d709d695,011457a70268564a,1647789617551,frontend-2,56.221,1234,58.5025,1.5610000000000035,53318.439,-2.281500000000001,-0.9858243113388837,-0.09102050940151452,,9109837
66926b56b069b5fcec96949ce90462fb,87805f9a792c1a35,1647790013227,frontend-0,56.22,1234,58.5025,1.5610000000000035,53318.439,-2.282499999999999,-0.9862564061499012,-0.09102050940151452,,7589034
d77b9a6bf6a2d635c331b1b170408466,d8a6848c80b5fa09,1647788869328,frontend-2,56.218,1234,58.5025,1.5610000000000035,53318.439,-2.284499999999994,-0.9871205957719364,-0.09102050940151452,,6048609
7c82b2d4907fc5badf6f82be263329de,cf8b519b3c78f258,1647789100509,frontend-0,56.212,1234,58.5025,1.5610000000000035,53318.439,-2.2904999999999944,-0.9897131646380479,-0.09102050940151452,,6051124
8cb151ca7c495e7a2e976ef04f50acbd,a2c24c536d23f305,1647788676991,frontend-2,56.211,1234,58.5025,1.5610000000000035,53318.439,-2.291499999999999,-0.9901452594490686,-0.09102050940151452,,9099878
a4aaec86ee4e3f2e5b2f2e15f55ac8aa,f0f43b8b2960f046,1647789399755,frontend-0,56.209,1234,58.5025,1.5610000000000035,53318.439,-2.2934999999999945,-0.9910094490711037,-0.09102050940151452,,4529539
34a8fd124fdc7cbe851fe7f9247a37ce,b29bd23a96038dfd,1647788936259,frontend-0,64.321,362,67.275,2.0080000000000027,27147.171,-2.9540000000000077,-0.9922674302788858,-0.09102050940151452,,2998368
24acd55d9a2e3c804b5a5541dcf7e8cf,0099ad3ff5601ca0,1647788874386,frontend-2,56.205,1234,58.5025,1.5610000000000035,53318.439,-2.2974999999999994,-0.9927378283151801,-0.09102050940151452,,6048660
140c5b9d5111e31c24a494ecbed6c6d7,542fd24006afac60,1647790074147,frontend-2,56.201,1234,58.5025,1.5610000000000035,53318.439,-2.301499999999997,-0.9944662075592534,-0.09102050940151452,,3010353
ad8e0915f53a86d51172f1e3aedef7c9,8cf7e82a6d6b2c98,1647788707080,frontend-0,56.199,1234,58.5025,1.5610000000000035,53318.439,-2.3034999999999997,-0.9953303971812917,-0.09102050940151452,,4522089
987810f7007ccb2cc3229889ce7f77ef,b59f16ac409af70f,1647790039968,frontend-0,64.297,362,67.275,2.0080000000000027,27147.171,-2.9780000000000086,-1.0003291832669339,-0.09125053161948726,,3009960
e6a79c8c88af2cd33beb09f9cb286b2a,66e174abb1d5524f,1647789806541,frontend-0,28.488,310,30.455,1.3254999999999981,43849.491,-1.9669999999999987,-1.000936627687666,-0.09125053161948726,,4533935
78119e9c52eae5cff3f910511b82c1b3,973b1f506fca2c84,1647789658333,frontend-0,56.186,1234,58.5025,1.5610000000000035,53318.439,-2.316499999999998,-1.0009476297245323,-0.09125053161948726,,4532303
14b455d5f44729fa92dabe528c786419,933371b4ee5e31b1,1647788467151,frontend-0,64.294,362,67.275,2.0080000000000027,27147.171,-2.9810000000000088,-1.0013369023904397,-0.09125053161948726,,7572925
c90a84dfecc0f6ea255e4193fb71412f,93723cb261365d11,1647789620415,frontend-0,56.178,1234,58.5025,1.5610000000000035,53318.439,-2.3245000000000005,-1.004404388212682,-0.09125053161948726,,6056678
803d5c752230be0c295fb09618c7928e,93ff3c6053991b77,1647789308849,frontend-0,55.074,147,58.031,1.9810000000000016,60000.328,-2.9570000000000007,-1.0068129732458349,-0.09125053161948726,,9106479
799647ccf47dd86a2eb8443e70d53eb0,1a5c6a588169fcb9,1647788578817,frontend-2,0.157,207,0.181,0.015999999999999986,0.938,-0.023999999999999994,-1.0117500000000006,-0.09120283955983971,,2994658
c5a04989cf0ca35c5c06ec51c0f2541d,5440af7a3e5658ed,1647788925706,frontend-2,0.157,207,0.181,0.015999999999999986,0.938,-0.023999999999999994,-1.0117500000000006,-0.09120283955983971,,2998251
3f028191bd3f44e9f308632f55bc0a7e,87fd96849156a28c,1647789728265,frontend-2,0.157,207,0.181,0.015999999999999986,0.938,-0.023999999999999994,-1.0117500000000006,-0.09120283955983971,,3006768
88eaaf1a9771c808fac54304ce786ce5,efb6560e7c701a23,1647789624980,frontend-2,0.157,207,0.181,0.015999999999999986,0.938,-0.023999999999999994,-1.0117500000000006,-0.09120283955983971,,4531975
4915ef8e69a5177d02a7360b79778941,33024507a5b65fca,1647788412173,frontend-0,55.05,147,58.031,1.9810000000000016,60000.328,-2.9810000000000016,-1.0149846037354868,-0.09120283955983971,,7572380
21d47772e111229a5a96519107fc52a1,36232d83ab54e310,1647789733455,frontend-0,28.458,310,30.455,1.3254999999999981,43849.491,-1.9969999999999999,-1.0162025650697863,-0.09120283955983971,,6057867
d2d62cf7152197936afed2f4b7b95b2e,db4e4df5c818f6cd,1647789849766,frontend-0,28.456,310,30.455,1.3254999999999981,43849.491,-1.9989999999999988,-1.0172202942285937,-0.09120283955983971,,6059029
5af6e4ba62f2950e0cf53b3a57a34585,96fe83e49833726c,1647788788476,frontend-2,64.245,362,67.275,2.0080000000000027,27147.171,-3.030000000000001,-1.017796314741035,-0.09120283955983971,,2996733
56f46ffce71f76bdb0c90cd04752fcb6,48cc3ac11c01c1af,1647789306778,frontend-0,56.145,1234,58.5025,1.5610000000000035,53318.439,-2.3574999999999946,-1.0186635169762925,-0.09120283955983971,,4528543
9084c2bce6bc0e7cebb2c05de23bc6e5,116ac71268f89233,1647788928128,frontend-0,55.037,147,58.031,1.9810000000000016,60000.328,-2.9939999999999998,-1.0194109035840475,-0.09120283955983971,,9102398
2d2310a3ff3958a6bb993fd1400919cd,86a33317548f151a,1647789218134,frontend-2,55.036,147,58.031,1.9810000000000016,60000.328,-2.9949999999999974,-1.0197513881877822,-0.09120283955983971,,9105533
f8de611962a39ad0451036b82cfa240d,82702520bca5bd61,1647789927827,frontend-0,28.447,310,30.455,1.3254999999999981,43849.491,-2.007999999999999,-1.02180007544323,-0.09120283955983971,,3008776
c2614dee553af4da7d3c7b4df2792a8d,41979b59eeac92c6,1647789973189,frontend-0,56.131,1234,58.5025,1.5610000000000035,53318.439,-2.3714999999999975,-1.024712844330554,-0.09120283955983971,,6060274
2bc18788a1e1dcb7de281f307d5a7808,3592ab526bb44d89,1647788824430,frontend-0,28.428,310,30.455,1.3254999999999981,43849.491,-2.0269999999999975,-1.031468502451905,-0.0911537719085499,,7576493
8fb950a14df1d72202d6bbfc4aae6217,7046a14cfb931319,1647788682867,frontend-0,28.418,310,30.455,1.3254999999999981,43849.491,-2.036999999999999,-1.036557148245946,-0.0903383138639769,,6046697
54dd1a62c9a7b1c5f695a98c9692f8d1,8dc527e324e31f50,1647789131832,frontend-0,64.188,362,67.275,2.0080000000000027,27147.171,-3.0870000000000033,-1.0369429780876491,-0.09010767424311478,,7579831
a8ecb8818e9656241f3c0659160743ce,162e07d72160b0ca,1647789262499,frontend-0,28.416,310,30.455,1.3254999999999981,43849.491,-2.038999999999998,-1.0375748774047533,-0.09010767424311478,,3001841
233c0bbc75ad5fa05c33684899750647,508884321754283a,1647788891261,frontend-0,10.635,204,11.328,0.4504999999999999,16.977,-0.6929999999999996,-1.037577136514983,-0.09010767424311478,,9101994
65012d7f260a6d97aafcd3418de479aa,9e6c798e18f786b6,1647788481354,frontend-0,64.183,362,67.275,2.0080000000000027,27147.171,-3.0919999999999987,-1.0386225099601576,-0.08937117469234712,,9097912
0326f5bfb8edc6ee82c2bacd8386027f,a81008c6b5728107,1647790140152,frontend-0,64.179,362,67.275,2.0080000000000027,27147.171,-3.0960000000000036,-1.039966135458167,-0.08937117469234712,,4537510
3ef6b2d9033d0f00c1d2d384954f0a87,4cdd3293b6219827,1647790165920,frontend-2,28.408,310,30.455,1.3254999999999981,43849.491,-2.046999999999997,-1.0416457940399848,-0.08937117469234712,,6062423
39e42dc75bdf3dc0f851e025459a3957,6f26f5f7c3da744a,1647789600838,frontend-0,64.171,362,67.275,2.0080000000000027,27147.171,-3.103999999999999,-1.0426533864541816,-0.08937117469234712,,3005418
dfbe75a76a3eee6d7ff9ac003690d5ae,97e106e64998c990,1647788655409,frontend-0,56.086,1234,58.5025,1.5610000000000035,53318.439,-2.416499999999999,-1.0441571108263905,-0.08937117469234712,,6046445
135377388a6b461524a2cf17ec3a7293,2567371cd735f08a,1647790100582,frontend-0,56.085,1234,58.5025,1.5610000000000035,53318.439,-2.417499999999997,-1.0445892056374082,-0.08937117469234712,,4537028
e1ed65ea2fae5da4468b4b8120e3af5f,7c12bfa99c80db15,1647789914455,frontend-2,28.398,310,30.455,1.3254999999999981,43849.491,-2.0569999999999986,-1.0467344398340257,-0.08937117469234712,,9112890
56cc62fe0850f3b5fc21f6f03e38ccc2,512cc96c6fb77b07,1647789113454,frontend-0,64.145,362,67.275,2.0080000000000027,27147.171,-3.1300000000000097,-1.051386952191237,-0.08844644267752316,,7579619
f3b36b25e444e5e1517f7bb708a1c371,8dd0c5b90bd07b2f,1647789389698,frontend-0,56.066,1234,58.5025,1.5610000000000035,53318.439,-2.4364999999999952,-1.0527990070467603,-0.08844644267752316,,3003127
5e65a06b974d469b5edb9fd7f778e152,703d2fce3b90eb15,1647790108639,frontend-0,56.065,1234,58.5025,1.5610000000000035,53318.439,-2.4375,-1.0532311018577811,-0.08844644267752316,,7590092
3a4103b907f985d567211f828b5bb3d9,ceea580e68f300d1,1647789790190,frontend-2,0.156,207,0.181,0.015999999999999986,0.938,-0.024999999999999994,-1.0539062500000007,-0.08844644267752316,,6058426
f4db3f2849a110b063e89cbf411dfc10,c2fa9b21541c9006,1647788707049,frontend-2,28.382,310,30.455,1.3254999999999981,43849.491,-2.072999999999997,-1.0548762731044887,-0.08844644267752316,,6046915
4bbfec9965289e134e0ae0f9f5960fc1,ba8eac96299d6389,1647789479706,frontend-0,28.382,310,30.455,1.3254999999999981,43849.491,-2.072999999999997,-1.0548762731044887,-0.08844644267752316,,6055191
83ecfcdb506308e2a2531065bf62fc9b,1b409336a0d4c2d8,1647789298104,frontend-2,56.06,1234,58.5025,1.5610000000000035,53318.439,-2.4424999999999955,-1.055391575912872,-0.08844644267752316,,9106381
8749c50bf4420088f2b2336b60f9ab6d,5f0a898571ddab96,1647789397778,frontend-0,28.371,310,30.455,1.3254999999999981,43849.491,-2.0839999999999996,-1.060473783477934,-0.08637216767687428,,3003191
0e7ea825336f9f5de0c53c1fba6332e4,5ba81c0f094a2f04,1647788610052,frontend-0,56.046,1234,58.5025,1.5610000000000035,53318.439,-2.4564999999999984,-1.0614409032671335,-0.08637216767687428,,6045960
bf1b1ec7cc783fc4d7b7fc20b085df67,a1ce384c90eb2261,1647788715061,frontend-0,28.368,310,30.455,1.3254999999999981,43849.491,-2.0869999999999997,-1.0620003772161462,-0.08637216767687428,,2996009
cd32451b419ae72b5689a47bd36e21fd,d612881b1f601313,1647789680908,frontend-2,28.368,310,30.455,1.3254999999999981,43849.491,-2.0869999999999997,-1.0620003772161462,-0.08637216767687428,,3006262
9119cf067252c0ef42125de1f0d99b36,b43eacf375fd1a8b,1647789386641,frontend-0,56.044,1234,58.5025,1.5610000000000035,53318.439,-2.458500000000001,-1.0623050928891715,-0.08637216767687428,,3003080
305cda8d6995dd0250329c6b3fa69f9b,8dfcc5b56184c795,1647789867578,frontend-2,56.042,1234,58.5025,1.5610000000000035,53318.439,-2.460499999999996,-1.0631692825112067,-0.08637216767687428,,7587553
6bb05d3657dfb5d296b1f277cad34a17,1991fbbf6782f7ad,1647789680807,frontend-0,56.042,1234,58.5025,1.5610000000000035,53318.439,-2.460499999999996,-1.0631692825112067,-0.08637216767687428,,9110481
3d51c2445432b8d589e674f6873d00e0,689799aab131bc4f,1647790137433,frontend-2,56.034,1234,58.5025,1.5610000000000035,53318.439,-2.468499999999999,-1.0666260409993564,-0.08691450652687499,,7590398
cfc19029702f9d662bd9ac0bb36ca396,7a3e8a3d3f496204,1647789960672,frontend-0,64.09,362,67.275,2.0080000000000027,27147.171,-3.1850000000000023,-1.069861802788844,-0.08691450652687499,,6060160
d4dfd91360e1d157fa309949467cf623,4a15c5cf2c94cf89,1647789536055,frontend-0,56.025,1234,58.5025,1.5610000000000035,53318.439,-2.477499999999999,-1.0705148942985239,-0.08691450652687499,,4531032
362ed05851234b9e27f34d73bd5141cd,0e10f867241d6b68,1647788785206,frontend-2,56.022,1234,58.5025,1.5610000000000035,53318.439,-2.4804999999999993,-1.0718111787315796,-0.08691450652687499,,4522884
127b52116f1d0cb0c6e250eb098ce528,6d283dc521953dab,1647789149197,frontend-0,28.347,310,30.455,1.3254999999999981,43849.491,-2.107999999999997,-1.0726865333836288,-0.08691450652687499,,7580052
3fd4f6917ec0293b55ea779e3ba56e01,5aacb8b9987c728e,1647789761621,frontend-2,56.015,1234,58.5025,1.5610000000000035,53318.439,-2.487499999999997,-1.0748358424087088,-0.08691450652687499,,7586468
42089684c7775cd416e5d114a9699877,75cd867216e2ef53,1647790059158,frontend-0,56.01,1234,58.5025,1.5610000000000035,53318.439,-2.4924999999999997,-1.0769963164638026,-0.08691450652687499,,9114495
c63e2e558918544698a8b01326ecf59c,d764d7e9bdd5cdc8,1647789711267,frontend-0,64.056,362,67.275,2.0080000000000027,27147.171,-3.2190000000000083,-1.0812826195219136,-0.08691450652687499,,9110841
13bf782db8058eafae5930fd36fa0ab9,5d689637dd5a50ac,1647789739486,frontend-0,28.33,310,30.455,1.3254999999999981,43849.491,-2.125,-1.0813372312334983,-0.08691450652687499,,4533277
4249082f5f53b072df3a7c65902d286c,64117587c9b8965e,1647788789264,frontend-2,55.999,1234,58.5025,1.5610000000000035,53318.439,-2.5034999999999954,-1.0817493593850052,-0.08691450652687499,,6047723
d6913760eed304d22c9ea98b392fa542,111023a3859b07c5,1647789736667,frontend-0,55.998,1234,58.5025,1.5610000000000035,53318.439,-2.5045,-1.082181454196026,-0.08691450652687499,,9111086
7a4d8ae51a5fa4edac3e8d0f9c008ce4,b6282cc4c7668688,1647789668669,frontend-2,64.031,362,67.275,2.0080000000000027,27147.171,-3.2439999999999998,-1.0896802788844606,-0.08691450652687499,,7585540
ea34bc9636f0202b2cec3eb61c90e416,3bf19070a0a5c60a,1647788963071,frontend-0,55.975,1234,58.5025,1.5610000000000035,53318.439,-2.5274999999999963,-1.0921196348494515,-0.08556835714633698,,4524782
c7eb1394a0fd7038fa35ce6833e3ff03,33fd9fe98a4cdfc5,1647789712992,frontend-0,10.598,204,11.328,0.4504999999999999,16.977,-0.7299999999999986,-1.0929744728079893,-0.08556835714633698,,9110853
c33fe0820a4a80bc091938cfdda81752,efc09c916c451ff0,1647789729712,frontend-2,55.968,1234,58.5025,1.5610000000000035,53318.439,-2.534499999999994,-1.0951442985265805,-0.08556835714633698,,9111010
184c79327085164ee38a163a70fb7384,cea8c8193ba8c6cc,1647789245656,frontend-2,0.155,207,0.181,0.015999999999999986,0.938,-0.025999999999999995,-1.0960625000000008,-0.08556835714633698,,3001635
3b523c27233ba4084c6b8d705f44eee4,a97614c77f548669,1647788527294,frontend-0,55.964,1234,58.5025,1.5610000000000035,53318.439,-2.538499999999999,-1.096872677770657,-0.08556835714633698,,6045064
b3d3d472451f2a3103408f18f0680dd6,ff6a8e62fca59a2c,1647788653535,frontend-2,10.592,204,11.328,0.4504999999999999,16.977,-0.7359999999999989,-1.1019578246392883,-0.08627453375233335,,2995442
fc285e7402d7b898eec6a84153601299,06177b9d4e343a16,1647788915001,frontend-0,55.936,1234,58.5025,1.5610000000000035,53318.439,-2.566499999999998,-1.1089713324791766,-0.08627453375233335,,2998132
147dd2974a7c449b48d2bb8fac9567e6,be3e4559e521f312,1647789649318,frontend-2,55.935,1234,58.5025,1.5610000000000035,53318.439,-2.5674999999999955,-1.109403427290194,-0.08627453375233335,,9110142
9de37601ed5bb302788db896a6bb259c,9ba5b3be544fbb4c,1647789116696,frontend-0,55.914,1234,58.5025,1.5610000000000035,53318.439,-2.5884999999999962,-1.1184774183215846,-0.08559881907036504,,7579660
b4157de1934eb9983bafb8af27135e48,6fa068b63a27a5c5,1647789873969,frontend-2,55.899,1234,58.5025,1.5610000000000035,53318.439,-2.603499999999997,-1.1249588404868636,-0.08559881907036504,,3008229
c445cc118b78c1d7ce237d9b5bb53edf,7883d48429a82bbe,1647789012635,frontend-2,63.92,362,67.275,2.0080000000000027,27147.171,-3.355000000000004,-1.1269658864541832,-0.08559881907036504,,4525316
1161d69b6825e0b4a2621d02cdceb552,124decb4c4f0e78c,1647789906392,frontend-0,55.881,1234,58.5025,1.5610000000000035,53318.439,-2.6214999999999975,-1.1327365470851982,-0.08457202084957405,,6059590
4102891ba62f4b51ba72beb807ecf720,9be8caed606edf5e,1647789845873,frontend-0,55.878,1234,58.5025,1.5610000000000035,53318.439,-2.6244999999999976,-1.134032831518254,-0.08457202084957405,,6058995
e1b136be18d1c759e610f90bba6dd2fe,938163cb18dc14b1,1647789290662,frontend-0,55.878,1234,58.5025,1.5610000000000035,53318.439,-2.6244999999999976,-1.134032831518254,-0.08457202084957405,,7581539
68c15318273368c74bd6b9494705b0a5,50fe79df973c4189,1647789306182,frontend-2,54.693,147,58.031,1.9810000000000016,60000.328,-3.338000000000001,-1.1365376072690554,-0.08457202084957405,,3002255
91b1b74b78443748d10ba54e22d9bbc4,450ae88257c36327,1647789464351,frontend-2,0.154,207,0.181,0.015999999999999986,0.938,-0.026999999999999996,-1.138218750000001,-0.08457202084957405,,9108139
dec9c7a684cc4edd0c014c6d33ae7113,fdf9dbe45de8426b,1647788599878,frontend-0,55.867,1234,58.5025,1.5610000000000035,53318.439,-2.6355000000000004,-1.1387858744394594,-0.08457202084957405,,2994894
0ea75c51cc50865eeac1dd8d3b4d98d4,0d850250f5fd35eb,1647790056195,frontend-0,28.215,310,30.455,1.3254999999999981,43849.491,-2.2399999999999984,-1.1398566578649574,-0.08457202084957405,,9114461
f70b11bafcbf54354d3fea39797ad413,15905a7f08dea840,1647790097467,frontend-0,55.858,1234,58.5025,1.5610000000000035,53318.439,-2.6445000000000007,-1.1426747277386269,-0.08457202084957405,,3010570
c4438ec51d9ead809901ae2530ecb216,dc5d8c130fd11621,1647789600892,frontend-0,63.848,362,67.275,2.0080000000000027,27147.171,-3.4270000000000067,-1.1511511454183274,-0.08023654278186826,,4531751
6e447e9a9a53932a988803330f7353fb,608d90ddd2d0edf3,1647789581635,frontend-0,54.645,147,58.031,1.9810000000000016,60000.328,-3.3859999999999957,-1.1528808682483571,-0.08023654278186826,,6056252
beb8ea28ae54ef9f795ce5d5a27c3949,be02bbaa567bb27e,1647788592787,frontend-0,28.188,310,30.455,1.3254999999999981,43849.491,-2.2669999999999995,-1.153596001508866,-0.08023654278186826,,7574200
ee2bdaf374b16033dec1d7f8dfef76b2,125e5ee88609f8b4,1647789051969,frontend-0,28.188,310,30.455,1.3254999999999981,43849.491,-2.2669999999999995,-1.153596001508866,-0.08023654278186826,,7578957
aa6cc8b871a48a8d25618b2e34d59051,f5a0095cfdd99d62,1647788629040,frontend-2,63.84,362,67.275,2.0080000000000027,27147.171,-3.4350000000000023,-1.1538383964143417,-0.08023654278186826,,2995186
05a34e5b29799cacf15c2f5abbb079d7,b0e43fbab02e5e61,1647789530159,frontend-0,55.813,1234,58.5025,1.5610000000000035,53318.439,-2.6894999999999953,-1.1621189942344605,-0.07843386170538758,,3004605
f03fb1d1bbad41aa7a29e7b7e74108f0,1546f141b0f7679d,1647788791877,frontend-0,55.812,1234,58.5025,1.5610000000000035,53318.439,-2.6905,-1.162551089045481,-0.07843386170538758,,4522953
1bdbfb6bd3efa3a9254d9af42ae740f7,ea3664cc827abdfc,1647790139087,frontend-0,63.814,362,67.275,2.0080000000000027,27147.171,-3.4610000000000056,-1.1625719621513946,-0.07843386170538758,,9115341
c858dd17c8e63a5975d4c663ab3da063,6d0442b7f91959d5,1647789423982,frontend-0,55.806,1234,58.5025,1.5610000000000035,53318.439,-2.6965000000000003,-1.1651436579115926,-0.07914456024515149,,7582897
e418365e10fec1757498306236e8ff50,780800cc4d471773,1647788779748,frontend-0,55.797,1234,58.5025,1.5610000000000035,53318.439,-2.7055000000000007,-1.16903251121076,-0.07988601886920743,,4522806
8d2df37e510a649ed272d5c1d57089f0,c0992f3d9fa788fe,1647789090269,frontend-0,55.789,1234,58.5025,1.5610000000000035,53318.439,-2.7134999999999962,-1.1724892696989067,-0.07988601886920743,,6051014
19ed707df4104961461a2c6ab027fec9,e2fcb3d104fc87ab,1647789807331,frontend-0,63.769,362,67.275,2.0080000000000027,27147.171,-3.5060000000000073,-1.1776877490039848,-0.07988601886920743,,7586962
52ae59c08803687f4b50604f8c67a17e,5c4502b94bf35841,1647789670049,frontend-0,63.761,362,67.275,2.0080000000000027,27147.171,-3.514000000000003,-1.1803749999999993,-0.07983378437383287,,4532430
9ea153d1bde8a8ce268622ff8eea2103,0c92a4b16ccce67f,1647789188757,frontend-2,55.769,1234,58.5025,1.5610000000000035,53318.439,-2.7334999999999994,-1.1811311659192796,-0.07983378437383287,,6052130
a20072f59284234d8e48e403ceb58cf8,84748dfb39c8f109,1647789054904,frontend-0,55.763,1234,58.5025,1.5610000000000035,53318.439,-2.7394999999999996,-1.1837237347853913,-0.07983378437383287,,9103759
22aa7238e8c21113e58d85ef0d942b58,40dfdf6866e865a5,1647788569554,frontend-2,63.75,362,67.275,2.0080000000000027,27147.171,-3.5250000000000057,-1.184069970119522,-0.07983378437383287,,9098794
42a015fd4fb5ac050e8b3a1327740235,745ca293d1ff5cbf,1647789066083,frontend-0,55.762,1234,58.5025,1.5610000000000035,53318.439,-2.7404999999999973,-1.1841558295964087,-0.07983378437383287,,4525928
97f0608ce3dcb6c58e1faa6fc4710792,fba3628006ab0542,1647789005836,frontend-2,55.762,1234,58.5025,1.5610000000000035,53318.439,-2.7404999999999973,-1.1841558295964087,-0.07983378437383287,,6050075
eb799a71af55bb37b1060fca80f2fbd9,eb1faed2f39df28d,1647789655519,frontend-0,55.749,1234,58.5025,1.5610000000000035,53318.439,-2.7534999999999954,-1.1897730621396494,-0.08007137281697901,,3005964
a3594db28890e62504f719bf1450264e,403d9883229aef65,1647789619358,frontend-0,55.746,1234,58.5025,1.5610000000000035,53318.439,-2.7564999999999955,-1.1910693465727051,-0.08007137281697901,,6056661
0c6c8c9069e25aae142254cc6b5dc396,a97b7f6fa9f6cacc,1647790009595,frontend-2,82.252,102,93.9525,6.612499999999997,6746.74,-11.700500000000005,-1.193495236294897,-0.07980478712833544,,4536004
4365891ebd400a589659292207a7fba8,05c25d41b46881ed,1647790190286,frontend-2,82.231,102,93.9525,6.612499999999997,6746.74,-11.721500000000006,-1.1956373156899822,-0.07980478712833544,,7590945
146cc1115d6cb67b63c04ca2fca12d7f,280847b3b6b5a2b5,1647789068953,frontend-0,28.099,310,30.455,1.3254999999999981,43849.491,-2.355999999999998,-1.198884949075821,-0.07945973720786564,,4525958
09e25f70ad8bb06d169dea880eca6246,2a41b1305dc23688,1647789591701,frontend-0,10.527,204,11.328,0.4504999999999999,16.977,-0.8010000000000002,-1.199277469478358,-0.07945973720786564,,3005303
c03529cc0d590278ec68e9f008f2f2bc,3e1f3341f2d764ac,1647789571567,frontend-0,55.724,1234,58.5025,1.5610000000000035,53318.439,-2.778500000000001,-1.2005754324151163,-0.08006247975354558,,4531410
f5c301cdf0187770c3e2e1bc77f8e83e,f24044c4cc6898e3,1647789124163,frontend-2,55.719,1234,58.5025,1.5610000000000035,53318.439,-2.7834999999999965,-1.2027359064702072,-0.08006247975354558,,6051387
8f59d607af47898809df5f959995172d,c31a00040ded430c,1647788632140,frontend-0,55.717,1234,58.5025,1.5610000000000035,53318.439,-2.785499999999999,-1.2036000960922453,-0.08006247975354558,,2995220
1a2215e47f5bf10565bacfc8399fb730,764ea8946fd371f8,1647788886694,frontend-0,55.694,1234,58.5025,1.5610000000000035,53318.439,-2.808499999999995,-1.213538276745671,-0.07843071392292772,,2997826
4bf832bb0e37e82c8c1c77dbe42da18b,f964318b148d305e,1647789953986,frontend-0,28.07,310,30.455,1.3254999999999981,43849.491,-2.384999999999998,-1.213642021878537,-0.07843071392292772,,6060092
3f1e4740e7d578bb40aa89362f66c88d,03ccc1625c5e2368,1647790117759,frontend-0,55.685,1234,58.5025,1.5610000000000035,53318.439,-2.8174999999999955,-1.2174271300448383,-0.07702400502540208,,4537212
c492fd5fe46efbac72493ab2b15b01e9,4a40b59fade481cb,1647788564375,frontend-2,55.684,1234,58.5025,1.5610000000000035,53318.439,-2.8185000000000002,-1.2178592248558588,-0.07702400502540208,,2994501
8376f75eff06ec7f800bc939d376a70d,28d5c03db576a310,1647789732609,frontend-0,55.684,1234,58.5025,1.5610000000000035,53318.439,-2.8185000000000002,-1.2178592248558588,-0.07702400502540208,,9111023
27d6a092f1875741b5f2b37ac054f9fc,f9a24c093e63c185,1647788860236,frontend-2,10.512,204,11.328,0.4504999999999999,16.977,-0.815999999999999,-1.2217358490566026,-0.0754383043980571,,2997554
82f74f5a35c27eebe553069382849efe,21411eb40bf3e322,1647789911097,frontend-0,55.674,1234,58.5025,1.5610000000000035,53318.439,-2.8284999999999982,-1.222180172966044,-0.0754383043980571,,4534967
d8a31e7cfb4403a4ebc81b1bdf1f71e2,1d3f23a3b506f222,1647789681937,frontend-2,0.152,207,0.181,0.015999999999999986,0.938,-0.028999999999999998,-1.222531250000001,-0.0754383043980571,,3006265
2c2ba632609077fe43fb81b8f87e5c4b,eda4597c2c454323,1647789570598,frontend-2,0.152,207,0.181,0.015999999999999986,0.938,-0.028999999999999998,-1.222531250000001,-0.0754383043980571,,6056118
51e19bb097566039b750433447a47476,a4b5739cc3995009,1647788755931,frontend-2,0.152,207,0.181,0.015999999999999986,0.938,-0.028999999999999998,-1.222531250000001,-0.0754383043980571,,9100566
e7541f0e61ca8b173df068257166ed98,bfcfbf19fbd6db70,1647789480558,frontend-2,55.652,1234,58.5025,1.5610000000000035,53318.439,-2.8504999999999967,-1.2316862588084518,-0.07548052719664666,,4530428
67015ca8ae7021f99fd608194ac51376,11db9fa5cdb7b255,1647789433103,frontend-0,55.652,1234,58.5025,1.5610000000000035,53318.439,-2.8504999999999967,-1.2316862588084518,-0.07548052719664666,,9107808
536d741ff16fd9a3e2db0296abb84bba,e57d1b73fbd44644,1647788863456,frontend-0,55.651,1234,58.5025,1.5610000000000035,53318.439,-2.8514999999999944,-1.2321183536194695,-0.07548052719664666,,4523715
7084a8d00edbe94d49c512390dd74c67,13d096b1fa557c81,1647788592903,frontend-0,28.03,310,30.455,1.3254999999999981,43849.491,-2.424999999999997,-1.2339966050546967,-0.07548052719664666,,4520995
0b88a0d364e9112dfd04855eeb5576ba,1ef91caed2dc1e8e,1647789475676,frontend-0,28.028,310,30.455,1.3254999999999981,43849.491,-2.4269999999999996,-1.2350143342135058,-0.07548052719664666,,9108284
2f1342e9d50cb11e7fe2c1718b6136f7,567857b7760763fe,1647790185250,frontend-0,63.594,362,67.275,2.0080000000000027,27147.171,-3.6810000000000045,-1.2364713645418326,-0.07548052719664666,,3011558
39fcab3b83f63f746dabe153b0852bba,56702cee41c51ea2,1647789485769,frontend-0,55.638,1234,58.5025,1.5610000000000035,53318.439,-2.8644999999999996,-1.2377355861627133,-0.07548052719664666,,6055238
3d5e9c9ab16a646c89b5d3867fbb20e0,42f18855960e73f8,1647790027710,frontend-0,54.384,147,58.031,1.9810000000000016,60000.328,-3.6469999999999985,-1.24174734982332,-0.07548052719664666,,6060878
66c0963b4a39da8c435983935f198ee9,0aa7bc5117bdf106,1647790135022,frontend-0,63.574,362,67.275,2.0080000000000027,27147.171,-3.7010000000000076,-1.2431894920318733,-0.07548052719664666,,3010968
2942bc145a67deff0219b1a48d505e62,7112a23a15b02b00,1647789113060,frontend-2,63.568,362,67.275,2.0080000000000027,27147.171,-3.707000000000008,-1.2452049302788855,-0.07548052719664666,,4526398
e6ac2a994c05f77b5b15e26da6167d28,3ed54ec1db49d938,1647788667869,frontend-2,55.612,1234,58.5025,1.5610000000000035,53318.439,-2.890499999999996,-1.2489700512491946,-0.07548052719664666,,2995573
d320056786a3c78e1391aafa9a63d69c,a5e72f67dd45e2e1,1647788807886,frontend-0,54.362,147,58.031,1.9810000000000016,60000.328,-3.668999999999997,-1.2492380111055001,-0.07548052719664666,,2996956
8319c59e0853f671af13762a4c466624,1b8e0efccd2a82aa,1647789590012,frontend-0,28.0,310,30.455,1.3254999999999981,43849.491,-2.4549999999999983,-1.2492625424368173,-0.07548052719664666,,3005286
97b7f388f10d34ca686e732f6e5053d2,5deb3699f70b86a6,1647789139815,frontend-0,28.0,310,30.455,1.3254999999999981,43849.491,-2.4549999999999983,-1.2492625424368173,-0.07548052719664666,,4526714
ee923872596668ec84339ef2f33341f3,dabad4206c0c521c,1647788874019,frontend-0,55.59,1234,58.5025,1.5610000000000035,53318.439,-2.9124999999999943,-1.2584761370916027,-0.07548052719664666,,9101834
19e237e0000c81e1edfd074bd216865d,98f84623ca1fac71,1647789843816,frontend-0,55.579,1234,58.5025,1.5610000000000035,53318.439,-2.923499999999997,-1.2632291800128082,-0.07437284685266032,,6058971
34c1651930ff1b8669fd3c1615d0dd11,3124eeeae62ae1ec,1647788602935,frontend-0,55.575,1234,58.5025,1.5610000000000035,53318.439,-2.927499999999995,-1.2649575592568816,-0.07437284685266032,,2994925
ff85c44741fb91e6d9136df8506b4e72,34c387df1b21e39e,1647789907461,frontend-0,54.305,147,58.031,1.9810000000000016,60000.328,-3.725999999999999,-1.2686456335184237,-0.07208767278434591,,9112799
76721bdcbaa995b20adfad1249cff99c,f9216961e549eeb6,1647789709558,frontend-2,27.96,310,30.455,1.3254999999999981,43849.491,-2.4949999999999974,-1.2696171256129767,-0.07208767278434591,,7585971
898eef200349c40314503d6c44e841b9,3cea7e9eac49f0de,1647789467384,frontend-2,55.548,1234,58.5025,1.5610000000000035,53318.439,-2.954499999999996,-1.2766241191543835,-0.07208767278434591,,3003978
b8089da2ec0aa47209b7bc5e9d9b08ab,33bd65865f586952,1647789933675,frontend-2,63.458,362,67.275,2.0080000000000027,27147.171,-3.8170000000000073,-1.2821546314741044,-0.07094137838000747,,7588240
fb28cde25ad41b638d042f3abe05a247,e39b2d850ec838d6,1647788880637,frontend-0,55.534,1234,58.5025,1.5610000000000035,53318.439,-2.968499999999999,-1.2826734465086447,-0.07094137838000747,,2997753
d6a0266c411d5e71cc6f2c6a2215aa41,57ab7e3364788004,1647789514124,frontend-0,55.528,1234,58.5025,1.5610000000000035,53318.439,-2.974499999999999,-1.2852660153747564,-0.07094137838000747,,6055596
2314c4e0eb9d4ea6dee0b1fad175d7c9,5feda9a9a4f6a721,1647789413925,frontend-0,55.517,1234,58.5025,1.5610000000000035,53318.439,-2.9854999999999947,-1.290019058295959,-0.07094137838000747,,7582765
415f6978865fa945446ea152b43c6f2a,26e6bf09680591fa,1647789868701,frontend-0,27.913,310,30.455,1.3254999999999981,43849.491,-2.541999999999998,-1.293533760844965,-0.07094137838000747,,7587559
470c5c9ff743c95c01588e419df46b0d,b6daee98758463e4,1647789359400,frontend-0,27.912,310,30.455,1.3254999999999981,43849.491,-2.5429999999999993,-1.2940426254243695,-0.07094137838000747,,3002796
f1c66e23ff7eb8758840f7870834f245,0aa17fe11be9ed6b,1647790154428,frontend-0,27.909,310,30.455,1.3254999999999981,43849.491,-2.5459999999999994,-1.2955692191625816,-0.07094137838000747,,6062321
53b4e78bfd3e9bb005f150ddb5c46f8d,98cab3e5b1019c73,1647790090146,frontend-0,27.887,310,30.455,1.3254999999999981,43849.491,-2.567999999999998,-1.3067642399094688,-0.07072551465988286,,4536923
e1449510c269e66795f5ab1467536fc2,472b43d78aec0f80,1647789351763,frontend-2,0.15,207,0.181,0.015999999999999986,0.938,-0.031,-1.3068437500000012,-0.07072551465988286,,6053761
1cd018cbfe2384de86a7043092022992,08e60f036da82bfb,1647789454322,frontend-0,63.382,362,67.275,2.0080000000000027,27147.171,-3.893000000000008,-1.3076835159362559,-0.07072551465988286,,9108056
1c19181e4d4e43d412b754a2fe4de8fe,eb0eefaf6b337e08,1647789115885,frontend-2,63.378,362,67.275,2.0080000000000027,27147.171,-3.8970000000000056,-1.309027141434263,-0.07072551465988286,,9104458
ef7acdf93fda7cc9e6b3a12f4b56379f,8a62682244e2ed3e,1647789975165,frontend-0,55.468,1234,58.5025,1.5610000000000035,53318.439,-3.034499999999994,-1.3111917040358692,-0.07072551465988286,,6060301
128dea7abd1d96cb3c25e7c82ebe5589,634d466d51bf1524,1647789473520,frontend-0,55.441,1234,58.5025,1.5610000000000035,53318.439,-3.0614999999999952,-1.322858263933371,-0.06779870251018816,,6055123
b7c675f3c8dcf0fb96f59f1d19586776,b2ff89b33e9789ac,1647789611036,frontend-0,63.328,362,67.275,2.0080000000000027,27147.171,-3.9470000000000027,-1.3258224601593616,-0.06632772978944818,,9109761
a8f2d74f101c1dd06b737fc5c152de8e,f40fe743c4ee38d3,1647789974027,frontend-2,55.434,1234,58.5025,1.5610000000000035,53318.439,-3.0685000000000002,-1.3258829276105033,-0.06632772978944818,,4535628
8d555aa492bc829e45404abc206c29e9,eb5b74d50348400f,1647788979475,frontend-2,55.427,1234,58.5025,1.5610000000000035,53318.439,-3.075499999999998,-1.3289075912876323,-0.06632772978944818,,4524926
1d7c1b6f5db6e6bcd4b284cec823ead0,d6269efae87f911a,1647788843220,frontend-0,63.317,362,67.275,2.0080000000000027,27147.171,-3.9580000000000055,-1.3295174302788846,-0.06632772978944818,,7576698
39f05a042fd13fd54a1e60a9b9309e63,e3fdea88114aaf65,1647788865407,frontend-0,27.838,310,30.455,1.3254999999999981,43849.491,-2.6169999999999973,-1.3316986043002645,-0.06632772978944818,,2997616
7d538b1977299d1ca3ddd7dc78c33fa5,c149fa8bc7a4ab2e,1647788947859,frontend-2,55.402,1234,58.5025,1.5610000000000035,53318.439,-3.1004999999999967,-1.3397099615630963,-0.0630795230218879,,4524613
9700325b3e8abb55e55dc178e0370fa3,7738c9c1cd6fc8ac,1647788781754,frontend-0,54.088,147,58.031,1.9810000000000016,60000.328,-3.942999999999998,-1.342530792529024,-0.0630795230218879,,9100851
0b0925e1e09c1be79d71896678cfe32e,95171930bd727237,1647789315282,frontend-2,55.394,1234,58.5025,1.5610000000000035,53318.439,-3.1084999999999994,-1.3431667200512458,-0.0630795230218879,,4528625
85d42a8550c4fae9e46a3bd37fd703ee,f22e19772a4e7c55,1647788640319,frontend-0,55.391,1234,58.5025,1.5610000000000035,53318.439,-3.1114999999999995,-1.3444630044843016,-0.0630795230218879,,6046256
de11499026dbcc3b95f693907c86943e,648606b80c921e1c,1647790147367,frontend-0,27.797,310,30.455,1.3254999999999981,43849.491,-2.6579999999999977,-1.3525620520558288,-0.06265431636448376,,6062241
acb93b65553f9f5bed9093ba860e923a,f14b7e218fb2ec4a,1647790044520,frontend-2,80.69,102,93.9525,6.612499999999997,6746.74,-13.262500000000003,-1.3528251417769384,-0.06265431636448376,,3010030
234850ed94b75603a6d92cb96c8929d0,280a56099038cede,1647789954539,frontend-0,63.229,362,67.275,2.0080000000000027,27147.171,-4.0460000000000065,-1.35907719123506,-0.06118360474556328,,6060106
42fe407d3a878be69ae920a37213e518,abd555564cf677bf,1647789373355,frontend-0,63.222,362,67.275,2.0080000000000027,27147.171,-4.053000000000004,-1.3614285358565734,-0.060719868394428556,,6054030
b9ef467a0d88debae4dc9b96c7421a7d,1be898082a7e9327,1647789529967,frontend-2,55.344,1234,58.5025,1.5610000000000035,53318.439,-3.1584999999999965,-1.3647714606021735,-0.060719868394428556,,7584076
b49c35523e48039f0625bb75a6a4e74e,cc3d5dd4ceb98e3e,1647789070982,frontend-0,55.343,1234,58.5025,1.5610000000000035,53318.439,-3.159499999999994,-1.3652035554131912,-0.060719868394428556,,9103944
1c3eaa1010fe849974efa313de8ecf2b,9d0b29984a9f2b8a,1647788781743,frontend-0,10.416,204,11.328,0.4504999999999999,16.977,-0.911999999999999,-1.3654694783573795,-0.060719868394428556,,7576019
7e5161f72a7764791245ae32ccef81d8,f9efa22dc7db2303,1647788616123,frontend-2,55.336,1234,58.5025,1.5610000000000035,53318.439,-3.166499999999999,-1.3682282190903234,-0.060719868394428556,,4521193
6cee379cf6618161f5746ca4b7c6b284,43b751c6e601049e,1647789913517,frontend-0,55.336,1234,58.5025,1.5610000000000035,53318.439,-3.166499999999999,-1.3682282190903234,-0.060719868394428556,,7588043
d9a5d0f725bbe8520d9b44a145957944,f84f823b1799f429,1647788734164,frontend-0,27.766,310,30.455,1.3254999999999981,43849.491,-2.689,-1.3683368540173537,-0.060719868394428556,,2996171
6fb412e63c9725c625ccbe3bd12ef030,c479bbba62338f7c,1647788578791,frontend-0,80.533,102,93.9525,6.612499999999997,6746.74,-13.4195,-1.368839735349717,-0.060719868394428556,,9098884
fb2fa52d852b2343d0603fab41b25675,bb84ea5185b25896,1647788751391,frontend-0,55.325,1234,58.5025,1.5610000000000035,53318.439,-3.177499999999995,-1.3729812620115258,-0.060719868394428556,,9100540
0b0be8dc4c5ede2579a0769c0f43f62e,7bdce272a40a8615,1647788887522,frontend-0,55.324,1234,58.5025,1.5610000000000035,53318.439,-3.1784999999999997,-1.3734133568225464,-0.06016628028565224,,4523960
5e5ba6e5a9200b868e390c2ae5c30a1b,6fd156e00a81bb7e,1647789230401,frontend-2,55.323,1234,58.5025,1.5610000000000035,53318.439,-3.1794999999999973,-1.373845451633564,-0.06016628028565224,,7580893
43ede39fc4d899a3add5d69346dc3a7b,03f68a88f8e47b36,1647789148132,frontend-0,27.747,310,30.455,1.3254999999999981,43849.491,-2.7079999999999984,-1.378005281026029,-0.06016628028565224,,6051671
ffc4b157aa4f8b21774bb5c6216c6609,107d16ed77e4e76d,1647788812443,frontend-2,55.307,1234,58.5025,1.5610000000000035,53318.439,-3.1954999999999956,-1.3807589686098602,-0.05991521977230391,,2997002
19eba73051be8f56cc2368013ca1886e,958ce18e1fafa299,1647789951856,frontend-2,55.293,1234,58.5025,1.5610000000000035,53318.439,-3.2094999999999985,-1.386808295964122,-0.056913267770183296,,6060065
9162682e520312ac0cd816b46d37f684,fbb7d60b7a785a44,1647790107240,frontend-0,55.271,1234,58.5025,1.5610000000000035,53318.439,-3.231499999999997,-1.39631438180653,-0.05255392076258464,,9114969
192406a51f7e805fca2e49e3b4818ea4,c115ac3794e1422d,1647789685835,frontend-2,63.116,362,67.275,2.0080000000000027,27147.171,-4.159000000000006,-1.3970346115537848,-0.05255392076258464,,3006310
78e1c6662e8f35796b3715a665f5e536,6ca888fad31702ed,1647788936264,frontend-0,27.708,310,30.455,1.3254999999999981,43849.491,-2.747,-1.3978509996227857,-0.05255392076258464,,4524472
9c2b8e5c2529cd7dc614086e3920bf3f,968cc47753301068,1647789998112,frontend-0,55.265,1234,58.5025,1.5610000000000035,53318.439,-3.237499999999997,-1.3989069506726413,-0.051592516207672134,,7588874
c1aa973749979cc0f849f96a70c49aba,00a6c7b22b7e1e1e,1647788652192,frontend-2,63.105,362,67.275,2.0080000000000027,27147.171,-4.170000000000009,-1.4007295816733079,-0.051592516207672134,,4521557
17012388f758fad0e6b9d4869d81610e,1079aef84ce50a06,1647789203170,frontend-2,55.252,1234,58.5025,1.5610000000000035,53318.439,-3.2504999999999953,-1.404524183215882,-0.051034972568604675,,9105397
7d356b1acbdc6057027c5717368f2951,96b2a8646d368e8a,1647789992480,frontend-0,55.241,1234,58.5025,1.5610000000000035,53318.439,-3.261499999999998,-1.4092772261370876,-0.04957434148465739,,3009393
d7a57a5cd794f068bb13ab74765af983,edcbcc0ce70e99f1,1647790110696,frontend-0,55.236,1234,58.5025,1.5610000000000035,53318.439,-3.2665000000000006,-1.4114377001921816,-0.04957434148465739,,6061787
0d9d0c15e2ec3f279ca347c31678129e,9c5c517bef0a4f04,1647788428978,frontend-0,63.057,362,67.275,2.0080000000000027,27147.171,-4.2180000000000035,-1.4168530876494017,-0.04957434148465739,,9097380
e73a3e0bcafff27fda9df5a05e7ee0cc,cd51c848ce689485,1647788591725,frontend-0,55.222,1234,58.5025,1.5610000000000035,53318.439,-3.2804999999999964,-1.4174870275464397,-0.04957434148465739,,2994798
de7d80d79fb5fc7f4522b82dd0fbff45,e0a16706576901d9,1647790031837,frontend-0,63.055,362,67.275,2.0080000000000027,27147.171,-4.220000000000006,-1.4175249003984065,-0.04957434148465739,,7589253
132e00fcd6f08d8e9fa5a2dc1b4509f7,20cbf93c5f5ea96f,1647789351159,frontend-0,53.843,147,58.031,1.9810000000000016,60000.328,-4.187999999999995,-1.4259495204442172,-0.047968193166850304,,7582092
40d35c2048b8d6f53f672565284ada83,4cc8af17b33e42c5,1647789503949,frontend-0,55.197,1234,58.5025,1.5610000000000035,53318.439,-3.305499999999995,-1.4282893978219036,-0.047968193166850304,,4530735
36496c3687ccdf7674f9f6356ade5bff,9503a35b043f4130,1647790119341,frontend-2,63.02,362,67.275,2.0080000000000027,27147.171,-4.255000000000003,-1.4292816235059749,-0.047968193166850304,,4537231
14711461648662f126cb990bc4e17e51,63a99865be48655a,1647789838599,frontend-2,0.147,207,0.181,0.015999999999999986,0.938,-0.034,-1.4333125000000013,-0.04865328328330376,,6058910
b930b1eb9f193d09ed05808622aa4f6e,7092a7314b9ec88f,1647788428887,frontend-2,55.185,1234,58.5025,1.5610000000000035,53318.439,-3.3174999999999955,-1.433474535554127,-0.04865328328330376,,9097379
6950794bd93578eb5067e07010b11b26,73150296fbea865a,1647790057029,frontend-2,55.184,1234,58.5025,1.5610000000000035,53318.439,-3.3185000000000002,-1.4339066303651473,-0.04865328328330376,,7589561
47542dc6b790996b80a624a9c346787d,cc5a9b4d87b43564,1647788615026,frontend-0,55.152,1234,58.5025,1.5610000000000035,53318.439,-3.3504999999999967,-1.4477336643177405,-0.04895839554518022,,6046002
fe116462ed946dbbc9b0bff607ec1952,79cb8eea80a97518,1647789073140,frontend-0,55.129,1234,58.5025,1.5610000000000035,53318.439,-3.3735,-1.4576718449711692,-0.049004768616255356,,9103996
a5d80cae6c113a526623d1697a72af0d,50fd76025fce38a4,1647789863854,frontend-0,55.125,1234,58.5025,1.5610000000000035,53318.439,-3.3774999999999977,-1.4594002242152424,-0.04980972039095288,,7587508
41fb6597721c5d7d4d88ca7d53df7342,026b2a71b6adf234,1647789549338,frontend-0,55.092,1234,58.5025,1.5610000000000035,53318.439,-3.410499999999999,-1.473659352978856,-0.048540732298600786,,3004780
c69006b90af2218de3da114ab3dc8248,39d346b5d341ee5b,1647790174950,frontend-2,0.146,207,0.181,0.015999999999999986,0.938,-0.035,-1.4754687500000014,-0.048540732298600786,,3011432
db520263bbff0c58afbf65e8c148eb60,78095f8ad97a25b0,1647789511959,frontend-0,27.555,310,30.455,1.3254999999999981,43849.491,-2.8999999999999986,-1.475707280271597,-0.048540732298600786,,3004426
1cde296828dcfaff815e22580179e737,30f5a1428215f936,1647789284621,frontend-0,55.085,1234,58.5025,1.5610000000000035,53318.439,-3.417499999999997,-1.4766840166559851,-0.048540732298600786,,3002063
2a66c7f42ffd35f281c83d29753ad7e6,0dd7bf2601a5f58e,1647789873971,frontend-0,55.07,1234,58.5025,1.5610000000000035,53318.439,-3.4324999999999974,-1.483165438821264,-0.046906810021054846,,4534561
7de7b61e1f388b236be30482584c6e62,45b2f78cce08a841,1647788887582,frontend-2,62.833,362,67.275,2.0080000000000027,27147.171,-4.442000000000007,-1.492096115537849,-0.04769199841504723,,7577143
a4552fd2e7c00487a5806f78a944a722,3e4a8dd1dede3f2f,1647790112212,frontend-2,53.637,147,58.031,1.9810000000000016,60000.328,-4.393999999999998,-1.4960893488137286,-0.04653281188112546,,9115005
c3377ac1279495cec4a17523de50d2de,f07dcab19556c5a8,1647790112364,frontend-2,55.035,1234,58.5025,1.5610000000000035,53318.439,-3.467500000000001,-1.4982887572069157,-0.04653281188112546,,9115010
d7a941584725f0a1522b04bcb6df6d15,bae5d0f02eb47995,1647789598769,frontend-0,55.027,1234,58.5025,1.5610000000000035,53318.439,-3.4754999999999967,-1.5017455156950625,-0.04653281188112546,,4531700
ef037e2e73524e77438ad98b75c921da,e4a9a19c7856df85,1647789906400,frontend-2,55.013,1234,58.5025,1.5610000000000035,53318.439,-3.4894999999999996,-1.5077948430493238,-0.04605992326743885,,7587969
d34a68747d0d045a8a0af93e84702b2f,91b51e9fa4f94973,1647788558389,frontend-0,62.777,362,67.275,2.0080000000000027,27147.171,-4.498000000000005,-1.5109068725099597,-0.04605992326743885,,7573865
72bf80c9d400bcef5df7f184de6efa15,08975796eb4b7050,1647788599122,frontend-2,54.985,1234,58.5025,1.5610000000000035,53318.439,-3.5174999999999983,-1.5198934977578433,-0.04409969374126271,,2994890
f2f6d691122da95ac0356b8cab463593,95d2fbd8728bb029,1647789282486,frontend-0,54.985,1234,58.5025,1.5610000000000035,53318.439,-3.5174999999999983,-1.5198934977578433,-0.04409969374126271,,9106217
deb459a489997241d03c891078cb8830,461250952cbe0b07,1647788933184,frontend-0,79.035,102,93.9525,6.612499999999997,6746.74,-14.917500000000004,-1.5216413988657855,-0.04409969374126271,,6049306
9c5492e404df176374980c65e6a5ddc5,4ae273e91db0baf7,1647788618082,frontend-0,54.979,1234,58.5025,1.5610000000000035,53318.439,-3.5234999999999985,-1.5224860666239548,-0.0433903213625178,,2995072
94c73c4919dd6de7f61790aa96c69163,e45b6f967a2e33cd,1647789974109,frontend-0,54.961,1234,58.5025,1.5610000000000035,53318.439,-3.541499999999999,-1.5302637732222897,-0.04448320441968312,,6060283
040f3b3097898ba92227e4946074b922,aa8f981c829501cd,1647788568570,frontend-0,27.447,310,30.455,1.3254999999999981,43849.491,-3.007999999999999,-1.5306646548472294,-0.04390534887480951,,4520741
6b41011a87401a08d4b77b695b8e11dc,4a48005d7951a44b,1647788419914,frontend-0,62.702,362,67.275,2.0080000000000027,27147.171,-4.5730000000000075,-1.53609985059761,-0.04460002380864053,,2992959
6d3b50b086efd7748b0ab19ae7b7e6c9,fb0eefad5590161b,1647790104583,frontend-0,54.939,1234,58.5025,1.5610000000000035,53318.439,-3.5634999999999977,-1.5397698590646975,-0.04460002380864053,,4537073
6cda18f5c299ddc628b5a97747eaa003,5c38907494127731,1647789671692,frontend-0,54.936,1234,58.5025,1.5610000000000035,53318.439,-3.566499999999998,-1.5410661434977533,-0.04460002380864053,,3006147
229408b4a547b8a3688b3ee03ed35878,7397aa98ea8dbd91,1647789518988,frontend-0,54.936,1234,58.5025,1.5610000000000035,53318.439,-3.566499999999998,-1.5410661434977533,-0.04460002380864053,,4530885
ea5a0d5bf52bebf387e83a0a790b6cde,e608751f0ec89eb1,1647788894822,frontend-0,53.501,147,58.031,1.9810000000000016,60000.328,-4.530000000000001,-1.5423952549217559,-0.04460002380864053,,2997906
117a19448ff1d8afb673a8fda95b9040,889a2631f5432ea0,1647789808891,frontend-0,54.929,1234,58.5025,1.5610000000000035,53318.439,-3.5734999999999957,-1.5440908071748825,-0.04460002380864053,,7586973
bcc6e6367d41a5defd0492b3c8b23162,0e1362226ce03995,1647789560454,frontend-0,54.915,1234,58.5025,1.5610000000000035,53318.439,-3.5874999999999986,-1.550140134529144,-0.04174505599734807,,6056030
0df10a44e1be02d261ddc6598a8cbbf3,3c2e2f5b469fa7d9,1647790041098,frontend-0,27.394,310,30.455,1.3254999999999981,43849.491,-3.061,-1.5576344775556417,-0.04174505599734807,,3009972
08503303a074430a4cc71d8c004ea877,c0a21fc4ee467ba4,1647788985954,frontend-0,54.889,1234,58.5025,1.5610000000000035,53318.439,-3.613499999999995,-1.5613745996156254,-0.04174505599734807,,6049857
eced2982be1920a0d28b3129359553a7,ac8021fe9f395479,1647789966133,frontend-0,54.886,1234,58.5025,1.5610000000000035,53318.439,-3.616499999999995,-1.562670884048681,-0.04009288331266797,,9113424
c1583846e13326bb44fa53a738f47806,e4b8ea05c60a2986,1647789604904,frontend-0,62.603,362,67.275,2.0080000000000027,27147.171,-4.672000000000004,-1.569354581673306,-0.04009288331266797,,3005475
a6b34831cc515ccf2bbed2cf9f8e7b5b,45a761933fa22682,1647788502853,frontend-0,54.862,1234,58.5025,1.5610000000000035,53318.439,-3.640499999999996,-1.5730411595131273,-0.03889113250083093,,7573335
83f8d402d99cc8b0092c51fd915b0989,1168d87a95a0067e,1647789579720,frontend-2,54.855,1234,58.5025,1.5610000000000035,53318.439,-3.647500000000001,-1.5760658231902596,-0.03422861489057599,,3005154
40df899463272d87ba38e9108700613c,e13432c245e0b590,1647789849407,frontend-0,62.581,362,67.275,2.0080000000000027,27147.171,-4.694000000000003,-1.5767445219123495,-0.03422861489057599,,3007998
0d5bc70ed2832689076117f334783d99,2e91991007cd5b74,1647788518237,frontend-0,54.786,1234,58.5025,1.5610000000000035,53318.439,-3.7164999999999964,-1.6058803651505393,-0.03181231485643293,,2994049
dc2d587e11e189ded834d394d5fd4c66,6c33a07badd3b240,1647788772692,frontend-0,54.785,1234,58.5025,1.5610000000000035,53318.439,-3.717500000000001,-1.60631245996156,-0.03181231485643293,,7575943
e73d9753675385499c940ad00cd114b5,e88b96ca91f57a0c,1647788511182,frontend-0,54.761,1234,58.5025,1.5610000000000035,53318.439,-3.741499999999995,-1.616682735426003,-0.032082382979791546,,9098232
10386ce58ffa02e583b32a7c6cf7dd57,322414d59ce10acd,1647789105386,frontend-0,54.757,1234,58.5025,1.5610000000000035,53318.439,-3.7455,-1.6184111146700797,-0.032082382979791546,,4526313
eb307643ae52d0ea885543451e74675b,c96f8b5a11d12063,1647789526103,frontend-0,54.743,1234,58.5025,1.5610000000000035,53318.439,-3.7594999999999956,-1.6244604420243378,-0.030205108430708116,,3004555
e00ae65b34e6b6eace13e9b55ff6ed89,8fa80778458adbd1,1647790044650,frontend-0,53.247,147,58.031,1.9810000000000016,60000.328,-4.783999999999999,-1.6288783442705688,-0.02997403282908978,,6061076
66971053978694f0ef4c3495100fd1e3,400e4ccaf9316e3f,1647789452218,frontend-0,54.717,1234,58.5025,1.5610000000000035,53318.439,-3.785499999999999,-1.6356949071108222,-0.02997403282908978,,6054885
fc4a4e2605d9232e6013a3490b3e57ff,6c7c20181fb5da80,1647789475533,frontend-0,62.405,362,67.275,2.0080000000000027,27147.171,-4.8700000000000045,-1.6358640438247005,-0.02997403282908978,,6055142
7cbac9c5988ea2a7364f08bf3782112c,7ab8083294643af5,1647789713003,frontend-0,62.386,362,67.275,2.0080000000000027,27147.171,-4.889000000000003,-1.6422462649402376,-0.02942442751806401,,7586008
029a798fa16955c53e5f25044fea6145,70276311526a74a9,1647789563290,frontend-0,54.674,1234,58.5025,1.5610000000000035,53318.439,-3.8284999999999982,-1.6542749839846207,-0.029063614547856942,,3004954
fe2c37f6057996a8c9339700cabe4c67,b5b766de96f672f7,1647789598828,frontend-0,62.344,362,67.275,2.0080000000000027,27147.171,-4.9310000000000045,-1.656354332669322,-0.029063614547856942,,6056450
ec72f2bcf9566a8c59f276a1dfe2b486,dd29ba967607994a,1647788769465,frontend-0,54.64,1234,58.5025,1.5610000000000035,53318.439,-3.862499999999997,-1.6689662075592517,-0.02798740949783829,,9100728
d614510bcbaf42ddf5817ec7b808e58c,a5ac19644cad6bd2,1647790031826,frontend-0,10.211,204,11.328,0.4504999999999999,16.977,-1.116999999999999,-1.672400665926747,-0.02798740949783829,,4536253
6736b0d0907dabcab6946d53fe15c107,db427a8a533bd8c6,1647789649463,frontend-0,54.627,1234,58.5025,1.5610000000000035,53318.439,-3.8754999999999953,-1.6745834401024926,-0.02798740949783829,,4532211
5bf10a64e12faa86d9e2b4e725c61f3a,efe8a5993a6ef810,1647789530178,frontend-2,62.269,362,67.275,2.0080000000000027,27147.171,-5.006000000000007,-1.6815473107569723,-0.02798740949783829,,6055717
7898ac11679f8256154e30dacc7c7a45,61eaa0f7252f27f0,1647789613495,frontend-2,54.572,1234,58.5025,1.5610000000000035,53318.439,-3.930499999999995,-1.6983486547085143,-0.026862224483858055,,4531871
c0d1b23cc4e7ac0a62547679f94eba34,f2ce7ce0065ae04d,1647790033462,frontend-0,54.56,1234,58.5025,1.5610000000000035,53318.439,-3.9424999999999955,-1.7035337924407374,-0.026862224483858055,,9114165
aa51f170771a51300b7d704884c09c75,df71f54644173098,1647789698878,frontend-0,53.013,147,58.031,1.9810000000000016,60000.328,-5.018000000000001,-1.7085517415446732,-0.024013932392965898,,9110705
a90f1dd8b9a9ca961cb4f19fc8ed8f44,fa04683c64185447,1647788629168,frontend-0,54.537,1234,58.5025,1.5610000000000035,53318.439,-3.9654999999999987,-1.713471973094166,-0.024013932392965898,,7574568
7782a56796396201ce0cd9b709b358ee,d450f6ac21e82807,1647788832942,frontend-2,0.14,207,0.181,0.015999999999999986,0.938,-0.04099999999999998,-1.7284062500000008,-0.019749021573745473,,9101407
4cf8c4addc383176840af9d91b6f8ca4,513bba83294ade6d,1647789415547,frontend-2,54.462,1234,58.5025,1.5610000000000035,53318.439,-4.040499999999994,-1.7458790839205574,-0.017204762372819538,,4529711
efb5a586a5131cee177b45a123448ac0,e1ea60c79fce5a9f,1647788810989,frontend-0,76.783,102,93.9525,6.612499999999997,6746.74,-17.1695,-1.751353913043479,-0.016363780868786648,,2996982
773f72773e11f24a7a243e74ee63bfaf,44e439e0904d77de,1647789420619,frontend-2,54.444,1234,58.5025,1.5610000000000035,53318.439,-4.058499999999995,-1.7536567905188922,-0.016363780868786648,,7582832
84bd6f1a17ba99b9792a5ab3440cc72d,3397a32697c7d575,1647788618181,frontend-2,54.399,1234,58.5025,1.5610000000000035,53318.439,-4.103499999999997,-1.773101057014729,-0.01434852323637642,,2995067
464a1dca202ad69b2d59d5e936db8faa,b83471dd4f7f6214,1647789989344,frontend-0,54.386,1234,58.5025,1.5610000000000035,53318.439,-4.116499999999995,-1.7787182895579694,-0.014032696319802807,,7588772
d26e0dbb69a91961406a1aa7a5dd5e39,52aa9228c31ec7e9,1647789083272,frontend-0,54.363,1234,58.5025,1.5610000000000035,53318.439,-4.139499999999998,-1.788656470211398,-0.013316581843195896,,4526123
dc26ef93fd9105b1d31f6e430597d41a,8de4d096d5fba011,1647789420603,frontend-2,54.356,1234,58.5025,1.5610000000000035,53318.439,-4.146499999999996,-1.7916811338885275,-0.013316581843195896,,9107639
642a49ed5f8ed91efba45a64915c6c63,a60c62e37a191e04,1647789259246,frontend-0,54.333,1234,58.5025,1.5610000000000035,53318.439,-4.169499999999999,-1.8016193145419561,-0.013316581843195896,,4528051
07f5e65b5e689a6ca028f3b072225c7f,79a64b18a966f4d6,1647789839404,frontend-2,54.32,1234,58.5025,1.5610000000000035,53318.439,-4.182499999999997,-1.8072365470851968,-0.013316581843195896,,6058940
003f304b1d46222e952b7e8916a4573f,9afe30f47118b072,1647789013298,frontend-0,61.894,362,67.275,2.0080000000000027,27147.171,-5.381000000000007,-1.807512201195219,-0.013316581843195896,,6050174
6bc9534962f59de338a087c88bb75acb,744fffacd9b7dbd4,1647788499798,frontend-0,54.306,1234,58.5025,1.5610000000000035,53318.439,-4.1965,-1.813285874439458,-0.008582359359884772,,6044803
472a05770f08f9b1be1732ce91f5c9a3,7dc59a4294147d55,1647788979512,frontend-2,10.098,204,11.328,0.4504999999999999,16.977,-1.2299999999999986,-1.8415871254162026,-0.007549122719513024,,2998753
ae186890820baebe459e1c19af261cd7,011fd125f418dc8d,1647789699130,frontend-0,61.78,362,67.275,2.0080000000000027,27147.171,-5.4950000000000045,-1.8458055278884453,-0.007549122719513024,,9110716
70bfa56a6f3d8d9afe84f454b629c17e,8b02b86080b866c0,1647789742430,frontend-2,54.211,1234,58.5025,1.5610000000000035,53318.439,-4.291499999999999,-1.8543348814862224,-0.007549122719513024,,9111146
4f3b0f6dab72f36455f59f61a5828c7f,425defc083ce20f4,1647788534163,frontend-0,10.082,204,11.328,0.4504999999999999,16.977,-1.2459999999999987,-1.8655427302996652,-0.007549122719513024,,6045133
9ddff0cf1e3d1ffbc4e0fcef6defa770,fc8ac128d0aefb24,1647788833891,frontend-2,54.185,1234,58.5025,1.5610000000000035,53318.439,-4.3174999999999955,-1.8655693465727035,-0.007549122719513024,,6048225
339c16a7181b7e8c1f1d55316eb30e01,7a288ec7a8968f78,1647789294736,frontend-0,54.162,1234,58.5025,1.5610000000000035,53318.439,-4.340499999999999,-1.8755075272261321,-0.004778111263023299,,4528417
26d99336cd74b2225f4af6009c19dd6d,d689d8be95916df9,1647789649463,frontend-2,10.068,204,11.328,0.4504999999999999,16.977,-1.2599999999999998,-1.886503884572697,-0.0014572976114993752,,3005909
9d798349b810186f48df61a48b51738f,7d622391b04582cd,1647790101084,frontend-2,54.135,1234,58.5025,1.5610000000000035,53318.439,-4.3675,-1.8871740871236344,-0.0014572976114993752,,3010611
64e42db39e9db8b9618e173e3d59feef,9d46446c42d4804b,1647789159425,frontend-2,0.136,207,0.181,0.015999999999999986,0.938,-0.044999999999999984,-1.897031250000001,-0.0010371522671145383,,3000719
e59ded4891de2d1e8e7a08d1b9fb2e1a,be6c72c92dc3a9ad,1647789287101,frontend-2,0.136,207,0.181,0.015999999999999986,0.938,-0.044999999999999984,-1.897031250000001,-0.0010371522671145383,,6053118
69b36ec8d4ca64dcd0ab92f58018cc09,90633cdca99bcdf9,1647788637223,frontend-0,54.077,1234,58.5025,1.5610000000000035,53318.439,-4.4254999999999995,-1.9122355861627116,-0.0010371522671145383,,6046221
396b72de59a56c198c243ac6df920502,62d721ced2b4c29e,1647788597754,frontend-2,54.005,1234,58.5025,1.5610000000000035,53318.439,-4.497499999999995,-1.9433464125560473,0.0024081652705926215,,6045807
4ae4702396f818ec01d6baf2bb8f2f30,6dac41dabd37c7e0,1647789373904,frontend-2,54.0,1234,58.5025,1.5610000000000035,53318.439,-4.502499999999998,-1.9455068866111414,0.0034553453401800494,,3002940
0eb9a56dc982dbf02e072dbd6190bded,02f50a9c51eb1171,1647790126873,frontend-0,53.982,1234,58.5025,1.5610000000000035,53318.439,-4.520499999999998,-1.953284593209476,0.0037494659400594266,,9115163
c3402972a6d9952f467da41e34f6fe4f,4a6fb46bd783263f,1647789964481,frontend-2,53.959,1234,58.5025,1.5610000000000035,53318.439,-4.5434999999999945,-1.9632227738629016,0.004338304470471677,,7588537
75b6de0185dde127d9819d71cd1b3f49,9a5b278cbd44f986,1647789649474,frontend-2,61.411,362,67.275,2.0080000000000027,27147.171,-5.864000000000004,-1.96975498007968,0.0076393679200391085,,3005914
cbabe393f8135796861a8f1e8c7c7d6d,47ed2d161b365e38,1647789475522,frontend-0,9.988,204,11.328,0.4504999999999999,16.977,-1.3399999999999999,-2.0062819089900112,0.01686620337420086,,6055137
872357529ea7b22e4f46b87a23920c42,2808e89e83308d87,1647788884144,frontend-0,52.129,147,58.031,1.9810000000000016,60000.328,-5.902000000000001,-2.0095401312468435,0.016563211170816328,,6048759
b4c3864c65d79b655f6da46cbbd460a7,3f5ab64c76c9e00c,1647790112297,frontend-0,53.842,1234,58.5025,1.5610000000000035,53318.439,-4.660499999999999,-2.013777866752077,0.016563211170816328,,9115019
967e32f6b7df3f6ee261a1ba4de0fc7c,b66f66db3333e2cc,1647788884133,frontend-0,9.969,204,11.328,0.4504999999999999,16.977,-1.359,-2.0347291897891235,0.01849846253409254,,9101920
2d02a781742a3543392e410e16b76d79,df3c80dd191e2bd3,1647789812318,frontend-2,53.787,1234,58.5025,1.5610000000000035,53318.439,-4.715499999999999,-2.037543081358099,0.01849846253409254,,3007610
4d55e7103b05c2be660b70fca838b5d0,aceaf55b97a48f65,1647789903331,frontend-2,9.957,204,11.328,0.4504999999999999,16.977,-1.3709999999999987,-2.0526958934517188,0.023732397386372173,,3008504
4a4d5850f44d552b85328232f537a6fd,ee920447995f2949,1647790004754,frontend-2,53.62,1234,58.5025,1.5610000000000035,53318.439,-4.8825,-2.1097029147982016,0.027376694184324202,,3009544
6990d29f26a678242885050b23e5baa7,21c23100b8120c3e,1647789151194,frontend-0,26.254,310,30.455,1.3254999999999981,43849.491,-4.200999999999997,-2.137740098076199,0.03057841516342974,,6051723
d8712e4f8612569838060f6972c39e43,c04a98b7e032fb13,1647789217284,frontend-2,53.475,1234,58.5025,1.5610000000000035,53318.439,-5.027499999999996,-2.1723566623958934,0.035630450459286866,,4527570
f3d41892778647cd7af2c5e7497a3f7f,c30837020a4fe151,1647790165919,frontend-2,0.128,207,0.181,0.015999999999999986,0.938,-0.05299999999999999,-2.2342812500000018,0.04085052919898857,,9115624
76c89aceab023385c8c4d4be0e6d82b4,bc6465cd5a842feb,1647789254656,frontend-2,9.834,204,11.328,0.4504999999999999,16.977,-1.4939999999999998,-2.236854605993341,0.04085052919898857,,7581159
1b78fc9b2b06cb007ef3dedabfd7f5cc,2d249e74eb406a38,1647789995400,frontend-0,53.312,1234,58.5025,1.5610000000000035,53318.439,-5.1905,-2.2427881165919232,0.04085052919898857,,9113716
42a64dd976eceacaff8e3f492a26877a,f65ae3b31d645b31,1647790069699,frontend-2,53.225,1234,58.5025,1.5610000000000035,53318.439,-5.277499999999996,-2.280380365150538,0.04573459343633207,,3010284
3e3238e7c7c43ed5437d743c0c74f9fe,d02b2bd4adabcdba,1647789179659,frontend-2,53.14,1234,58.5025,1.5610000000000035,53318.439,-5.362499999999997,-2.317108424087117,0.04697886092886089,,6052053
1ed94ee7a538b80fde1b3106969ad451,a549c31b4229fb0e,1647788467141,frontend-0,9.77,204,11.328,0.4504999999999999,16.977,-1.5579999999999998,-2.3326770255271922,0.04697886092886089,,4519673
a69b833947b543f7d3d8779735f1f579,1e9303c18640cfc6,1647789591749,frontend-0,9.752,204,11.328,0.4504999999999999,16.977,-1.5759999999999987,-2.3596270810210864,0.0500602006148716,,3005307
8024bfcd5280d09194219c8c6b853337,8fdad3eb2b53b8f6,1647789279912,frontend-2,53.033,1234,58.5025,1.5610000000000035,53318.439,-5.4694999999999965,-2.3633425688661047,0.0500602006148716,,6053042
b17bd63f148a41ddb0d4a77877d04afa,be7629d8d1e68dc0,1647789645409,frontend-0,53.007,1234,58.5025,1.5610000000000035,53318.439,-5.4955,-2.374577033952589,0.0500602006148716,,3005879
5615c429f926392226a81361b03d2214,35f9bbbfce927dbf,1647789581624,frontend-0,9.72,204,11.328,0.4504999999999999,16.977,-1.6079999999999988,-2.407538290788012,0.05308838919907122,,9109414
daee3d14c59031508293be4833655e2b,0ad852a4de48a547,1647788434944,frontend-2,9.712,204,11.328,0.4504999999999999,16.977,-1.6159999999999997,-2.419516093229745,0.05539483271270318,,4519312
9dd6d1e11762c6b7abc11ed4221164c9,052ee5f248e98860,1647789404813,frontend-0,52.848,1234,58.5025,1.5610000000000035,53318.439,-5.654499999999999,-2.4432801089045424,0.05539483271270318,,9107473
7b624730a2d6428c42e9b6a4cbaeba7c,d8a5654dbef0d4fb,1647789306232,frontend-2,52.847,1234,58.5025,1.5610000000000035,53318.439,-5.655499999999996,-2.44371220371556,0.05539483271270318,,4528542
414aab245caa6aa9bee51e59d1471e25,7bb39eaaaf9d8136,1647788878468,frontend-0,52.751,1234,58.5025,1.5610000000000035,53318.439,-5.7515,-2.485193305573345,0.05973400242411486,,6048686
16822d48deafa503cf2602a09b540117,1eb2541f59166be6,1647788840005,frontend-2,52.685,1234,58.5025,1.5610000000000035,53318.439,-5.8174999999999955,-2.513711563100569,0.05973400242411486,,9101521
2f9bf2724c20bb10b3bcbf3d3b47638b,cbdb15cce88b7262,1647789436159,frontend-0,52.519,1234,58.5025,1.5610000000000035,53318.439,-5.983499999999999,-2.5854393017296546,0.06515732512815348,,7583026
7959a20862f22d482e6483836c7438b5,6d8bf2463913c28b,1647789967536,frontend-2,52.138,1234,58.5025,1.5610000000000035,53318.439,-6.3645,-2.750067424727732,0.07370549799453924,,6060223
37d9be4abbb78cab4aa7f726a8cc2562,c2b9bc532d72f6e1,1647789415550,frontend-2,51.03,1234,58.5025,1.5610000000000035,53318.439,-7.472499999999997,-3.228828475336314,0.07781003961292882,,3003375
7aa6a5e7b62ebe27e98afcc40869cc7f,045df32e204b212b,1647789315286,frontend-2,50.989,1234,58.5025,1.5610000000000035,53318.439,-7.5135000000000005,-3.2465443625880774,0.07781003961292882,,9106528
317b93d8e411cd545e75cbe6ee1ee39f,5131381f175e1d98,1647789064526,frontend-2,9.016,204,11.328,0.4504999999999999,16.977,-2.3119999999999994,-3.461584905660377,0.07781003961292882,,2999686
